,sample_n,run_id,v_type
0,5,0,background
1,1,0,background
2,1,0,background
3,1,0,background
4,1,0,background
5,1,0,background
0,2,0,identity
1,5,0,identity
2,1,0,identity
3,2,0,identity
4,1,0,identity
5,2,0,identity
0,4,0,number
1,3,0,number
2,3,0,number
3,1,0,number
4,1,0,number
5,2,0,number
0,7,0,pose
1,1,0,pose
2,1,0,pose
3,1,0,pose
4,1,0,pose
5,37,0,pose
0,4,0,animacy
1,1,0,animacy
2,1,0,animacy
3,1,0,animacy
4,1,0,animacy
5,1,0,animacy
0,7,1,background
1,1,1,background
2,1,1,background
3,1,1,background
4,1,1,background
5,1,1,background
0,7,1,identity
1,2,1,identity
2,1,1,identity
3,1,1,identity
4,1,1,identity
5,4,1,identity
0,7,1,number
1,1,1,number
2,1,1,number
3,1,1,number
4,1,1,number
5,1,1,number
0,7,1,pose
1,1,1,pose
2,1,1,pose
3,1,1,pose
4,1,1,pose
5,2,1,pose
0,8,1,animacy
1,1,1,animacy
2,1,1,animacy
3,1,1,animacy
4,1,1,animacy
5,8,1,animacy
0,5,2,background
1,6,2,background
2,1,2,background
3,14,2,background
4,4,2,background
5,2,2,background
0,4,2,identity
1,8,2,identity
2,3,2,identity
3,9,2,identity
4,4,2,identity
5,6,2,identity
0,4,2,number
1,2,2,number
2,4,2,number
3,16,2,number
4,2,2,number
5,2,2,number
0,4,2,pose
1,7,2,pose
2,8,2,pose
3,2,2,pose
4,6,2,pose
5,15,2,pose
0,3,2,animacy
1,1,2,animacy
2,4,2,animacy
3,2,2,animacy
4,11,2,animacy
5,4,2,animacy
0,6,3,background
1,1,3,background
2,1,3,background
3,1,3,background
4,1,3,background
5,1,3,background
0,6,3,identity
1,1,3,identity
2,1,3,identity
3,1,3,identity
4,1,3,identity
5,1,3,identity
0,7,3,number
1,1,3,number
2,1,3,number
3,1,3,number
4,1,3,number
5,40,3,number
0,6,3,pose
1,1,3,pose
2,1,3,pose
3,1,3,pose
4,1,3,pose
5,1,3,pose
0,6,3,animacy
1,1,3,animacy
2,1,3,animacy
3,1,3,animacy
4,1,3,animacy
5,1,3,animacy
0,4,4,background
1,1,4,background
2,1,4,background
3,1,4,background
4,1,4,background
5,1,4,background
0,4,4,identity
1,1,4,identity
2,1,4,identity
3,1,4,identity
4,1,4,identity
5,7,4,identity
0,3,4,number
1,1,4,number
2,1,4,number
3,1,4,number
4,1,4,number
5,4,4,number
0,4,4,pose
1,1,4,pose
2,1,4,pose
3,1,4,pose
4,1,4,pose
5,2,4,pose
0,4,4,animacy
1,1,4,animacy
2,1,4,animacy
3,1,4,animacy
4,1,4,animacy
5,2,4,animacy
0,2,5,background
1,3,5,background
2,2,5,background
3,4,5,background
4,1,5,background
5,1,5,background
0,2,5,identity
1,3,5,identity
2,3,5,identity
3,1,5,identity
4,1,5,identity
5,6,5,identity
0,2,5,number
1,2,5,number
2,2,5,number
3,1,5,number
4,3,5,number
5,11,5,number
0,2,5,pose
1,2,5,pose
2,2,5,pose
3,4,5,pose
4,1,5,pose
5,5,5,pose
0,2,5,animacy
1,2,5,animacy
2,3,5,animacy
3,1,5,animacy
4,2,5,animacy
5,104,5,animacy
0,2,6,background
1,1,6,background
2,1,6,background
3,2,6,background
4,1,6,background
5,4,6,background
0,1,6,identity
1,1,6,identity
2,6,6,identity
3,1,6,identity
4,3,6,identity
5,3,6,identity
0,3,6,number
1,1,6,number
2,2,6,number
3,1,6,number
4,1,6,number
5,7,6,number
0,1,6,pose
1,1,6,pose
2,1,6,pose
3,1,6,pose
4,5,6,pose
5,31,6,pose
0,6,6,animacy
1,3,6,animacy
2,1,6,animacy
3,2,6,animacy
4,1,6,animacy
5,2,6,animacy
0,13,7,background
1,1,7,background
2,5,7,background
3,5,7,background
4,1,7,background
5,1,7,background
0,15,7,identity
1,2,7,identity
2,4,7,identity
3,4,7,identity
4,1,7,identity
5,4,7,identity
0,2,7,number
1,12,7,number
2,6,7,number
3,4,7,number
4,2,7,number
5,1,7,number
0,7,7,pose
1,7,7,pose
2,6,7,pose
3,3,7,pose
4,2,7,pose
5,4,7,pose
0,3,7,animacy
1,12,7,animacy
2,6,7,animacy
3,1,7,animacy
4,2,7,animacy
5,2,7,animacy
0,4,8,background
1,2,8,background
2,117,8,background
3,8,8,background
4,5,8,background
5,4,8,background
0,109,8,identity
1,13,8,identity
2,1,8,identity
3,1,8,identity
4,2,8,identity
5,13,8,identity
0,124,8,number
1,10,8,number
2,7,8,number
3,1,8,number
4,2,8,number
5,3,8,number
0,63,8,pose
1,58,8,pose
2,5,8,pose
3,4,8,pose
4,3,8,pose
5,4,8,pose
0,121,8,animacy
1,3,8,animacy
2,9,8,animacy
3,5,8,animacy
4,1,8,animacy
5,1,8,animacy
0,3,9,background
1,1,9,background
2,1,9,background
3,1,9,background
4,1,9,background
5,1,9,background
0,3,9,identity
1,1,9,identity
2,1,9,identity
3,1,9,identity
4,1,9,identity
5,4,9,identity
0,4,9,number
1,1,9,number
2,1,9,number
3,1,9,number
4,1,9,number
5,2,9,number
0,2,9,pose
1,1,9,pose
2,1,9,pose
3,1,9,pose
4,1,9,pose
5,2,9,pose
0,2,9,animacy
1,1,9,animacy
2,2,9,animacy
3,1,9,animacy
4,1,9,animacy
5,7,9,animacy
0,20,10,background
1,2,10,background
2,3,10,background
3,1,10,background
4,1,10,background
5,1,10,background
0,24,10,identity
1,1,10,identity
2,1,10,identity
3,1,10,identity
4,2,10,identity
5,4,10,identity
0,18,10,number
1,9,10,number
2,1,10,number
3,1,10,number
4,1,10,number
5,1,10,number
0,23,10,pose
1,1,10,pose
2,1,10,pose
3,1,10,pose
4,1,10,pose
5,1,10,pose
0,21,10,animacy
1,6,10,animacy
2,3,10,animacy
3,1,10,animacy
4,1,10,animacy
5,1,10,animacy
0,1,11,background
1,53,11,background
2,3,11,background
3,10,11,background
4,2,11,background
5,8,11,background
0,1,11,identity
1,39,11,identity
2,2,11,identity
3,8,11,identity
4,5,11,identity
5,1,11,identity
0,4,11,number
1,20,11,number
2,9,11,number
3,26,11,number
4,2,11,number
5,2,11,number
0,1,11,pose
1,48,11,pose
2,8,11,pose
3,7,11,pose
4,8,11,pose
5,3,11,pose
0,3,11,animacy
1,28,11,animacy
2,41,11,animacy
3,4,11,animacy
4,7,11,animacy
5,4,11,animacy
0,10,12,background
1,104,12,background
2,31,12,background
3,9,12,background
4,5,12,background
5,1,12,background
0,10,12,identity
1,8,12,identity
2,125,12,identity
3,10,12,identity
4,2,12,identity
5,6,12,identity
0,10,12,number
1,11,12,number
2,5,12,number
3,61,12,number
4,27,12,number
5,2,12,number
0,40,12,pose
1,40,12,pose
2,19,12,pose
3,34,12,pose
4,4,12,pose
5,5,12,pose
0,15,12,animacy
1,105,12,animacy
2,17,12,animacy
3,4,12,animacy
4,6,12,animacy
5,12,12,animacy
0,1,13,background
1,1,13,background
2,8,13,background
3,2,13,background
4,1,13,background
5,4,13,background
0,1,13,identity
1,1,13,identity
2,8,13,identity
3,4,13,identity
4,4,13,identity
5,4,13,identity
0,1,13,number
1,1,13,number
2,8,13,number
3,3,13,number
4,4,13,number
5,84,13,number
0,1,13,pose
1,1,13,pose
2,8,13,pose
3,4,13,pose
4,4,13,pose
5,106,13,pose
0,1,13,animacy
1,1,13,animacy
2,7,13,animacy
3,3,13,animacy
4,4,13,animacy
5,6,13,animacy
0,2,14,background
1,20,14,background
2,7,14,background
3,7,14,background
4,5,14,background
5,6,14,background
0,1,14,identity
1,21,14,identity
2,4,14,identity
3,7,14,identity
4,1,14,identity
5,38,14,identity
0,1,14,number
1,2,14,number
2,22,14,number
3,5,14,number
4,7,14,number
5,4,14,number
0,1,14,pose
1,23,14,pose
2,5,14,pose
3,8,14,pose
4,6,14,pose
5,2,14,pose
0,2,14,animacy
1,2,14,animacy
2,20,14,animacy
3,7,14,animacy
4,6,14,animacy
5,1,14,animacy
0,1,15,background
1,1,15,background
2,10,15,background
3,11,15,background
4,6,15,background
5,8,15,background
0,1,15,identity
1,1,15,identity
2,9,15,identity
3,10,15,identity
4,4,15,identity
5,1,15,identity
0,1,15,number
1,1,15,number
2,7,15,number
3,2,15,number
4,6,15,number
5,2,15,number
0,1,15,pose
1,1,15,pose
2,8,15,pose
3,8,15,pose
4,8,15,pose
5,3,15,pose
0,1,15,animacy
1,1,15,animacy
2,9,15,animacy
3,11,15,animacy
4,9,15,animacy
5,4,15,animacy
0,8,16,background
1,8,16,background
2,1,16,background
3,5,16,background
4,1,16,background
5,1,16,background
0,11,16,identity
1,5,16,identity
2,2,16,identity
3,1,16,identity
4,1,16,identity
5,2,16,identity
0,6,16,number
1,3,16,number
2,4,16,number
3,5,16,number
4,1,16,number
5,37,16,number
0,15,16,pose
1,3,16,pose
2,1,16,pose
3,3,16,pose
4,1,16,pose
5,1,16,pose
0,17,16,animacy
1,1,16,animacy
2,1,16,animacy
3,1,16,animacy
4,1,16,animacy
5,1,16,animacy
0,3,17,background
1,2,17,background
2,1,17,background
3,11,17,background
4,12,17,background
5,60,17,background
0,3,17,identity
1,3,17,identity
2,12,17,identity
3,1,17,identity
4,2,17,identity
5,7,17,identity
0,4,17,number
1,17,17,number
2,4,17,number
3,6,17,number
4,58,17,number
5,1,17,number
0,4,17,pose
1,1,17,pose
2,11,17,pose
3,1,17,pose
4,6,17,pose
5,3,17,pose
0,3,17,animacy
1,2,17,animacy
2,44,17,animacy
3,44,17,animacy
4,2,17,animacy
5,10,17,animacy
0,165,18,background
1,4,18,background
2,2,18,background
3,3,18,background
4,1,18,background
5,3,18,background
0,34,18,identity
1,96,18,identity
2,32,18,identity
3,5,18,identity
4,2,18,identity
5,2,18,identity
0,114,18,number
1,33,18,number
2,2,18,number
3,4,18,number
4,2,18,number
5,5,18,number
0,115,18,pose
1,17,18,pose
2,8,18,pose
3,27,18,pose
4,7,18,pose
5,18,18,pose
0,133,18,animacy
1,13,18,animacy
2,6,18,animacy
3,1,18,animacy
4,2,18,animacy
5,1,18,animacy
0,6,19,background
1,3,19,background
2,5,19,background
3,2,19,background
4,5,19,background
5,4,19,background
0,7,19,identity
1,5,19,identity
2,4,19,identity
3,4,19,identity
4,5,19,identity
5,1,19,identity
0,6,19,number
1,4,19,number
2,5,19,number
3,4,19,number
4,5,19,number
5,26,19,number
0,6,19,pose
1,4,19,pose
2,4,19,pose
3,5,19,pose
4,4,19,pose
5,5,19,pose
0,6,19,animacy
1,4,19,animacy
2,4,19,animacy
3,4,19,animacy
4,5,19,animacy
5,1,19,animacy
0,13,20,background
1,4,20,background
2,2,20,background
3,1,20,background
4,1,20,background
5,1,20,background
0,13,20,identity
1,5,20,identity
2,2,20,identity
3,2,20,identity
4,1,20,identity
5,1,20,identity
0,14,20,number
1,5,20,number
2,1,20,number
3,1,20,number
4,1,20,number
5,5,20,number
0,14,20,pose
1,5,20,pose
2,1,20,pose
3,1,20,pose
4,1,20,pose
5,1,20,pose
0,14,20,animacy
1,5,20,animacy
2,2,20,animacy
3,1,20,animacy
4,1,20,animacy
5,1,20,animacy
0,47,21,background
1,2,21,background
2,18,21,background
3,12,21,background
4,2,21,background
5,12,21,background
0,3,21,identity
1,38,21,identity
2,8,21,identity
3,37,21,identity
4,2,21,identity
5,16,21,identity
0,65,21,number
1,4,21,number
2,18,21,number
3,9,21,number
4,15,21,number
5,40,21,number
0,24,21,pose
1,11,21,pose
2,14,21,pose
3,14,21,pose
4,3,21,pose
5,6,21,pose
0,37,21,animacy
1,26,21,animacy
2,16,21,animacy
3,2,21,animacy
4,19,21,animacy
5,1,21,animacy
0,3,22,background
1,2,22,background
2,3,22,background
3,4,22,background
4,7,22,background
5,3,22,background
0,3,22,identity
1,8,22,identity
2,2,22,identity
3,2,22,identity
4,2,22,identity
5,4,22,identity
0,3,22,number
1,12,22,number
2,3,22,number
3,4,22,number
4,3,22,number
5,14,22,number
0,9,22,pose
1,4,22,pose
2,2,22,pose
3,4,22,pose
4,7,22,pose
5,32,22,pose
0,8,22,animacy
1,3,22,animacy
2,5,22,animacy
3,3,22,animacy
4,1,22,animacy
5,1,22,animacy
0,7,23,background
1,1,23,background
2,1,23,background
3,1,23,background
4,1,23,background
5,1,23,background
0,6,23,identity
1,2,23,identity
2,1,23,identity
3,1,23,identity
4,1,23,identity
5,1,23,identity
0,7,23,number
1,1,23,number
2,1,23,number
3,1,23,number
4,1,23,number
5,1,23,number
0,5,23,pose
1,2,23,pose
2,1,23,pose
3,1,23,pose
4,1,23,pose
5,45,23,pose
0,7,23,animacy
1,1,23,animacy
2,2,23,animacy
3,1,23,animacy
4,1,23,animacy
5,1,23,animacy
0,2,24,background
1,3,24,background
2,26,24,background
3,5,24,background
4,10,24,background
5,9,24,background
0,1,24,identity
1,4,24,identity
2,26,24,identity
3,11,24,identity
4,9,24,identity
5,2,24,identity
0,1,24,number
1,3,24,number
2,25,24,number
3,11,24,number
4,4,24,number
5,13,24,number
0,1,24,pose
1,2,24,pose
2,24,24,pose
3,10,24,pose
4,11,24,pose
5,9,24,pose
0,1,24,animacy
1,1,24,animacy
2,33,24,animacy
3,12,24,animacy
4,13,24,animacy
5,4,24,animacy
0,29,25,background
1,1,25,background
2,1,25,background
3,3,25,background
4,2,25,background
5,1,25,background
0,25,25,identity
1,1,25,identity
2,2,25,identity
3,3,25,identity
4,1,25,identity
5,4,25,identity
0,27,25,number
1,3,25,number
2,2,25,number
3,2,25,number
4,1,25,number
5,12,25,number
0,27,25,pose
1,6,25,pose
2,1,25,pose
3,1,25,pose
4,1,25,pose
5,1,25,pose
0,28,25,animacy
1,3,25,animacy
2,1,25,animacy
3,2,25,animacy
4,1,25,animacy
5,2,25,animacy
0,113,26,background
1,15,26,background
2,1,26,background
3,6,26,background
4,2,26,background
5,5,26,background
0,12,26,identity
1,99,26,identity
2,18,26,identity
3,3,26,identity
4,4,26,identity
5,4,26,identity
0,42,26,number
1,70,26,number
2,5,26,number
3,2,26,number
4,3,26,number
5,7,26,number
0,15,26,pose
1,9,26,pose
2,84,26,pose
3,8,26,pose
4,5,26,pose
5,3,26,pose
0,113,26,animacy
1,2,26,animacy
2,2,26,animacy
3,12,26,animacy
4,4,26,animacy
5,7,26,animacy
0,1,27,background
1,1,27,background
2,1,27,background
3,21,27,background
4,24,27,background
5,4,27,background
0,1,27,identity
1,17,27,identity
2,7,27,identity
3,12,27,identity
4,2,27,identity
5,7,27,identity
0,1,27,number
1,1,27,number
2,1,27,number
3,33,27,number
4,16,27,number
5,1,27,number
0,1,27,pose
1,1,27,pose
2,1,27,pose
3,37,27,pose
4,15,27,pose
5,5,27,pose
0,19,27,animacy
1,1,27,animacy
2,1,27,animacy
3,23,27,animacy
4,12,27,animacy
5,2,27,animacy
0,15,28,background
1,5,28,background
2,3,28,background
3,2,28,background
4,2,28,background
5,2,28,background
0,17,28,identity
1,4,28,identity
2,3,28,identity
3,2,28,identity
4,2,28,identity
5,8,28,identity
0,16,28,number
1,4,28,number
2,4,28,number
3,2,28,number
4,2,28,number
5,1,28,number
0,17,28,pose
1,5,28,pose
2,3,28,pose
3,1,28,pose
4,2,28,pose
5,3,28,pose
0,16,28,animacy
1,5,28,animacy
2,3,28,animacy
3,3,28,animacy
4,2,28,animacy
5,2,28,animacy
0,1,29,background
1,1,29,background
2,28,29,background
3,1,29,background
4,1,29,background
5,1,29,background
0,1,29,identity
1,1,29,identity
2,1,29,identity
3,1,29,identity
4,23,29,identity
5,1,29,identity
0,1,29,number
1,1,29,number
2,1,29,number
3,27,29,number
4,1,29,number
5,1,29,number
0,1,29,pose
1,33,29,pose
2,1,29,pose
3,1,29,pose
4,1,29,pose
5,51,29,pose
0,1,29,animacy
1,1,29,animacy
2,28,29,animacy
3,1,29,animacy
4,1,29,animacy
5,1,29,animacy
0,107,30,background
1,6,30,background
2,29,30,background
3,3,30,background
4,8,30,background
5,4,30,background
0,7,30,identity
1,89,30,identity
2,53,30,identity
3,5,30,identity
4,1,30,identity
5,1,30,identity
0,6,30,number
1,135,30,number
2,11,30,number
3,8,30,number
4,2,30,number
5,6,30,number
0,15,30,pose
1,90,30,pose
2,50,30,pose
3,1,30,pose
4,3,30,pose
5,64,30,pose
0,144,30,animacy
1,2,30,animacy
2,3,30,animacy
3,2,30,animacy
4,4,30,animacy
5,1,30,animacy
0,5,31,background
1,6,31,background
2,1,31,background
3,5,31,background
4,1,31,background
5,5,31,background
0,6,31,identity
1,11,31,identity
2,6,31,identity
3,4,31,identity
4,2,31,identity
5,6,31,identity
0,6,31,number
1,3,31,number
2,3,31,number
3,3,31,number
4,6,31,number
5,10,31,number
0,5,31,pose
1,5,31,pose
2,2,31,pose
3,4,31,pose
4,2,31,pose
5,2,31,pose
0,5,31,animacy
1,1,31,animacy
2,1,31,animacy
3,2,31,animacy
4,4,31,animacy
5,4,31,animacy
0,26,32,background
1,6,32,background
2,7,32,background
3,3,32,background
4,16,32,background
5,4,32,background
0,17,32,identity
1,11,32,identity
2,13,32,identity
3,12,32,identity
4,4,32,identity
5,4,32,identity
0,39,32,number
1,2,32,number
2,3,32,number
3,2,32,number
4,7,32,number
5,20,32,number
0,5,32,pose
1,21,32,pose
2,13,32,pose
3,14,32,pose
4,5,32,pose
5,4,32,pose
0,19,32,animacy
1,21,32,animacy
2,14,32,animacy
3,3,32,animacy
4,7,32,animacy
5,32,32,animacy
0,18,33,background
1,1,33,background
2,2,33,background
3,1,33,background
4,1,33,background
5,1,33,background
0,17,33,identity
1,1,33,identity
2,2,33,identity
3,1,33,identity
4,1,33,identity
5,4,33,identity
0,19,33,number
1,1,33,number
2,2,33,number
3,1,33,number
4,1,33,number
5,27,33,number
0,19,33,pose
1,4,33,pose
2,1,33,pose
3,2,33,pose
4,1,33,pose
5,1,33,pose
0,18,33,animacy
1,2,33,animacy
2,1,33,animacy
3,1,33,animacy
4,1,33,animacy
5,5,33,animacy
0,28,34,background
1,4,34,background
2,2,34,background
3,4,34,background
4,4,34,background
5,4,34,background
0,3,34,identity
1,24,34,identity
2,3,34,identity
3,3,34,identity
4,3,34,identity
5,2,34,identity
0,3,34,number
1,24,34,number
2,3,34,number
3,4,34,number
4,4,34,number
5,3,34,number
0,26,34,pose
1,4,34,pose
2,4,34,pose
3,4,34,pose
4,3,34,pose
5,5,34,pose
0,1,34,animacy
1,1,34,animacy
2,23,34,animacy
3,4,34,animacy
4,4,34,animacy
5,3,34,animacy
0,14,35,background
1,1,35,background
2,1,35,background
3,1,35,background
4,1,35,background
5,1,35,background
0,13,35,identity
1,2,35,identity
2,1,35,identity
3,1,35,identity
4,1,35,identity
5,1,35,identity
0,14,35,number
1,1,35,number
2,1,35,number
3,2,35,number
4,1,35,number
5,8,35,number
0,17,35,pose
1,1,35,pose
2,1,35,pose
3,1,35,pose
4,1,35,pose
5,1,35,pose
0,12,35,animacy
1,4,35,animacy
2,1,35,animacy
3,1,35,animacy
4,1,35,animacy
5,1,35,animacy
0,4,36,background
1,1,36,background
2,1,36,background
3,1,36,background
4,1,36,background
5,1,36,background
0,4,36,identity
1,1,36,identity
2,1,36,identity
3,1,36,identity
4,1,36,identity
5,1,36,identity
0,4,36,number
1,1,36,number
2,1,36,number
3,1,36,number
4,1,36,number
5,2,36,number
0,4,36,pose
1,1,36,pose
2,1,36,pose
3,1,36,pose
4,1,36,pose
5,1,36,pose
0,4,36,animacy
1,1,36,animacy
2,1,36,animacy
3,1,36,animacy
4,1,36,animacy
5,1,36,animacy
0,5,37,background
1,2,37,background
2,1,37,background
3,1,37,background
4,1,37,background
5,1,37,background
0,5,37,identity
1,2,37,identity
2,1,37,identity
3,1,37,identity
4,1,37,identity
5,1,37,identity
0,5,37,number
1,3,37,number
2,1,37,number
3,1,37,number
4,1,37,number
5,6,37,number
0,5,37,pose
1,1,37,pose
2,1,37,pose
3,1,37,pose
4,1,37,pose
5,7,37,pose
0,5,37,animacy
1,2,37,animacy
2,1,37,animacy
3,1,37,animacy
4,1,37,animacy
5,3,37,animacy
0,3,38,background
1,17,38,background
2,25,38,background
3,1,38,background
4,3,38,background
5,3,38,background
0,21,38,identity
1,24,38,identity
2,2,38,identity
3,4,38,identity
4,1,38,identity
5,1,38,identity
0,9,38,number
1,21,38,number
2,3,38,number
3,5,38,number
4,3,38,number
5,1,38,number
0,18,38,pose
1,1,38,pose
2,28,38,pose
3,3,38,pose
4,2,38,pose
5,1,38,pose
0,12,38,animacy
1,20,38,animacy
2,1,38,animacy
3,1,38,animacy
4,16,38,animacy
5,5,38,animacy
0,88,39,background
1,2,39,background
2,14,39,background
3,5,39,background
4,16,39,background
5,3,39,background
0,73,39,identity
1,8,39,identity
2,1,39,identity
3,4,39,identity
4,23,39,identity
5,37,39,identity
0,85,39,number
1,19,39,number
2,9,39,number
3,2,39,number
4,4,39,number
5,1,39,number
0,71,39,pose
1,14,39,pose
2,3,39,pose
3,18,39,pose
4,6,39,pose
5,25,39,pose
0,60,39,animacy
1,37,39,animacy
2,17,39,animacy
3,4,39,animacy
4,7,39,animacy
5,9,39,animacy
0,3,40,background
1,3,40,background
2,3,40,background
3,3,40,background
4,3,40,background
5,3,40,background
0,3,40,identity
1,3,40,identity
2,3,40,identity
3,4,40,identity
4,1,40,identity
5,8,40,identity
0,3,40,number
1,3,40,number
2,3,40,number
3,4,40,number
4,3,40,number
5,7,40,number
0,4,40,pose
1,2,40,pose
2,3,40,pose
3,3,40,pose
4,2,40,pose
5,4,40,pose
0,3,40,animacy
1,3,40,animacy
2,4,40,animacy
3,3,40,animacy
4,3,40,animacy
5,4,40,animacy
0,3,41,background
1,2,41,background
2,1,41,background
3,2,41,background
4,203,41,background
5,116,41,background
0,1,41,identity
1,2,41,identity
2,3,41,identity
3,2,41,identity
4,15,41,identity
5,7,41,identity
0,1,41,number
1,5,41,number
2,2,41,number
3,31,41,number
4,96,41,number
5,19,41,number
0,5,41,pose
1,1,41,pose
2,4,41,pose
3,20,41,pose
4,341,41,pose
5,1,41,pose
0,4,41,animacy
1,2,41,animacy
2,1,41,animacy
3,24,41,animacy
4,261,41,animacy
5,3,41,animacy
0,13,42,background
1,1,42,background
2,1,42,background
3,1,42,background
4,1,42,background
5,1,42,background
0,12,42,identity
1,2,42,identity
2,1,42,identity
3,1,42,identity
4,1,42,identity
5,1,42,identity
0,13,42,number
1,1,42,number
2,1,42,number
3,1,42,number
4,1,42,number
5,1,42,number
0,9,42,pose
1,4,42,pose
2,1,42,pose
3,1,42,pose
4,1,42,pose
5,1,42,pose
0,13,42,animacy
1,1,42,animacy
2,1,42,animacy
3,1,42,animacy
4,1,42,animacy
5,1,42,animacy
0,11,43,background
1,10,43,background
2,9,43,background
3,6,43,background
4,9,43,background
5,5,43,background
0,15,43,identity
1,11,43,identity
2,8,43,identity
3,6,43,identity
4,8,43,identity
5,2,43,identity
0,13,43,number
1,12,43,number
2,9,43,number
3,8,43,number
4,9,43,number
5,1,43,number
0,12,43,pose
1,12,43,pose
2,10,43,pose
3,7,43,pose
4,7,43,pose
5,8,43,pose
0,12,43,animacy
1,12,43,animacy
2,8,43,animacy
3,4,43,animacy
4,7,43,animacy
5,1,43,animacy
0,26,44,background
1,9,44,background
2,7,44,background
3,5,44,background
4,5,44,background
5,9,44,background
0,24,44,identity
1,17,44,identity
2,5,44,identity
3,4,44,identity
4,7,44,identity
5,2,44,identity
0,9,44,number
1,7,44,number
2,23,44,number
3,7,44,number
4,6,44,number
5,57,44,number
0,29,44,pose
1,8,44,pose
2,5,44,pose
3,9,44,pose
4,5,44,pose
5,12,44,pose
0,9,44,animacy
1,11,44,animacy
2,7,44,animacy
3,6,44,animacy
4,10,44,animacy
5,1,44,animacy
0,36,45,background
1,49,45,background
2,5,45,background
3,4,45,background
4,1,45,background
5,8,45,background
0,78,45,identity
1,1,45,identity
2,11,45,identity
3,1,45,identity
4,5,45,identity
5,4,45,identity
0,66,45,number
1,23,45,number
2,5,45,number
3,11,45,number
4,8,45,number
5,1,45,number
0,76,45,pose
1,7,45,pose
2,15,45,pose
3,1,45,pose
4,30,45,pose
5,3,45,pose
0,56,45,animacy
1,25,45,animacy
2,31,45,animacy
3,1,45,animacy
4,16,45,animacy
5,2,45,animacy
0,2,46,background
1,31,46,background
2,5,46,background
3,66,46,background
4,34,46,background
5,20,46,background
0,2,46,identity
1,29,46,identity
2,17,46,identity
3,8,46,identity
4,27,46,identity
5,1,46,identity
0,2,46,number
1,44,46,number
2,88,46,number
3,51,46,number
4,6,46,number
5,42,46,number
0,2,46,pose
1,40,46,pose
2,49,46,pose
3,112,46,pose
4,7,46,pose
5,13,46,pose
0,2,46,animacy
1,40,46,animacy
2,37,46,animacy
3,35,46,animacy
4,6,46,animacy
5,3,46,animacy
0,7,47,background
1,8,47,background
2,3,47,background
3,2,47,background
4,2,47,background
5,4,47,background
0,1,47,identity
1,4,47,identity
2,12,47,identity
3,1,47,identity
4,3,47,identity
5,1,47,identity
0,1,47,number
1,15,47,number
2,1,47,number
3,1,47,number
4,2,47,number
5,6,47,number
0,1,47,pose
1,13,47,pose
2,2,47,pose
3,1,47,pose
4,2,47,pose
5,3,47,pose
0,1,47,animacy
1,14,47,animacy
2,3,47,animacy
3,3,47,animacy
4,2,47,animacy
5,2,47,animacy
0,9,48,background
1,3,48,background
2,3,48,background
3,2,48,background
4,1,48,background
5,2,48,background
0,8,48,identity
1,6,48,identity
2,1,48,identity
3,3,48,identity
4,1,48,identity
5,1,48,identity
0,7,48,number
1,8,48,number
2,2,48,number
3,1,48,number
4,1,48,number
5,4,48,number
0,6,48,pose
1,8,48,pose
2,3,48,pose
3,1,48,pose
4,1,48,pose
5,1,48,pose
0,8,48,animacy
1,4,48,animacy
2,3,48,animacy
3,2,48,animacy
4,3,48,animacy
5,2,48,animacy
0,1,49,background
1,1,49,background
2,1,49,background
3,8,49,background
4,91,49,background
5,46,49,background
0,1,49,identity
1,1,49,identity
2,1,49,identity
3,9,49,identity
4,102,49,identity
5,2,49,identity
0,1,49,number
1,1,49,number
2,10,49,number
3,4,49,number
4,84,49,number
5,8,49,number
0,1,49,pose
1,1,49,pose
2,9,49,pose
3,3,49,pose
4,105,49,pose
5,21,49,pose
0,1,49,animacy
1,17,49,animacy
2,72,49,animacy
3,13,49,animacy
4,32,49,animacy
5,1,49,animacy
0,6,50,background
1,41,50,background
2,3,50,background
3,3,50,background
4,3,50,background
5,1,50,background
0,12,50,identity
1,25,50,identity
2,3,50,identity
3,3,50,identity
4,9,50,identity
5,10,50,identity
0,12,50,number
1,28,50,number
2,6,50,number
3,2,50,number
4,8,50,number
5,3,50,number
0,9,50,pose
1,27,50,pose
2,10,50,pose
3,12,50,pose
4,1,50,pose
5,2,50,pose
0,4,50,animacy
1,30,50,animacy
2,12,50,animacy
3,4,50,animacy
4,1,50,animacy
5,2,50,animacy
0,64,51,background
1,25,51,background
2,5,51,background
3,25,51,background
4,20,51,background
5,18,51,background
0,108,51,identity
1,3,51,identity
2,34,51,identity
3,36,51,identity
4,1,51,identity
5,1,51,identity
0,49,51,number
1,26,51,number
2,31,51,number
3,24,51,number
4,39,51,number
5,1,51,number
0,120,51,pose
1,55,51,pose
2,2,51,pose
3,13,51,pose
4,5,51,pose
5,2,51,pose
0,118,51,animacy
1,15,51,animacy
2,47,51,animacy
3,2,51,animacy
4,2,51,animacy
5,1,51,animacy
0,40,52,background
1,3,52,background
2,3,52,background
3,5,52,background
4,4,52,background
5,1,52,background
0,31,52,identity
1,10,52,identity
2,2,52,identity
3,1,52,identity
4,2,52,identity
5,10,52,identity
0,36,52,number
1,7,52,number
2,3,52,number
3,1,52,number
4,1,52,number
5,1,52,number
0,32,52,pose
1,7,52,pose
2,3,52,pose
3,1,52,pose
4,4,52,pose
5,4,52,pose
0,39,52,animacy
1,1,52,animacy
2,2,52,animacy
3,1,52,animacy
4,4,52,animacy
5,1,52,animacy
0,23,53,background
1,4,53,background
2,10,53,background
3,10,53,background
4,15,53,background
5,3,53,background
0,24,53,identity
1,2,53,identity
2,8,53,identity
3,2,53,identity
4,5,53,identity
5,2,53,identity
0,23,53,number
1,14,53,number
2,3,53,number
3,10,53,number
4,11,53,number
5,1,53,number
0,24,53,pose
1,13,53,pose
2,6,53,pose
3,7,53,pose
4,1,53,pose
5,1,53,pose
0,21,53,animacy
1,5,53,animacy
2,2,53,animacy
3,3,53,animacy
4,9,53,animacy
5,1,53,animacy
0,1,54,background
1,2,54,background
2,2,54,background
3,1,54,background
4,2,54,background
5,1,54,background
0,1,54,identity
1,1,54,identity
2,1,54,identity
3,1,54,identity
4,1,54,identity
5,3,54,identity
0,1,54,number
1,3,54,number
2,1,54,number
3,1,54,number
4,1,54,number
5,1,54,number
0,1,54,pose
1,2,54,pose
2,2,54,pose
3,2,54,pose
4,1,54,pose
5,2,54,pose
0,1,54,animacy
1,1,54,animacy
2,1,54,animacy
3,2,54,animacy
4,1,54,animacy
5,1,54,animacy
0,4,55,background
1,5,55,background
2,5,55,background
3,3,55,background
4,3,55,background
5,8,55,background
0,5,55,identity
1,7,55,identity
2,3,55,identity
3,3,55,identity
4,4,55,identity
5,100,55,identity
0,4,55,number
1,4,55,number
2,3,55,number
3,5,55,number
4,8,55,number
5,42,55,number
0,3,55,pose
1,8,55,pose
2,7,55,pose
3,4,55,pose
4,4,55,pose
5,48,55,pose
0,4,55,animacy
1,5,55,animacy
2,3,55,animacy
3,3,55,animacy
4,3,55,animacy
5,15,55,animacy
0,26,56,background
1,23,56,background
2,7,56,background
3,4,56,background
4,6,56,background
5,13,56,background
0,41,56,identity
1,6,56,identity
2,1,56,identity
3,9,56,identity
4,5,56,identity
5,1,56,identity
0,16,56,number
1,15,56,number
2,22,56,number
3,7,56,number
4,5,56,number
5,1,56,number
0,33,56,pose
1,19,56,pose
2,2,56,pose
3,6,56,pose
4,8,56,pose
5,6,56,pose
0,36,56,animacy
1,4,56,animacy
2,13,56,animacy
3,1,56,animacy
4,19,56,animacy
5,5,56,animacy
0,1,57,background
1,1,57,background
2,1,57,background
3,1,57,background
4,1,57,background
5,1,57,background
0,2,57,identity
1,1,57,identity
2,1,57,identity
3,1,57,identity
4,1,57,identity
5,4,57,identity
0,2,57,number
1,1,57,number
2,1,57,number
3,1,57,number
4,1,57,number
5,1,57,number
0,2,57,pose
1,1,57,pose
2,1,57,pose
3,1,57,pose
4,1,57,pose
5,1,57,pose
0,2,57,animacy
1,1,57,animacy
2,1,57,animacy
3,1,57,animacy
4,1,57,animacy
5,4,57,animacy
0,66,58,background
1,12,58,background
2,12,58,background
3,19,58,background
4,12,58,background
5,9,58,background
0,66,58,identity
1,21,58,identity
2,22,58,identity
3,29,58,identity
4,9,58,identity
5,9,58,identity
0,63,58,number
1,13,58,number
2,14,58,number
3,16,58,number
4,15,58,number
5,45,58,number
0,61,58,pose
1,17,58,pose
2,43,58,pose
3,13,58,pose
4,16,58,pose
5,35,58,pose
0,55,58,animacy
1,13,58,animacy
2,25,58,animacy
3,13,58,animacy
4,9,58,animacy
5,3,58,animacy
0,30,59,background
1,5,59,background
2,5,59,background
3,6,59,background
4,6,59,background
5,6,59,background
0,32,59,identity
1,6,59,identity
2,5,59,identity
3,5,59,identity
4,4,59,identity
5,1,59,identity
0,16,59,number
1,12,59,number
2,6,59,number
3,6,59,number
4,6,59,number
5,4,59,number
0,17,59,pose
1,18,59,pose
2,5,59,pose
3,5,59,pose
4,6,59,pose
5,1,59,pose
0,24,59,animacy
1,7,59,animacy
2,8,59,animacy
3,6,59,animacy
4,5,59,animacy
5,3,59,animacy
0,2,60,background
1,1,60,background
2,1,60,background
3,1,60,background
4,1,60,background
5,1,60,background
0,2,60,identity
1,1,60,identity
2,1,60,identity
3,1,60,identity
4,1,60,identity
5,1,60,identity
0,1,60,number
1,1,60,number
2,1,60,number
3,1,60,number
4,1,60,number
5,1,60,number
0,2,60,pose
1,1,60,pose
2,1,60,pose
3,1,60,pose
4,1,60,pose
5,1,60,pose
0,2,60,animacy
1,1,60,animacy
2,1,60,animacy
3,1,60,animacy
4,1,60,animacy
5,8,60,animacy
0,28,61,background
1,1,61,background
2,1,61,background
3,1,61,background
4,1,61,background
5,1,61,background
0,28,61,identity
1,2,61,identity
2,1,61,identity
3,1,61,identity
4,1,61,identity
5,4,61,identity
0,27,61,number
1,3,61,number
2,1,61,number
3,1,61,number
4,1,61,number
5,32,61,number
0,25,61,pose
1,2,61,pose
2,2,61,pose
3,3,61,pose
4,1,61,pose
5,1,61,pose
0,28,61,animacy
1,3,61,animacy
2,1,61,animacy
3,1,61,animacy
4,1,61,animacy
5,11,61,animacy
0,151,62,background
1,28,62,background
2,3,62,background
3,1,62,background
4,2,62,background
5,3,62,background
0,1,62,identity
1,107,62,identity
2,46,62,identity
3,2,62,identity
4,23,62,identity
5,27,62,identity
0,170,62,number
1,8,62,number
2,1,62,number
3,5,62,number
4,3,62,number
5,15,62,number
0,1,62,pose
1,150,62,pose
2,14,62,pose
3,9,62,pose
4,6,62,pose
5,147,62,pose
0,5,62,animacy
1,155,62,animacy
2,14,62,animacy
3,1,62,animacy
4,10,62,animacy
5,99,62,animacy
0,39,63,background
1,2,63,background
2,1,63,background
3,1,63,background
4,1,63,background
5,1,63,background
0,35,63,identity
1,1,63,identity
2,1,63,identity
3,1,63,identity
4,6,63,identity
5,1,63,identity
0,40,63,number
1,1,63,number
2,2,63,number
3,1,63,number
4,1,63,number
5,1,63,number
0,41,63,pose
1,3,63,pose
2,1,63,pose
3,4,63,pose
4,1,63,pose
5,1,63,pose
0,44,63,animacy
1,1,63,animacy
2,1,63,animacy
3,1,63,animacy
4,1,63,animacy
5,3,63,animacy
0,1,64,background
1,1,64,background
2,1,64,background
3,1,64,background
4,1,64,background
5,1,64,background
0,1,64,identity
1,1,64,identity
2,1,64,identity
3,1,64,identity
4,1,64,identity
5,3,64,identity
0,1,64,number
1,1,64,number
2,1,64,number
3,1,64,number
4,1,64,number
5,1,64,number
0,1,64,pose
1,1,64,pose
2,1,64,pose
3,1,64,pose
4,1,64,pose
5,1,64,pose
0,1,64,animacy
1,1,64,animacy
2,1,64,animacy
3,1,64,animacy
4,1,64,animacy
5,4,64,animacy
0,45,65,background
1,4,65,background
2,8,65,background
3,7,65,background
4,4,65,background
5,8,65,background
0,44,65,identity
1,1,65,identity
2,10,65,identity
3,2,65,identity
4,5,65,identity
5,1,65,identity
0,37,65,number
1,20,65,number
2,3,65,number
3,4,65,number
4,3,65,number
5,1,65,number
0,37,65,pose
1,12,65,pose
2,6,65,pose
3,4,65,pose
4,2,65,pose
5,51,65,pose
0,37,65,animacy
1,1,65,animacy
2,3,65,animacy
3,18,65,animacy
4,1,65,animacy
5,5,65,animacy
0,21,66,background
1,1,66,background
2,1,66,background
3,3,66,background
4,1,66,background
5,1,66,background
0,17,66,identity
1,5,66,identity
2,1,66,identity
3,1,66,identity
4,1,66,identity
5,26,66,identity
0,18,66,number
1,2,66,number
2,1,66,number
3,1,66,number
4,2,66,number
5,1,66,number
0,10,66,pose
1,9,66,pose
2,2,66,pose
3,1,66,pose
4,1,66,pose
5,13,66,pose
0,9,66,animacy
1,7,66,animacy
2,1,66,animacy
3,5,66,animacy
4,3,66,animacy
5,1,66,animacy
0,6,67,background
1,3,67,background
2,2,67,background
3,3,67,background
4,4,67,background
5,3,67,background
0,4,67,identity
1,3,67,identity
2,3,67,identity
3,3,67,identity
4,3,67,identity
5,1,67,identity
0,4,67,number
1,4,67,number
2,3,67,number
3,3,67,number
4,3,67,number
5,6,67,number
0,4,67,pose
1,3,67,pose
2,4,67,pose
3,3,67,pose
4,3,67,pose
5,23,67,pose
0,6,67,animacy
1,4,67,animacy
2,5,67,animacy
3,3,67,animacy
4,2,67,animacy
5,1,67,animacy
0,10,68,background
1,12,68,background
2,42,68,background
3,7,68,background
4,8,68,background
5,1,68,background
0,42,68,identity
1,67,68,identity
2,2,68,identity
3,19,68,identity
4,1,68,identity
5,1,68,identity
0,17,68,number
1,9,68,number
2,42,68,number
3,13,68,number
4,9,68,number
5,5,68,number
0,10,68,pose
1,49,68,pose
2,11,68,pose
3,22,68,pose
4,25,68,pose
5,6,68,pose
0,20,68,animacy
1,5,68,animacy
2,10,68,animacy
3,11,68,animacy
4,21,68,animacy
5,1,68,animacy
0,27,69,background
1,1,69,background
2,2,69,background
3,2,69,background
4,1,69,background
5,2,69,background
0,24,69,identity
1,1,69,identity
2,1,69,identity
3,1,69,identity
4,1,69,identity
5,1,69,identity
0,26,69,number
1,1,69,number
2,1,69,number
3,1,69,number
4,2,69,number
5,1,69,number
0,26,69,pose
1,1,69,pose
2,1,69,pose
3,2,69,pose
4,2,69,pose
5,1,69,pose
0,22,69,animacy
1,7,69,animacy
2,2,69,animacy
3,1,69,animacy
4,2,69,animacy
5,1,69,animacy
0,26,70,background
1,5,70,background
2,1,70,background
3,3,70,background
4,1,70,background
5,3,70,background
0,24,70,identity
1,6,70,identity
2,5,70,identity
3,1,70,identity
4,1,70,identity
5,1,70,identity
0,25,70,number
1,1,70,number
2,3,70,number
3,3,70,number
4,1,70,number
5,2,70,number
0,27,70,pose
1,2,70,pose
2,1,70,pose
3,1,70,pose
4,2,70,pose
5,2,70,pose
0,21,70,animacy
1,13,70,animacy
2,1,70,animacy
3,1,70,animacy
4,2,70,animacy
5,1,70,animacy
0,1,71,background
1,2,71,background
2,11,71,background
3,1,71,background
4,1,71,background
5,1,71,background
0,1,71,identity
1,1,71,identity
2,12,71,identity
3,2,71,identity
4,2,71,identity
5,2,71,identity
0,1,71,number
1,1,71,number
2,3,71,number
3,7,71,number
4,3,71,number
5,4,71,number
0,1,71,pose
1,1,71,pose
2,10,71,pose
3,1,71,pose
4,4,71,pose
5,1,71,pose
0,1,71,animacy
1,1,71,animacy
2,3,71,animacy
3,11,71,animacy
4,1,71,animacy
5,3,71,animacy
0,1,72,background
1,1,72,background
2,1,72,background
3,1,72,background
4,1,72,background
5,1,72,background
0,1,72,identity
1,1,72,identity
2,1,72,identity
3,1,72,identity
4,1,72,identity
5,1,72,identity
0,1,72,number
1,1,72,number
2,1,72,number
3,1,72,number
4,1,72,number
5,1,72,number
0,1,72,pose
1,1,72,pose
2,1,72,pose
3,1,72,pose
4,1,72,pose
5,30,72,pose
0,1,72,animacy
1,1,72,animacy
2,1,72,animacy
3,1,72,animacy
4,1,72,animacy
5,1,72,animacy
0,11,73,background
1,2,73,background
2,2,73,background
3,2,73,background
4,1,73,background
5,1,73,background
0,10,73,identity
1,1,73,identity
2,2,73,identity
3,2,73,identity
4,1,73,identity
5,2,73,identity
0,9,73,number
1,2,73,number
2,2,73,number
3,1,73,number
4,2,73,number
5,2,73,number
0,8,73,pose
1,2,73,pose
2,2,73,pose
3,2,73,pose
4,1,73,pose
5,6,73,pose
0,9,73,animacy
1,2,73,animacy
2,2,73,animacy
3,1,73,animacy
4,1,73,animacy
5,1,73,animacy
0,49,74,background
1,14,74,background
2,8,74,background
3,6,74,background
4,2,74,background
5,4,74,background
0,51,74,identity
1,14,74,identity
2,8,74,identity
3,2,74,identity
4,5,74,identity
5,8,74,identity
0,49,74,number
1,13,74,number
2,9,74,number
3,3,74,number
4,4,74,number
5,2,74,number
0,51,74,pose
1,12,74,pose
2,8,74,pose
3,6,74,pose
4,4,74,pose
5,3,74,pose
0,49,74,animacy
1,10,74,animacy
2,10,74,animacy
3,4,74,animacy
4,4,74,animacy
5,4,74,animacy
0,56,75,background
1,2,75,background
2,5,75,background
3,1,75,background
4,5,75,background
5,1,75,background
0,50,75,identity
1,10,75,identity
2,1,75,identity
3,1,75,identity
4,3,75,identity
5,1,75,identity
0,61,75,number
1,1,75,number
2,1,75,number
3,1,75,number
4,1,75,number
5,1,75,number
0,50,75,pose
1,5,75,pose
2,1,75,pose
3,1,75,pose
4,8,75,pose
5,2,75,pose
0,59,75,animacy
1,2,75,animacy
2,2,75,animacy
3,1,75,animacy
4,2,75,animacy
5,2,75,animacy
0,15,76,background
1,2,76,background
2,2,76,background
3,3,76,background
4,2,76,background
5,2,76,background
0,16,76,identity
1,2,76,identity
2,2,76,identity
3,2,76,identity
4,2,76,identity
5,2,76,identity
0,16,76,number
1,2,76,number
2,2,76,number
3,2,76,number
4,2,76,number
5,5,76,number
0,17,76,pose
1,2,76,pose
2,2,76,pose
3,2,76,pose
4,2,76,pose
5,1,76,pose
0,17,76,animacy
1,1,76,animacy
2,3,76,animacy
3,2,76,animacy
4,1,76,animacy
5,2,76,animacy
0,21,77,background
1,20,77,background
2,5,77,background
3,2,77,background
4,2,77,background
5,2,77,background
0,35,77,identity
1,8,77,identity
2,2,77,identity
3,3,77,identity
4,3,77,identity
5,1,77,identity
0,27,77,number
1,9,77,number
2,11,77,number
3,2,77,number
4,3,77,number
5,2,77,number
0,12,77,pose
1,27,77,pose
2,5,77,pose
3,5,77,pose
4,4,77,pose
5,4,77,pose
0,31,77,animacy
1,8,77,animacy
2,2,77,animacy
3,3,77,animacy
4,3,77,animacy
5,4,77,animacy
0,1,78,background
1,1,78,background
2,1,78,background
3,1,78,background
4,2,78,background
5,4,78,background
0,2,78,identity
1,1,78,identity
2,1,78,identity
3,1,78,identity
4,3,78,identity
5,1,78,identity
0,1,78,number
1,2,78,number
2,1,78,number
3,1,78,number
4,1,78,number
5,3,78,number
0,1,78,pose
1,1,78,pose
2,1,78,pose
3,1,78,pose
4,1,78,pose
5,1,78,pose
0,2,78,animacy
1,1,78,animacy
2,1,78,animacy
3,1,78,animacy
4,1,78,animacy
5,4,78,animacy
0,64,79,background
1,10,79,background
2,4,79,background
3,1,79,background
4,1,79,background
5,2,79,background
0,1,79,identity
1,2,79,identity
2,4,79,identity
3,66,79,identity
4,3,79,identity
5,5,79,identity
0,7,79,number
1,6,79,number
2,53,79,number
3,3,79,number
4,5,79,number
5,4,79,number
0,6,79,pose
1,63,79,pose
2,3,79,pose
3,1,79,pose
4,1,79,pose
5,1,79,pose
0,1,79,animacy
1,1,79,animacy
2,58,79,animacy
3,2,79,animacy
4,7,79,animacy
5,20,79,animacy
0,22,80,background
1,1,80,background
2,1,80,background
3,1,80,background
4,2,80,background
5,1,80,background
0,20,80,identity
1,1,80,identity
2,5,80,identity
3,7,80,identity
4,5,80,identity
5,3,80,identity
0,21,80,number
1,3,80,number
2,2,80,number
3,5,80,number
4,1,80,number
5,9,80,number
0,25,80,pose
1,3,80,pose
2,2,80,pose
3,2,80,pose
4,1,80,pose
5,23,80,pose
0,26,80,animacy
1,1,80,animacy
2,1,80,animacy
3,1,80,animacy
4,4,80,animacy
5,3,80,animacy
0,2,81,background
1,1,81,background
2,3,81,background
3,1,81,background
4,1,81,background
5,2,81,background
0,2,81,identity
1,2,81,identity
2,1,81,identity
3,1,81,identity
4,1,81,identity
5,1,81,identity
0,2,81,number
1,1,81,number
2,2,81,number
3,1,81,number
4,1,81,number
5,1,81,number
0,2,81,pose
1,2,81,pose
2,1,81,pose
3,1,81,pose
4,1,81,pose
5,8,81,pose
0,2,81,animacy
1,3,81,animacy
2,1,81,animacy
3,1,81,animacy
4,2,81,animacy
5,1,81,animacy
0,24,82,background
1,2,82,background
2,1,82,background
3,3,82,background
4,1,82,background
5,1,82,background
0,23,82,identity
1,2,82,identity
2,3,82,identity
3,5,82,identity
4,3,82,identity
5,1,82,identity
0,27,82,number
1,4,82,number
2,1,82,number
3,4,82,number
4,1,82,number
5,1,82,number
0,25,82,pose
1,3,82,pose
2,1,82,pose
3,1,82,pose
4,3,82,pose
5,2,82,pose
0,25,82,animacy
1,2,82,animacy
2,3,82,animacy
3,2,82,animacy
4,1,82,animacy
5,2,82,animacy
0,1,83,background
1,1,83,background
2,1,83,background
3,1,83,background
4,1,83,background
5,1,83,background
0,1,83,identity
1,1,83,identity
2,1,83,identity
3,1,83,identity
4,1,83,identity
5,1,83,identity
0,1,83,number
1,1,83,number
2,1,83,number
3,1,83,number
4,1,83,number
5,3,83,number
0,1,83,pose
1,1,83,pose
2,1,83,pose
3,1,83,pose
4,1,83,pose
5,1,83,pose
0,1,83,animacy
1,1,83,animacy
2,1,83,animacy
3,1,83,animacy
4,1,83,animacy
5,1,83,animacy
0,1,84,background
1,1,84,background
2,1,84,background
3,1,84,background
4,1,84,background
5,1,84,background
0,1,84,identity
1,1,84,identity
2,1,84,identity
3,1,84,identity
4,1,84,identity
5,2,84,identity
0,1,84,number
1,1,84,number
2,1,84,number
3,1,84,number
4,1,84,number
5,1,84,number
0,1,84,pose
1,1,84,pose
2,1,84,pose
3,1,84,pose
4,1,84,pose
5,6,84,pose
0,1,84,animacy
1,1,84,animacy
2,1,84,animacy
3,1,84,animacy
4,1,84,animacy
5,4,84,animacy
0,2,85,background
1,1,85,background
2,43,85,background
3,2,85,background
4,2,85,background
5,2,85,background
0,2,85,identity
1,2,85,identity
2,1,85,identity
3,40,85,identity
4,2,85,identity
5,3,85,identity
0,2,85,number
1,47,85,number
2,2,85,number
3,1,85,number
4,1,85,number
5,3,85,number
0,2,85,pose
1,17,85,pose
2,25,85,pose
3,1,85,pose
4,2,85,pose
5,4,85,pose
0,3,85,animacy
1,40,85,animacy
2,5,85,animacy
3,3,85,animacy
4,2,85,animacy
5,28,85,animacy
0,42,86,background
1,11,86,background
2,1,86,background
3,12,86,background
4,6,86,background
5,14,86,background
0,40,86,identity
1,10,86,identity
2,10,86,identity
3,18,86,identity
4,13,86,identity
5,1,86,identity
0,40,86,number
1,13,86,number
2,16,86,number
3,18,86,number
4,17,86,number
5,1,86,number
0,35,86,pose
1,14,86,pose
2,13,86,pose
3,13,86,pose
4,20,86,pose
5,1,86,pose
0,41,86,animacy
1,6,86,animacy
2,12,86,animacy
3,15,86,animacy
4,17,86,animacy
5,1,86,animacy
0,6,87,background
1,1,87,background
2,1,87,background
3,1,87,background
4,1,87,background
5,1,87,background
0,1,87,identity
1,3,87,identity
2,1,87,identity
3,2,87,identity
4,1,87,identity
5,3,87,identity
0,2,87,number
1,1,87,number
2,2,87,number
3,1,87,number
4,1,87,number
5,1,87,number
0,4,87,pose
1,1,87,pose
2,1,87,pose
3,1,87,pose
4,1,87,pose
5,3,87,pose
0,5,87,animacy
1,1,87,animacy
2,1,87,animacy
3,1,87,animacy
4,1,87,animacy
5,1,87,animacy
0,1,88,background
1,8,88,background
2,6,88,background
3,9,88,background
4,4,88,background
5,7,88,background
0,1,88,identity
1,4,88,identity
2,6,88,identity
3,9,88,identity
4,6,88,identity
5,87,88,identity
0,1,88,number
1,7,88,number
2,3,88,number
3,9,88,number
4,7,88,number
5,4,88,number
0,1,88,pose
1,9,88,pose
2,8,88,pose
3,8,88,pose
4,5,88,pose
5,8,88,pose
0,1,88,animacy
1,8,88,animacy
2,7,88,animacy
3,7,88,animacy
4,5,88,animacy
5,2,88,animacy
0,1,89,background
1,1,89,background
2,1,89,background
3,1,89,background
4,1,89,background
5,37,89,background
0,2,89,identity
1,1,89,identity
2,18,89,identity
3,4,89,identity
4,119,89,identity
5,90,89,identity
0,1,89,number
1,1,89,number
2,1,89,number
3,1,89,number
4,20,89,number
5,5,89,number
0,1,89,pose
1,2,89,pose
2,22,89,pose
3,95,89,pose
4,108,89,pose
5,162,89,pose
0,1,89,animacy
1,1,89,animacy
2,1,89,animacy
3,237,89,animacy
4,15,89,animacy
5,8,89,animacy
0,23,90,background
1,1,90,background
2,8,90,background
3,2,90,background
4,1,90,background
5,2,90,background
0,20,90,identity
1,6,90,identity
2,1,90,identity
3,3,90,identity
4,2,90,identity
5,1,90,identity
0,21,90,number
1,4,90,number
2,1,90,number
3,3,90,number
4,1,90,number
5,2,90,number
0,23,90,pose
1,3,90,pose
2,2,90,pose
3,3,90,pose
4,1,90,pose
5,34,90,pose
0,14,90,animacy
1,13,90,animacy
2,6,90,animacy
3,1,90,animacy
4,1,90,animacy
5,2,90,animacy
0,1,91,background
1,1,91,background
2,15,91,background
3,4,91,background
4,3,91,background
5,1,91,background
0,1,91,identity
1,2,91,identity
2,15,91,identity
3,5,91,identity
4,2,91,identity
5,2,91,identity
0,1,91,number
1,2,91,number
2,1,91,number
3,14,91,number
4,3,91,number
5,2,91,number
0,1,91,pose
1,1,91,pose
2,3,91,pose
3,12,91,pose
4,2,91,pose
5,3,91,pose
0,1,91,animacy
1,1,91,animacy
2,12,91,animacy
3,6,91,animacy
4,1,91,animacy
5,11,91,animacy
0,2,92,background
1,7,92,background
2,1,92,background
3,1,92,background
4,1,92,background
5,1,92,background
0,3,92,identity
1,5,92,identity
2,1,92,identity
3,1,92,identity
4,1,92,identity
5,3,92,identity
0,2,92,number
1,8,92,number
2,1,92,number
3,1,92,number
4,1,92,number
5,3,92,number
0,3,92,pose
1,6,92,pose
2,1,92,pose
3,1,92,pose
4,1,92,pose
5,1,92,pose
0,2,92,animacy
1,6,92,animacy
2,1,92,animacy
3,1,92,animacy
4,1,92,animacy
5,13,92,animacy
0,42,93,background
1,12,93,background
2,9,93,background
3,9,93,background
4,10,93,background
5,7,93,background
0,33,93,identity
1,12,93,identity
2,11,93,identity
3,9,93,identity
4,10,93,identity
5,2,93,identity
0,41,93,number
1,14,93,number
2,9,93,number
3,8,93,number
4,9,93,number
5,1,93,number
0,37,93,pose
1,15,93,pose
2,8,93,pose
3,8,93,pose
4,7,93,pose
5,1,93,pose
0,34,93,animacy
1,13,93,animacy
2,8,93,animacy
3,10,93,animacy
4,9,93,animacy
5,8,93,animacy
0,29,94,background
1,10,94,background
2,1,94,background
3,1,94,background
4,7,94,background
5,3,94,background
0,29,94,identity
1,3,94,identity
2,11,94,identity
3,1,94,identity
4,2,94,identity
5,1,94,identity
0,3,94,number
1,16,94,number
2,10,94,number
3,12,94,number
4,2,94,number
5,31,94,number
0,34,94,pose
1,2,94,pose
2,5,94,pose
3,2,94,pose
4,1,94,pose
5,24,94,pose
0,33,94,animacy
1,4,94,animacy
2,2,94,animacy
3,5,94,animacy
4,2,94,animacy
5,19,94,animacy
0,4,95,background
1,11,95,background
2,1,95,background
3,2,95,background
4,2,95,background
5,2,95,background
0,16,95,identity
1,2,95,identity
2,2,95,identity
3,3,95,identity
4,4,95,identity
5,1,95,identity
0,16,95,number
1,3,95,number
2,5,95,number
3,2,95,number
4,2,95,number
5,1,95,number
0,3,95,pose
1,12,95,pose
2,2,95,pose
3,4,95,pose
4,2,95,pose
5,2,95,pose
0,15,95,animacy
1,3,95,animacy
2,3,95,animacy
3,3,95,animacy
4,3,95,animacy
5,1,95,animacy
0,7,96,background
1,2,96,background
2,1,96,background
3,1,96,background
4,2,96,background
5,1,96,background
0,8,96,identity
1,3,96,identity
2,1,96,identity
3,1,96,identity
4,1,96,identity
5,3,96,identity
0,8,96,number
1,1,96,number
2,1,96,number
3,2,96,number
4,1,96,number
5,54,96,number
0,8,96,pose
1,3,96,pose
2,1,96,pose
3,1,96,pose
4,2,96,pose
5,2,96,pose
0,9,96,animacy
1,3,96,animacy
2,1,96,animacy
3,2,96,animacy
4,1,96,animacy
5,6,96,animacy
0,1,97,background
1,1,97,background
2,1,97,background
3,1,97,background
4,1,97,background
5,1,97,background
0,1,97,identity
1,1,97,identity
2,1,97,identity
3,1,97,identity
4,1,97,identity
5,1,97,identity
0,1,97,number
1,1,97,number
2,1,97,number
3,1,97,number
4,1,97,number
5,1,97,number
0,1,97,pose
1,1,97,pose
2,1,97,pose
3,1,97,pose
4,1,97,pose
5,1,97,pose
0,1,97,animacy
1,1,97,animacy
2,1,97,animacy
3,1,97,animacy
4,1,97,animacy
5,1,97,animacy
0,27,98,background
1,2,98,background
2,5,98,background
3,2,98,background
4,2,98,background
5,2,98,background
0,24,98,identity
1,7,98,identity
2,3,98,identity
3,1,98,identity
4,2,98,identity
5,3,98,identity
0,26,98,number
1,9,98,number
2,2,98,number
3,2,98,number
4,1,98,number
5,1,98,number
0,27,98,pose
1,6,98,pose
2,3,98,pose
3,1,98,pose
4,2,98,pose
5,2,98,pose
0,30,98,animacy
1,3,98,animacy
2,2,98,animacy
3,1,98,animacy
4,2,98,animacy
5,1,98,animacy
0,6,99,background
1,5,99,background
2,4,99,background
3,3,99,background
4,2,99,background
5,3,99,background
0,6,99,identity
1,3,99,identity
2,4,99,identity
3,4,99,identity
4,2,99,identity
5,1,99,identity
0,12,99,number
1,3,99,number
2,3,99,number
3,2,99,number
4,3,99,number
5,9,99,number
0,4,99,pose
1,3,99,pose
2,2,99,pose
3,3,99,pose
4,3,99,pose
5,3,99,pose
0,3,99,animacy
1,4,99,animacy
2,5,99,animacy
3,4,99,animacy
4,1,99,animacy
5,1,99,animacy
