trial_id,stim_id,param_id,index,sample_n_mean,sample_n_std
0,2,23,8,63.85,59.038145563516366
0,2,23,8,76.7,60.354304778227366
0,2,23,8,82.65,78.49523954724228
0,2,23,8,119.15,108.30525817045275
0,1,23,8,74.3,60.06408857913442
0,1,23,8,106.4,74.80247673918151
0,0,23,8,73.5,81.39151643364572
0,0,23,8,80.85,69.96335506986195
0,1,23,8,68.45,52.33341993511663
0,1,23,8,100.1,79.26298664970668
0,4,23,8,60.7,45.52974736078426
0,4,23,8,57.9,41.36856167111496
0,1,23,8,75.45,69.4485610475764
0,1,23,8,113.3,94.96376040086915
0,2,23,8,72.7,58.7645614653128
0,2,23,8,70.65,76.93625180696849
0,1,23,8,73.8,71.09859721763706
0,1,23,8,101.7,85.61240687263917
0,2,23,8,65.95,62.540492146246635
0,2,23,8,74.1,68.45505632779879
0,1,23,8,97.55,91.40279564997769
0,1,23,8,68.35,64.84578872825492
0,2,23,8,29.4,35.67307697764003
0,2,23,8,83.7,63.80983260315063
0,2,23,8,87.15,70.4087875795419
0,2,23,8,85.9,61.23543865580144
0,0,23,8,82.6,69.17970496429837
0,0,23,8,48.1,47.324078660367306
0,1,23,8,96.0,81.3944262930758
0,1,23,8,69.3,59.04779509230771
0,0,23,8,51.0,54.580698342719536
0,0,23,8,33.65,50.4800898739712
0,3,23,8,74.1,49.725456786555306
0,3,23,8,61.8,68.90237181770496
0,0,23,8,87.9,67.06862157521951
0,0,23,8,61.05,41.63939809464362
0,0,23,8,77.7,58.13604733725883
0,0,23,8,91.45,71.42495141202775
0,0,23,8,74.95,67.46810162470933
0,0,23,8,58.85,71.48888393530696
1,2,23,9,80.65,73.4318696049897
1,2,23,9,71.1,76.80385132887132
1,3,23,9,62.95,41.5178782035681
1,3,23,9,85.85,76.4724064442098
1,5,23,9,65.45,71.51037834137306
1,5,23,9,75.45,83.17987800702258
1,2,23,9,57.65,69.126333621855
1,2,23,9,85.95,68.46933620241984
1,1,23,9,82.05,74.72650132315844
1,1,23,9,66.4,61.60434024354214
1,1,23,9,109.65,98.18847343649595
1,1,23,9,65.05,61.449572821948884
1,1,23,9,80.65,52.78184995062722
1,1,23,9,79.4,78.94528418301401
1,4,23,9,52.05,51.35477736194304
1,4,23,9,59.65,50.31717819048114
1,0,23,9,70.65,59.83422273687789
1,0,23,9,69.95,61.06637889689339
1,0,23,9,60.45,66.64712652233561
1,0,23,9,106.15,76.92462134077134
1,5,23,9,58.85,53.73842592645073
1,5,23,9,63.85,60.096654605201124
1,4,23,9,56.9,58.792140541688774
1,4,23,9,55.35,64.02078198769357
1,2,23,9,54.6,64.95780006645612
1,2,23,9,99.1,82.09679780921006
1,0,23,9,69.85,77.67155883997422
1,0,23,9,75.3,80.31457886926488
1,4,23,9,55.3,47.026420345655865
1,4,23,9,62.05,51.05979466839783
1,3,23,9,70.8,68.11723639973103
1,3,23,9,92.75,73.82687786122912
1,1,23,9,67.9,55.44736717208302
1,1,23,9,62.95,77.24225391243891
1,3,23,9,107.35,90.08374758494102
1,3,23,9,43.9,48.176102396367256
1,0,23,9,54.4,58.529704559219105
1,0,23,9,68.3,52.293805610828876
1,1,23,9,70.35,57.356938735018204
1,1,23,9,74.5,56.48427820385533
2,25,23,8,51.3,41.74370422117883
2,25,23,8,45.35,47.1975411937618
2,27,23,8,60.4,55.42980387746953
2,27,23,8,57.55,47.34362070070931
2,29,23,8,50.85,51.1707924503813
2,29,23,8,39.75,39.416634212367484
2,25,23,8,58.8,83.85865300737024
2,25,23,8,47.95,39.122580638161814
2,24,23,8,46.65,48.036471889377424
2,24,23,8,50.85,76.41388341752673
2,28,23,8,58.15,47.813535850492336
2,28,23,8,58.1,57.20590694564404
2,25,23,8,64.2,61.22658521297841
2,25,23,8,49.7,33.30576052592894
2,28,23,8,68.55,57.672829505390965
2,28,23,8,54.65,53.518589982212816
2,25,23,8,58.6,40.388117064304936
2,25,23,8,53.35,33.08724511762326
2,26,23,8,38.3,31.907926749848293
2,26,23,8,30.55,31.351110112134116
2,26,23,8,53.45,39.66368483558786
2,26,23,8,54.15,42.523399131351326
2,27,23,8,56.65,53.66197811054715
2,27,23,8,56.15,30.825954546197117
2,29,23,8,41.5,44.184422117922246
2,29,23,8,44.0,45.49146825736147
2,29,23,8,57.0,41.61730409336962
2,29,23,8,65.75,68.3950406019864
2,27,23,8,64.05,45.079432817615334
2,27,23,8,53.8,33.4453206545282
2,28,23,8,53.65,57.842139983706836
2,28,23,8,54.05,30.351406799963026
2,28,23,8,48.5,34.14443007670736
2,28,23,8,57.65,40.450457026889204
2,29,23,8,49.2,42.88368601596404
2,29,23,8,50.9,54.068085732128914
2,26,23,8,59.55,46.216282161616
2,26,23,8,55.85,46.16363914324096
2,28,23,8,65.25,65.13538532205541
2,28,23,8,54.35,39.95164840812348
3,26,23,9,58.3,49.61440792435409
3,26,23,9,63.25,58.69087170125037
3,26,23,9,43.3,36.58889679152752
3,26,23,9,50.75,33.42686439314784
3,24,23,9,57.05,51.89612600895024
3,24,23,9,48.85,55.1383666214752
3,28,23,9,47.95,43.688460478109874
3,28,23,9,50.35,33.58457509349383
3,24,23,9,43.25,43.54172227814799
3,24,23,9,43.4,46.0153292535845
3,26,23,9,49.65,51.43035658973567
3,26,23,9,48.35,54.27151525820016
3,26,23,9,50.95,55.688489786820774
3,26,23,9,47.65,52.46078736090714
3,27,23,9,52.55,37.98819068577691
3,27,23,9,50.45,45.08293527080484
3,24,23,9,57.65,77.63156913470054
3,24,23,9,63.75,49.870226324774286
3,29,23,9,55.4,52.64218840435873
3,29,23,9,64.3,66.67051743264665
3,26,23,9,48.3,35.29290968005062
3,26,23,9,26.1,31.545956451200727
3,26,23,9,41.25,52.80238730647657
3,26,23,9,51.9,54.03790092927468
3,29,23,9,50.95,44.9613576775716
3,29,23,9,49.7,39.36081406945906
3,25,23,9,55.3,36.52987241898565
3,25,23,9,48.35,49.22694491092412
3,25,23,9,45.85,44.34704642155766
3,25,23,9,48.45,43.24529180336161
3,28,23,9,49.75,52.04135501290246
3,28,23,9,54.65,46.6321269422476
3,26,23,9,45.9,41.91583044752022
3,26,23,9,40.3,39.55023454584788
3,26,23,9,50.0,46.08687448721165
3,26,23,9,53.35,41.1764815347177
3,28,23,9,44.8,43.728348025653005
3,28,23,9,46.25,38.942433897931146
3,24,23,9,80.2,64.94013437491164
3,24,23,9,45.25,42.28085917565511
4,18,23,8,72.3,81.42487658152015
4,18,23,8,82.45,79.66936609975532
4,18,23,8,61.4,54.70052438890373
4,18,23,8,114.45,130.40522874567003
4,21,23,8,87.4,72.97973763492958
4,21,23,8,91.4,86.65442558625733
4,23,23,8,82.55,88.67473086926648
4,23,23,8,61.65,79.17088446751382
4,23,23,8,48.95,41.478561361642946
4,23,23,8,96.7,109.12961873025363
4,19,23,8,98.3,95.06180814828346
4,19,23,8,77.95,78.57914213674879
4,18,23,8,64.1,61.603058707382885
4,18,23,8,63.55,69.7993175958197
4,22,23,8,84.55,76.83370628215609
4,22,23,8,102.9,69.20138422710465
4,23,23,8,84.65,68.5283460367045
4,23,23,8,88.3,50.74508013487354
4,23,23,8,99.7,79.19336761171488
4,23,23,8,79.2,82.01001222572252
4,18,23,8,59.2,69.61971892472631
4,18,23,8,56.8,53.73874423150347
4,22,23,8,70.4,53.933096956956035
4,22,23,8,78.7,68.92261106334752
4,19,23,8,69.7,55.60490322946254
4,19,23,8,75.0,61.523636878331914
4,22,23,8,112.95,99.97445726415901
4,22,23,8,111.9,117.83212858263992
4,22,23,8,139.55,87.09007738512678
4,22,23,8,104.25,102.58545859813405
4,18,23,8,53.9,58.429354554745935
4,18,23,8,95.6,75.00694704667801
4,23,23,8,92.35,71.15237540880692
4,23,23,8,94.3,77.43391070013053
4,21,23,8,91.05,67.915950378313
4,21,23,8,81.3,69.77640982754166
4,18,23,8,63.85,78.26088288202278
4,18,23,8,89.15,95.10508038895438
4,19,23,8,82.65,70.31154356074639
4,19,23,8,73.65,71.87582493805769
5,23,23,9,92.75,89.23291521571362
5,23,23,9,75.9,90.43281891460703
5,19,23,9,91.45,83.73044154968528
5,19,23,9,95.25,76.24260102151757
5,18,23,9,81.25,83.5148111667058
5,18,23,9,60.1,49.69263421008029
5,21,23,9,56.75,47.17478697689889
5,21,23,9,106.45,86.00579845813334
5,23,23,9,138.55,97.67264067712158
5,23,23,9,91.85,92.82540203606926
5,19,23,9,71.7,116.87244508887726
5,19,23,9,69.3,81.53597849706401
5,23,23,9,71.75,109.90516246674723
5,23,23,9,82.25,83.0465151840252
5,20,23,9,69.95,71.83348801220778
5,20,23,9,83.3,107.18017295043057
5,22,23,9,68.4,60.21575244157681
5,22,23,9,117.3,94.6473232028972
5,22,23,9,99.8,69.79790375377367
5,22,23,9,83.4,82.13749704643203
5,22,23,9,127.55,114.11511962187916
5,22,23,9,82.8,61.566053530890066
5,21,23,9,77.25,59.301082798315164
5,21,23,9,73.75,49.73178058344583
5,21,23,9,101.5,80.82827801157087
5,21,23,9,97.35,95.16538236144486
5,22,23,9,86.8,101.52292974081223
5,22,23,9,127.2,117.27188382916898
5,20,23,9,73.15,58.318792673951755
5,20,23,9,86.8,91.8864287556856
5,23,23,9,105.8,85.00006191948209
5,23,23,9,56.4,59.26781322278161
5,18,23,9,58.35,45.89493149403434
5,18,23,9,34.95,49.156543709598665
5,20,23,9,127.55,107.7040169313935
5,20,23,9,79.55,49.984708187920624
5,22,23,9,88.1,72.09489360704076
5,22,23,9,89.55,81.90654173475626
5,21,23,9,95.25,83.59229062916972
5,21,23,9,107.55,66.53963994650502
6,17,23,8,74.55,56.199339760122484
6,17,23,8,63.0,54.37007690961909
6,13,23,8,104.35,78.14041005913985
6,13,23,8,119.8,75.02743357914946
6,17,23,8,97.75,94.31798120691181
6,17,23,8,78.45,73.28565236187274
6,13,23,8,62.95,51.438747426838695
6,13,23,8,88.3,80.29163946776184
6,14,23,8,76.75,50.09871833637432
6,14,23,8,86.65,84.98437936963536
6,17,23,8,89.0,74.80430609614874
6,17,23,8,89.2,57.72402582889327
6,14,23,8,69.65,50.58528494168615
6,14,23,8,86.4,87.19089764177764
6,12,23,8,71.45,84.44273986429783
6,12,23,8,60.45,68.10245764171881
6,13,23,8,98.4,70.80023788244306
6,13,23,8,92.3,107.5199369517359
6,13,23,8,76.4,57.43041556160767
6,13,23,8,86.75,57.360242053368744
6,14,23,8,71.9,77.3201818823248
6,14,23,8,67.45,55.73572510187321
6,14,23,8,76.2,58.767696103073135
6,14,23,8,68.45,77.591016164719
6,15,23,8,113.85,72.58408916560157
6,15,23,8,99.6,83.04684790748185
6,12,23,8,97.3,83.53511710336967
6,12,23,8,70.25,77.27045803028818
6,17,23,8,103.0,83.71065454415302
6,17,23,8,54.55,49.828627366837615
6,15,23,8,92.75,65.27099379953509
6,15,23,8,97.35,68.31141925037132
6,15,23,8,119.9,89.5361732250685
6,15,23,8,90.6,59.63697193061223
6,15,23,8,85.35,45.573855616893695
6,15,23,8,96.85,65.74133923347262
6,16,23,8,87.1,89.0309821886386
6,16,23,8,84.8,81.03449557863743
6,17,23,8,62.85,61.90508439283651
6,17,23,8,66.95,74.22545669143864
7,15,23,9,112.15,89.30213352788151
7,15,23,9,85.1,58.79661644400261
7,15,23,9,107.3,89.46925376027819
7,15,23,9,106.05,75.46799600527784
7,15,23,9,93.2,60.556715477919404
7,15,23,9,91.6,62.955623468565456
7,12,23,9,89.15,81.48120545319188
7,12,23,9,46.9,51.70045301644139
7,13,23,9,75.6,83.19374976523176
7,13,23,9,81.35,45.49294335099501
7,17,23,9,59.65,76.38357153210369
7,17,23,9,84.0,70.18696835108202
7,13,23,9,79.55,79.38677803208661
7,13,23,9,110.2,75.1178722864413
7,14,23,9,52.05,42.517457714758955
7,14,23,9,54.75,49.55472785347104
7,15,23,9,93.6,62.77562383097774
7,15,23,9,89.95,70.57394405123868
7,12,23,9,93.3,94.62674596873538
7,12,23,9,53.3,55.79671750390453
7,16,23,9,82.3,56.235501055359755
7,16,23,9,82.65,55.62115746633413
7,12,23,9,60.05,67.853150258481
7,12,23,9,61.7,49.96219623506936
7,15,23,9,102.45,75.65258196449567
7,15,23,9,115.9,69.60179973474672
7,13,23,9,94.7,76.4922424687284
7,13,23,9,91.6,90.48140256719232
7,14,23,9,88.25,62.931771743189
7,14,23,9,45.45,44.94028201255997
7,16,23,9,102.25,74.4593672308666
7,16,23,9,54.75,64.59662285453108
7,16,23,9,72.85,81.64188489017786
7,16,23,9,65.5,77.69881120813815
7,17,23,9,88.25,93.6448357527413
7,17,23,9,71.25,74.69014942448993
7,14,23,9,53.75,67.11253314592706
7,14,23,9,58.05,54.20960781030765
7,17,23,9,57.35,54.155016290955764
7,17,23,9,64.7,51.45677797919337
8,11,23,8,71.35,52.877489987407884
8,11,23,8,78.15,71.53525078772812
8,11,23,8,72.9,59.13668377936873
8,11,23,8,95.4,84.95348572508432
8,7,23,8,58.45,42.361197488168095
8,7,23,8,84.0,63.88888380371198
8,6,23,8,27.95,38.5520495734765
8,6,23,8,67.95,61.89335054838494
8,9,23,8,80.75,67.33332247698367
8,9,23,8,79.35,51.969905259020614
8,8,23,8,94.0,98.01396248548095
8,8,23,8,78.05,66.1071498641251
8,8,23,8,93.6,83.05191781428998
8,8,23,8,110.5,91.32504124222851
8,10,23,8,63.0,45.82920236567165
8,10,23,8,55.8,43.999521528498946
8,9,23,8,44.1,36.62024174228179
8,9,23,8,67.8,47.81719576184195
8,6,23,8,57.2,58.314573424524085
8,6,23,8,38.8,40.501591911533815
8,11,23,8,87.55,81.74445096248364
8,11,23,8,59.15,50.26903933625024
8,10,23,8,57.35,46.4523241727756
8,10,23,8,37.85,43.125612123802156
8,9,23,8,80.6,71.15542661555833
8,9,23,8,61.95,58.3234853842637
8,11,23,8,43.9,25.09749410850246
8,11,23,8,67.85,67.3812991391841
8,11,23,8,52.65,62.253535093028624
8,11,23,8,58.4,71.89056010060672
8,8,23,8,74.2,73.41131420041178
8,8,23,8,84.6,74.17149402779877
8,10,23,8,40.4,35.799735370971376
8,10,23,8,55.0,43.32739500471655
8,11,23,8,45.2,46.89809781800716
8,11,23,8,54.25,56.90516117560034
8,6,23,8,47.25,50.87226004518831
8,6,23,8,45.95,47.859965689388815
8,10,23,8,42.9,35.442911844260195
8,10,23,8,49.2,36.39490999692416
9,6,23,9,47.35,61.75782498897141
9,6,23,9,38.45,47.37584883283443
9,8,23,9,73.75,68.15761532151627
9,8,23,9,72.1,46.94442402850866
9,8,23,9,89.25,61.24143334291529
9,8,23,9,64.35,57.230167789926654
9,9,23,9,67.3,54.95079138360257
9,9,23,9,63.6,54.605185795760036
9,6,23,9,49.65,46.12371806805098
9,6,23,9,43.25,46.14607812496951
9,10,23,9,37.85,32.005386059882255
9,10,23,9,46.45,52.30324031423312
9,7,23,9,78.3,76.10180162470739
9,7,23,9,93.05,70.5321688458909
9,8,23,9,91.65,88.04560720086167
9,8,23,9,69.4,85.56831681238835
9,11,23,9,91.65,64.00844927778964
9,11,23,9,84.85,95.38634736249155
9,6,23,9,68.1,71.96336787414464
9,6,23,9,57.7,68.39906124317328
9,9,23,9,53.7,34.99789467352211
9,9,23,9,82.95,60.63998593945123
9,10,23,9,45.7,52.8245357665107
9,10,23,9,48.55,59.20746307865695
9,9,23,9,81.25,62.19652638802945
9,9,23,9,67.65,66.65960269592782
9,11,23,9,66.9,69.6645345094694
9,11,23,9,55.5,70.55755396166049
9,9,23,9,78.25,57.67228194950464
9,9,23,9,71.15,57.2154515383462
9,10,23,9,58.8,79.98065555593986
9,10,23,9,60.45,60.453962475154334
9,6,23,9,61.0,64.52416927828386
9,6,23,9,53.9,57.15159895539139
9,11,23,9,86.55,93.66596584616387
9,11,23,9,80.4,56.62656992130666
9,7,23,9,84.6,70.95098382167198
9,7,23,9,73.45,71.17545038032499
9,7,23,9,90.1,98.06383527821906
9,7,23,9,92.0,80.95677859203639
