trial_id,param_id,sample_n_mean,sample_n_std,Unnamed: 0,embedding_type,feature_n,fam_duration,test_type,fam,test,violation_type,stim_id,linking_hypothesis,mu_prior,hypothetical_obs_grid_n,max_observation,batch_n,jitter_n,quad_a,quad_b,quad_c,V_prior,alpha_prior,beta_prior,epsilon,mu_epsilon,sd_epsilon,world_EIGs,forced_exposure_max
0,0,32.084895833333334,38.98366975639208,24,resnet_pa,3,0,fam,animate_001_left.png,animate_001_left.png,background,24,surprisal,0,5,500,20,20,999,999,999,1,0.1,0.1,0.0001,0.001,0.1,0.5,3
0,0,32.084895833333334,38.98366975639208,25,resnet_pa,3,0,fam,animate_002_left.png,animate_002_left.png,background,25,surprisal,0,5,500,20,20,999,999,999,1,0.1,0.1,0.0001,0.001,0.1,0.5,3
0,0,32.084895833333334,38.98366975639208,26,resnet_pa,3,0,fam,animate_001_right.png,animate_001_right.png,background,26,surprisal,0,5,500,20,20,999,999,999,1,0.1,0.1,0.0001,0.001,0.1,0.5,3
0,0,32.084895833333334,38.98366975639208,27,resnet_pa,3,0,fam,animate_002_right.png,animate_002_right.png,background,27,surprisal,0,5,500,20,20,999,999,999,1,0.1,0.1,0.0001,0.001,0.1,0.5,3
0,0,32.084895833333334,38.98366975639208,28,resnet_pa,3,0,fam,animate_003_left.png,animate_003_left.png,background,28,surprisal,0,5,500,20,20,999,999,999,1,0.1,0.1,0.0001,0.001,0.1,0.5,3
0,0,32.084895833333334,38.98366975639208,29,resnet_pa,3,0,fam,animate_004_left.png,animate_004_left.png,background,29,surprisal,0,5,500,20,20,999,999,999,1,0.1,0.1,0.0001,0.001,0.1,0.5,3
0,0,32.084895833333334,38.98366975639208,30,resnet_pa,3,0,fam,animate_003_right.png,animate_003_right.png,background,30,surprisal,0,5,500,20,20,999,999,999,1,0.1,0.1,0.0001,0.001,0.1,0.5,3
0,0,32.084895833333334,38.98366975639208,31,resnet_pa,3,0,fam,animate_004_right.png,animate_004_right.png,background,31,surprisal,0,5,500,20,20,999,999,999,1,0.1,0.1,0.0001,0.001,0.1,0.5,3
0,0,32.084895833333334,38.98366975639208,32,resnet_pa,3,0,fam,animate_005_left.png,animate_005_left.png,background,32,surprisal,0,5,500,20,20,999,999,999,1,0.1,0.1,0.0001,0.001,0.1,0.5,3
0,0,32.084895833333334,38.98366975639208,33,resnet_pa,3,0,fam,animate_006_left.png,animate_006_left.png,background,33,surprisal,0,5,500,20,20,999,999,999,1,0.1,0.1,0.0001,0.001,0.1,0.5,3
0,0,32.084895833333334,38.98366975639208,34,resnet_pa,3,0,fam,animate_005_right.png,animate_005_right.png,background,34,surprisal,0,5,500,20,20,999,999,999,1,0.1,0.1,0.0001,0.001,0.1,0.5,3
0,0,32.084895833333334,38.98366975639208,35,resnet_pa,3,0,fam,animate_006_right.png,animate_006_right.png,background,35,surprisal,0,5,500,20,20,999,999,999,1,0.1,0.1,0.0001,0.001,0.1,0.5,3
0,0,32.084895833333334,38.98366975639208,36,resnet_pa,3,0,fam,animate_007_left.png,animate_007_left.png,background,36,surprisal,0,5,500,20,20,999,999,999,1,0.1,0.1,0.0001,0.001,0.1,0.5,3
0,0,32.084895833333334,38.98366975639208,37,resnet_pa,3,0,fam,animate_008_left.png,animate_008_left.png,background,37,surprisal,0,5,500,20,20,999,999,999,1,0.1,0.1,0.0001,0.001,0.1,0.5,3
0,0,32.084895833333334,38.98366975639208,38,resnet_pa,3,0,fam,animate_007_right.png,animate_007_right.png,background,38,surprisal,0,5,500,20,20,999,999,999,1,0.1,0.1,0.0001,0.001,0.1,0.5,3
0,0,32.084895833333334,38.98366975639208,39,resnet_pa,3,0,fam,animate_008_right.png,animate_008_right.png,background,39,surprisal,0,5,500,20,20,999,999,999,1,0.1,0.1,0.0001,0.001,0.1,0.5,3
0,0,32.084895833333334,38.98366975639208,40,resnet_pa,3,0,fam,animate_009_left.png,animate_009_left.png,background,40,surprisal,0,5,500,20,20,999,999,999,1,0.1,0.1,0.0001,0.001,0.1,0.5,3
0,0,32.084895833333334,38.98366975639208,41,resnet_pa,3,0,fam,animate_010_left.png,animate_010_left.png,background,41,surprisal,0,5,500,20,20,999,999,999,1,0.1,0.1,0.0001,0.001,0.1,0.5,3
0,0,32.084895833333334,38.98366975639208,42,resnet_pa,3,0,fam,animate_009_right.png,animate_009_right.png,background,42,surprisal,0,5,500,20,20,999,999,999,1,0.1,0.1,0.0001,0.001,0.1,0.5,3
0,0,32.084895833333334,38.98366975639208,43,resnet_pa,3,0,fam,animate_010_right.png,animate_010_right.png,background,43,surprisal,0,5,500,20,20,999,999,999,1,0.1,0.1,0.0001,0.001,0.1,0.5,3
0,0,32.084895833333334,38.98366975639208,44,resnet_pa,3,0,fam,animate_011_left.png,animate_011_left.png,background,44,surprisal,0,5,500,20,20,999,999,999,1,0.1,0.1,0.0001,0.001,0.1,0.5,3
0,0,32.084895833333334,38.98366975639208,45,resnet_pa,3,0,fam,animate_012_left.png,animate_012_left.png,background,45,surprisal,0,5,500,20,20,999,999,999,1,0.1,0.1,0.0001,0.001,0.1,0.5,3
0,0,32.084895833333334,38.98366975639208,46,resnet_pa,3,0,fam,animate_011_right.png,animate_011_right.png,background,46,surprisal,0,5,500,20,20,999,999,999,1,0.1,0.1,0.0001,0.001,0.1,0.5,3
0,0,32.084895833333334,38.98366975639208,47,resnet_pa,3,0,fam,animate_012_right.png,animate_012_right.png,background,47,surprisal,0,5,500,20,20,999,999,999,1,0.1,0.1,0.0001,0.001,0.1,0.5,3
1,0,32.98947916666667,39.94677825809929,48,resnet_pa,3,0,novel,animate_001_left.png,animate_002_left.png,identity,0,surprisal,0,5,500,20,20,999,999,999,1,0.1,0.1,0.0001,0.001,0.1,0.5,3
1,0,32.98947916666667,39.94677825809929,49,resnet_pa,3,0,novel,animate_002_left.png,animate_001_left.png,identity,1,surprisal,0,5,500,20,20,999,999,999,1,0.1,0.1,0.0001,0.001,0.1,0.5,3
1,0,32.98947916666667,39.94677825809929,50,resnet_pa,3,0,novel,animate_001_right.png,animate_002_right.png,identity,2,surprisal,0,5,500,20,20,999,999,999,1,0.1,0.1,0.0001,0.001,0.1,0.5,3
1,0,32.98947916666667,39.94677825809929,51,resnet_pa,3,0,novel,animate_002_right.png,animate_001_right.png,identity,3,surprisal,0,5,500,20,20,999,999,999,1,0.1,0.1,0.0001,0.001,0.1,0.5,3
1,0,32.98947916666667,39.94677825809929,52,resnet_pa,3,0,novel,animate_003_left.png,animate_004_left.png,identity,4,surprisal,0,5,500,20,20,999,999,999,1,0.1,0.1,0.0001,0.001,0.1,0.5,3
1,0,32.98947916666667,39.94677825809929,53,resnet_pa,3,0,novel,animate_004_left.png,animate_003_left.png,identity,5,surprisal,0,5,500,20,20,999,999,999,1,0.1,0.1,0.0001,0.001,0.1,0.5,3
1,0,32.98947916666667,39.94677825809929,54,resnet_pa,3,0,novel,animate_003_right.png,animate_004_right.png,identity,6,surprisal,0,5,500,20,20,999,999,999,1,0.1,0.1,0.0001,0.001,0.1,0.5,3
1,0,32.98947916666667,39.94677825809929,55,resnet_pa,3,0,novel,animate_004_right.png,animate_003_right.png,identity,7,surprisal,0,5,500,20,20,999,999,999,1,0.1,0.1,0.0001,0.001,0.1,0.5,3
1,0,32.98947916666667,39.94677825809929,56,resnet_pa,3,0,novel,animate_005_left.png,animate_006_left.png,identity,8,surprisal,0,5,500,20,20,999,999,999,1,0.1,0.1,0.0001,0.001,0.1,0.5,3
1,0,32.98947916666667,39.94677825809929,57,resnet_pa,3,0,novel,animate_006_left.png,animate_005_left.png,identity,9,surprisal,0,5,500,20,20,999,999,999,1,0.1,0.1,0.0001,0.001,0.1,0.5,3
1,0,32.98947916666667,39.94677825809929,58,resnet_pa,3,0,novel,animate_005_right.png,animate_006_right.png,identity,10,surprisal,0,5,500,20,20,999,999,999,1,0.1,0.1,0.0001,0.001,0.1,0.5,3
1,0,32.98947916666667,39.94677825809929,59,resnet_pa,3,0,novel,animate_006_right.png,animate_005_right.png,identity,11,surprisal,0,5,500,20,20,999,999,999,1,0.1,0.1,0.0001,0.001,0.1,0.5,3
1,0,32.98947916666667,39.94677825809929,60,resnet_pa,3,0,novel,animate_007_left.png,animate_008_left.png,identity,12,surprisal,0,5,500,20,20,999,999,999,1,0.1,0.1,0.0001,0.001,0.1,0.5,3
1,0,32.98947916666667,39.94677825809929,61,resnet_pa,3,0,novel,animate_008_left.png,animate_007_left.png,identity,13,surprisal,0,5,500,20,20,999,999,999,1,0.1,0.1,0.0001,0.001,0.1,0.5,3
1,0,32.98947916666667,39.94677825809929,62,resnet_pa,3,0,novel,animate_007_right.png,animate_008_right.png,identity,14,surprisal,0,5,500,20,20,999,999,999,1,0.1,0.1,0.0001,0.001,0.1,0.5,3
1,0,32.98947916666667,39.94677825809929,63,resnet_pa,3,0,novel,animate_008_right.png,animate_007_right.png,identity,15,surprisal,0,5,500,20,20,999,999,999,1,0.1,0.1,0.0001,0.001,0.1,0.5,3
1,0,32.98947916666667,39.94677825809929,64,resnet_pa,3,0,novel,animate_009_left.png,animate_010_left.png,identity,16,surprisal,0,5,500,20,20,999,999,999,1,0.1,0.1,0.0001,0.001,0.1,0.5,3
1,0,32.98947916666667,39.94677825809929,65,resnet_pa,3,0,novel,animate_010_left.png,animate_009_left.png,identity,17,surprisal,0,5,500,20,20,999,999,999,1,0.1,0.1,0.0001,0.001,0.1,0.5,3
1,0,32.98947916666667,39.94677825809929,66,resnet_pa,3,0,novel,animate_009_right.png,animate_010_right.png,identity,18,surprisal,0,5,500,20,20,999,999,999,1,0.1,0.1,0.0001,0.001,0.1,0.5,3
1,0,32.98947916666667,39.94677825809929,67,resnet_pa,3,0,novel,animate_010_right.png,animate_009_right.png,identity,19,surprisal,0,5,500,20,20,999,999,999,1,0.1,0.1,0.0001,0.001,0.1,0.5,3
1,0,32.98947916666667,39.94677825809929,68,resnet_pa,3,0,novel,animate_011_left.png,animate_012_left.png,identity,20,surprisal,0,5,500,20,20,999,999,999,1,0.1,0.1,0.0001,0.001,0.1,0.5,3
1,0,32.98947916666667,39.94677825809929,69,resnet_pa,3,0,novel,animate_012_left.png,animate_011_left.png,identity,21,surprisal,0,5,500,20,20,999,999,999,1,0.1,0.1,0.0001,0.001,0.1,0.5,3
1,0,32.98947916666667,39.94677825809929,70,resnet_pa,3,0,novel,animate_011_right.png,animate_012_right.png,identity,22,surprisal,0,5,500,20,20,999,999,999,1,0.1,0.1,0.0001,0.001,0.1,0.5,3
1,0,32.98947916666667,39.94677825809929,71,resnet_pa,3,0,novel,animate_012_right.png,animate_012_right.png,identity,23,surprisal,0,5,500,20,20,999,999,999,1,0.1,0.1,0.0001,0.001,0.1,0.5,3
2,0,30.311770833333334,37.341752139540496,120,resnet_pa,3,1,fam,animate_001_left.png,animate_001_left.png,background,24,surprisal,0,5,500,20,20,999,999,999,1,0.1,0.1,0.0001,0.001,0.1,0.5,3
2,0,30.311770833333334,37.341752139540496,121,resnet_pa,3,1,fam,animate_002_left.png,animate_002_left.png,background,25,surprisal,0,5,500,20,20,999,999,999,1,0.1,0.1,0.0001,0.001,0.1,0.5,3
2,0,30.311770833333334,37.341752139540496,122,resnet_pa,3,1,fam,animate_001_right.png,animate_001_right.png,background,26,surprisal,0,5,500,20,20,999,999,999,1,0.1,0.1,0.0001,0.001,0.1,0.5,3
2,0,30.311770833333334,37.341752139540496,123,resnet_pa,3,1,fam,animate_002_right.png,animate_002_right.png,background,27,surprisal,0,5,500,20,20,999,999,999,1,0.1,0.1,0.0001,0.001,0.1,0.5,3
2,0,30.311770833333334,37.341752139540496,124,resnet_pa,3,1,fam,animate_003_left.png,animate_003_left.png,background,28,surprisal,0,5,500,20,20,999,999,999,1,0.1,0.1,0.0001,0.001,0.1,0.5,3
2,0,30.311770833333334,37.341752139540496,125,resnet_pa,3,1,fam,animate_004_left.png,animate_004_left.png,background,29,surprisal,0,5,500,20,20,999,999,999,1,0.1,0.1,0.0001,0.001,0.1,0.5,3
2,0,30.311770833333334,37.341752139540496,126,resnet_pa,3,1,fam,animate_003_right.png,animate_003_right.png,background,30,surprisal,0,5,500,20,20,999,999,999,1,0.1,0.1,0.0001,0.001,0.1,0.5,3
2,0,30.311770833333334,37.341752139540496,127,resnet_pa,3,1,fam,animate_004_right.png,animate_004_right.png,background,31,surprisal,0,5,500,20,20,999,999,999,1,0.1,0.1,0.0001,0.001,0.1,0.5,3
2,0,30.311770833333334,37.341752139540496,128,resnet_pa,3,1,fam,animate_005_left.png,animate_005_left.png,background,32,surprisal,0,5,500,20,20,999,999,999,1,0.1,0.1,0.0001,0.001,0.1,0.5,3
2,0,30.311770833333334,37.341752139540496,129,resnet_pa,3,1,fam,animate_006_left.png,animate_006_left.png,background,33,surprisal,0,5,500,20,20,999,999,999,1,0.1,0.1,0.0001,0.001,0.1,0.5,3
2,0,30.311770833333334,37.341752139540496,130,resnet_pa,3,1,fam,animate_005_right.png,animate_005_right.png,background,34,surprisal,0,5,500,20,20,999,999,999,1,0.1,0.1,0.0001,0.001,0.1,0.5,3
2,0,30.311770833333334,37.341752139540496,131,resnet_pa,3,1,fam,animate_006_right.png,animate_006_right.png,background,35,surprisal,0,5,500,20,20,999,999,999,1,0.1,0.1,0.0001,0.001,0.1,0.5,3
2,0,30.311770833333334,37.341752139540496,132,resnet_pa,3,1,fam,animate_007_left.png,animate_007_left.png,background,36,surprisal,0,5,500,20,20,999,999,999,1,0.1,0.1,0.0001,0.001,0.1,0.5,3
2,0,30.311770833333334,37.341752139540496,133,resnet_pa,3,1,fam,animate_008_left.png,animate_008_left.png,background,37,surprisal,0,5,500,20,20,999,999,999,1,0.1,0.1,0.0001,0.001,0.1,0.5,3
2,0,30.311770833333334,37.341752139540496,134,resnet_pa,3,1,fam,animate_007_right.png,animate_007_right.png,background,38,surprisal,0,5,500,20,20,999,999,999,1,0.1,0.1,0.0001,0.001,0.1,0.5,3
2,0,30.311770833333334,37.341752139540496,135,resnet_pa,3,1,fam,animate_008_right.png,animate_008_right.png,background,39,surprisal,0,5,500,20,20,999,999,999,1,0.1,0.1,0.0001,0.001,0.1,0.5,3
2,0,30.311770833333334,37.341752139540496,136,resnet_pa,3,1,fam,animate_009_left.png,animate_009_left.png,background,40,surprisal,0,5,500,20,20,999,999,999,1,0.1,0.1,0.0001,0.001,0.1,0.5,3
2,0,30.311770833333334,37.341752139540496,137,resnet_pa,3,1,fam,animate_010_left.png,animate_010_left.png,background,41,surprisal,0,5,500,20,20,999,999,999,1,0.1,0.1,0.0001,0.001,0.1,0.5,3
2,0,30.311770833333334,37.341752139540496,138,resnet_pa,3,1,fam,animate_009_right.png,animate_009_right.png,background,42,surprisal,0,5,500,20,20,999,999,999,1,0.1,0.1,0.0001,0.001,0.1,0.5,3
2,0,30.311770833333334,37.341752139540496,139,resnet_pa,3,1,fam,animate_010_right.png,animate_010_right.png,background,43,surprisal,0,5,500,20,20,999,999,999,1,0.1,0.1,0.0001,0.001,0.1,0.5,3
2,0,30.311770833333334,37.341752139540496,140,resnet_pa,3,1,fam,animate_011_left.png,animate_011_left.png,background,44,surprisal,0,5,500,20,20,999,999,999,1,0.1,0.1,0.0001,0.001,0.1,0.5,3
2,0,30.311770833333334,37.341752139540496,141,resnet_pa,3,1,fam,animate_012_left.png,animate_012_left.png,background,45,surprisal,0,5,500,20,20,999,999,999,1,0.1,0.1,0.0001,0.001,0.1,0.5,3
2,0,30.311770833333334,37.341752139540496,142,resnet_pa,3,1,fam,animate_011_right.png,animate_011_right.png,background,46,surprisal,0,5,500,20,20,999,999,999,1,0.1,0.1,0.0001,0.001,0.1,0.5,3
2,0,30.311770833333334,37.341752139540496,143,resnet_pa,3,1,fam,animate_012_right.png,animate_012_right.png,background,47,surprisal,0,5,500,20,20,999,999,999,1,0.1,0.1,0.0001,0.001,0.1,0.5,3
3,0,30.999895833333333,38.54230807906298,144,resnet_pa,3,1,novel,animate_001_left.png,animate_002_left.png,identity,0,surprisal,0,5,500,20,20,999,999,999,1,0.1,0.1,0.0001,0.001,0.1,0.5,3
3,0,30.999895833333333,38.54230807906298,145,resnet_pa,3,1,novel,animate_002_left.png,animate_001_left.png,identity,1,surprisal,0,5,500,20,20,999,999,999,1,0.1,0.1,0.0001,0.001,0.1,0.5,3
3,0,30.999895833333333,38.54230807906298,146,resnet_pa,3,1,novel,animate_001_right.png,animate_002_right.png,identity,2,surprisal,0,5,500,20,20,999,999,999,1,0.1,0.1,0.0001,0.001,0.1,0.5,3
3,0,30.999895833333333,38.54230807906298,147,resnet_pa,3,1,novel,animate_002_right.png,animate_001_right.png,identity,3,surprisal,0,5,500,20,20,999,999,999,1,0.1,0.1,0.0001,0.001,0.1,0.5,3
3,0,30.999895833333333,38.54230807906298,148,resnet_pa,3,1,novel,animate_003_left.png,animate_004_left.png,identity,4,surprisal,0,5,500,20,20,999,999,999,1,0.1,0.1,0.0001,0.001,0.1,0.5,3
3,0,30.999895833333333,38.54230807906298,149,resnet_pa,3,1,novel,animate_004_left.png,animate_003_left.png,identity,5,surprisal,0,5,500,20,20,999,999,999,1,0.1,0.1,0.0001,0.001,0.1,0.5,3
3,0,30.999895833333333,38.54230807906298,150,resnet_pa,3,1,novel,animate_003_right.png,animate_004_right.png,identity,6,surprisal,0,5,500,20,20,999,999,999,1,0.1,0.1,0.0001,0.001,0.1,0.5,3
3,0,30.999895833333333,38.54230807906298,151,resnet_pa,3,1,novel,animate_004_right.png,animate_003_right.png,identity,7,surprisal,0,5,500,20,20,999,999,999,1,0.1,0.1,0.0001,0.001,0.1,0.5,3
3,0,30.999895833333333,38.54230807906298,152,resnet_pa,3,1,novel,animate_005_left.png,animate_006_left.png,identity,8,surprisal,0,5,500,20,20,999,999,999,1,0.1,0.1,0.0001,0.001,0.1,0.5,3
3,0,30.999895833333333,38.54230807906298,153,resnet_pa,3,1,novel,animate_006_left.png,animate_005_left.png,identity,9,surprisal,0,5,500,20,20,999,999,999,1,0.1,0.1,0.0001,0.001,0.1,0.5,3
3,0,30.999895833333333,38.54230807906298,154,resnet_pa,3,1,novel,animate_005_right.png,animate_006_right.png,identity,10,surprisal,0,5,500,20,20,999,999,999,1,0.1,0.1,0.0001,0.001,0.1,0.5,3
3,0,30.999895833333333,38.54230807906298,155,resnet_pa,3,1,novel,animate_006_right.png,animate_005_right.png,identity,11,surprisal,0,5,500,20,20,999,999,999,1,0.1,0.1,0.0001,0.001,0.1,0.5,3
3,0,30.999895833333333,38.54230807906298,156,resnet_pa,3,1,novel,animate_007_left.png,animate_008_left.png,identity,12,surprisal,0,5,500,20,20,999,999,999,1,0.1,0.1,0.0001,0.001,0.1,0.5,3
3,0,30.999895833333333,38.54230807906298,157,resnet_pa,3,1,novel,animate_008_left.png,animate_007_left.png,identity,13,surprisal,0,5,500,20,20,999,999,999,1,0.1,0.1,0.0001,0.001,0.1,0.5,3
3,0,30.999895833333333,38.54230807906298,158,resnet_pa,3,1,novel,animate_007_right.png,animate_008_right.png,identity,14,surprisal,0,5,500,20,20,999,999,999,1,0.1,0.1,0.0001,0.001,0.1,0.5,3
3,0,30.999895833333333,38.54230807906298,159,resnet_pa,3,1,novel,animate_008_right.png,animate_007_right.png,identity,15,surprisal,0,5,500,20,20,999,999,999,1,0.1,0.1,0.0001,0.001,0.1,0.5,3
3,0,30.999895833333333,38.54230807906298,160,resnet_pa,3,1,novel,animate_009_left.png,animate_010_left.png,identity,16,surprisal,0,5,500,20,20,999,999,999,1,0.1,0.1,0.0001,0.001,0.1,0.5,3
3,0,30.999895833333333,38.54230807906298,161,resnet_pa,3,1,novel,animate_010_left.png,animate_009_left.png,identity,17,surprisal,0,5,500,20,20,999,999,999,1,0.1,0.1,0.0001,0.001,0.1,0.5,3
3,0,30.999895833333333,38.54230807906298,162,resnet_pa,3,1,novel,animate_009_right.png,animate_010_right.png,identity,18,surprisal,0,5,500,20,20,999,999,999,1,0.1,0.1,0.0001,0.001,0.1,0.5,3
3,0,30.999895833333333,38.54230807906298,163,resnet_pa,3,1,novel,animate_010_right.png,animate_009_right.png,identity,19,surprisal,0,5,500,20,20,999,999,999,1,0.1,0.1,0.0001,0.001,0.1,0.5,3
3,0,30.999895833333333,38.54230807906298,164,resnet_pa,3,1,novel,animate_011_left.png,animate_012_left.png,identity,20,surprisal,0,5,500,20,20,999,999,999,1,0.1,0.1,0.0001,0.001,0.1,0.5,3
3,0,30.999895833333333,38.54230807906298,165,resnet_pa,3,1,novel,animate_012_left.png,animate_011_left.png,identity,21,surprisal,0,5,500,20,20,999,999,999,1,0.1,0.1,0.0001,0.001,0.1,0.5,3
3,0,30.999895833333333,38.54230807906298,166,resnet_pa,3,1,novel,animate_011_right.png,animate_012_right.png,identity,22,surprisal,0,5,500,20,20,999,999,999,1,0.1,0.1,0.0001,0.001,0.1,0.5,3
3,0,30.999895833333333,38.54230807906298,167,resnet_pa,3,1,novel,animate_012_right.png,animate_012_right.png,identity,23,surprisal,0,5,500,20,20,999,999,999,1,0.1,0.1,0.0001,0.001,0.1,0.5,3
4,0,29.136979166666666,37.450138122505464,216,resnet_pa,3,2,fam,animate_001_left.png,animate_001_left.png,background,24,surprisal,0,5,500,20,20,999,999,999,1,0.1,0.1,0.0001,0.001,0.1,0.5,3
4,0,29.136979166666666,37.450138122505464,217,resnet_pa,3,2,fam,animate_002_left.png,animate_002_left.png,background,25,surprisal,0,5,500,20,20,999,999,999,1,0.1,0.1,0.0001,0.001,0.1,0.5,3
4,0,29.136979166666666,37.450138122505464,218,resnet_pa,3,2,fam,animate_001_right.png,animate_001_right.png,background,26,surprisal,0,5,500,20,20,999,999,999,1,0.1,0.1,0.0001,0.001,0.1,0.5,3
4,0,29.136979166666666,37.450138122505464,219,resnet_pa,3,2,fam,animate_002_right.png,animate_002_right.png,background,27,surprisal,0,5,500,20,20,999,999,999,1,0.1,0.1,0.0001,0.001,0.1,0.5,3
4,0,29.136979166666666,37.450138122505464,220,resnet_pa,3,2,fam,animate_003_left.png,animate_003_left.png,background,28,surprisal,0,5,500,20,20,999,999,999,1,0.1,0.1,0.0001,0.001,0.1,0.5,3
4,0,29.136979166666666,37.450138122505464,221,resnet_pa,3,2,fam,animate_004_left.png,animate_004_left.png,background,29,surprisal,0,5,500,20,20,999,999,999,1,0.1,0.1,0.0001,0.001,0.1,0.5,3
4,0,29.136979166666666,37.450138122505464,222,resnet_pa,3,2,fam,animate_003_right.png,animate_003_right.png,background,30,surprisal,0,5,500,20,20,999,999,999,1,0.1,0.1,0.0001,0.001,0.1,0.5,3
4,0,29.136979166666666,37.450138122505464,223,resnet_pa,3,2,fam,animate_004_right.png,animate_004_right.png,background,31,surprisal,0,5,500,20,20,999,999,999,1,0.1,0.1,0.0001,0.001,0.1,0.5,3
4,0,29.136979166666666,37.450138122505464,224,resnet_pa,3,2,fam,animate_005_left.png,animate_005_left.png,background,32,surprisal,0,5,500,20,20,999,999,999,1,0.1,0.1,0.0001,0.001,0.1,0.5,3
4,0,29.136979166666666,37.450138122505464,225,resnet_pa,3,2,fam,animate_006_left.png,animate_006_left.png,background,33,surprisal,0,5,500,20,20,999,999,999,1,0.1,0.1,0.0001,0.001,0.1,0.5,3
4,0,29.136979166666666,37.450138122505464,226,resnet_pa,3,2,fam,animate_005_right.png,animate_005_right.png,background,34,surprisal,0,5,500,20,20,999,999,999,1,0.1,0.1,0.0001,0.001,0.1,0.5,3
4,0,29.136979166666666,37.450138122505464,227,resnet_pa,3,2,fam,animate_006_right.png,animate_006_right.png,background,35,surprisal,0,5,500,20,20,999,999,999,1,0.1,0.1,0.0001,0.001,0.1,0.5,3
4,0,29.136979166666666,37.450138122505464,228,resnet_pa,3,2,fam,animate_007_left.png,animate_007_left.png,background,36,surprisal,0,5,500,20,20,999,999,999,1,0.1,0.1,0.0001,0.001,0.1,0.5,3
4,0,29.136979166666666,37.450138122505464,229,resnet_pa,3,2,fam,animate_008_left.png,animate_008_left.png,background,37,surprisal,0,5,500,20,20,999,999,999,1,0.1,0.1,0.0001,0.001,0.1,0.5,3
4,0,29.136979166666666,37.450138122505464,230,resnet_pa,3,2,fam,animate_007_right.png,animate_007_right.png,background,38,surprisal,0,5,500,20,20,999,999,999,1,0.1,0.1,0.0001,0.001,0.1,0.5,3
4,0,29.136979166666666,37.450138122505464,231,resnet_pa,3,2,fam,animate_008_right.png,animate_008_right.png,background,39,surprisal,0,5,500,20,20,999,999,999,1,0.1,0.1,0.0001,0.001,0.1,0.5,3
4,0,29.136979166666666,37.450138122505464,232,resnet_pa,3,2,fam,animate_009_left.png,animate_009_left.png,background,40,surprisal,0,5,500,20,20,999,999,999,1,0.1,0.1,0.0001,0.001,0.1,0.5,3
4,0,29.136979166666666,37.450138122505464,233,resnet_pa,3,2,fam,animate_010_left.png,animate_010_left.png,background,41,surprisal,0,5,500,20,20,999,999,999,1,0.1,0.1,0.0001,0.001,0.1,0.5,3
4,0,29.136979166666666,37.450138122505464,234,resnet_pa,3,2,fam,animate_009_right.png,animate_009_right.png,background,42,surprisal,0,5,500,20,20,999,999,999,1,0.1,0.1,0.0001,0.001,0.1,0.5,3
4,0,29.136979166666666,37.450138122505464,235,resnet_pa,3,2,fam,animate_010_right.png,animate_010_right.png,background,43,surprisal,0,5,500,20,20,999,999,999,1,0.1,0.1,0.0001,0.001,0.1,0.5,3
4,0,29.136979166666666,37.450138122505464,236,resnet_pa,3,2,fam,animate_011_left.png,animate_011_left.png,background,44,surprisal,0,5,500,20,20,999,999,999,1,0.1,0.1,0.0001,0.001,0.1,0.5,3
4,0,29.136979166666666,37.450138122505464,237,resnet_pa,3,2,fam,animate_012_left.png,animate_012_left.png,background,45,surprisal,0,5,500,20,20,999,999,999,1,0.1,0.1,0.0001,0.001,0.1,0.5,3
4,0,29.136979166666666,37.450138122505464,238,resnet_pa,3,2,fam,animate_011_right.png,animate_011_right.png,background,46,surprisal,0,5,500,20,20,999,999,999,1,0.1,0.1,0.0001,0.001,0.1,0.5,3
4,0,29.136979166666666,37.450138122505464,239,resnet_pa,3,2,fam,animate_012_right.png,animate_012_right.png,background,47,surprisal,0,5,500,20,20,999,999,999,1,0.1,0.1,0.0001,0.001,0.1,0.5,3
5,0,29.77375,37.17463690994123,240,resnet_pa,3,2,novel,animate_001_left.png,animate_002_left.png,identity,0,surprisal,0,5,500,20,20,999,999,999,1,0.1,0.1,0.0001,0.001,0.1,0.5,3
5,0,29.77375,37.17463690994123,241,resnet_pa,3,2,novel,animate_002_left.png,animate_001_left.png,identity,1,surprisal,0,5,500,20,20,999,999,999,1,0.1,0.1,0.0001,0.001,0.1,0.5,3
5,0,29.77375,37.17463690994123,242,resnet_pa,3,2,novel,animate_001_right.png,animate_002_right.png,identity,2,surprisal,0,5,500,20,20,999,999,999,1,0.1,0.1,0.0001,0.001,0.1,0.5,3
5,0,29.77375,37.17463690994123,243,resnet_pa,3,2,novel,animate_002_right.png,animate_001_right.png,identity,3,surprisal,0,5,500,20,20,999,999,999,1,0.1,0.1,0.0001,0.001,0.1,0.5,3
5,0,29.77375,37.17463690994123,244,resnet_pa,3,2,novel,animate_003_left.png,animate_004_left.png,identity,4,surprisal,0,5,500,20,20,999,999,999,1,0.1,0.1,0.0001,0.001,0.1,0.5,3
5,0,29.77375,37.17463690994123,245,resnet_pa,3,2,novel,animate_004_left.png,animate_003_left.png,identity,5,surprisal,0,5,500,20,20,999,999,999,1,0.1,0.1,0.0001,0.001,0.1,0.5,3
5,0,29.77375,37.17463690994123,246,resnet_pa,3,2,novel,animate_003_right.png,animate_004_right.png,identity,6,surprisal,0,5,500,20,20,999,999,999,1,0.1,0.1,0.0001,0.001,0.1,0.5,3
5,0,29.77375,37.17463690994123,247,resnet_pa,3,2,novel,animate_004_right.png,animate_003_right.png,identity,7,surprisal,0,5,500,20,20,999,999,999,1,0.1,0.1,0.0001,0.001,0.1,0.5,3
5,0,29.77375,37.17463690994123,248,resnet_pa,3,2,novel,animate_005_left.png,animate_006_left.png,identity,8,surprisal,0,5,500,20,20,999,999,999,1,0.1,0.1,0.0001,0.001,0.1,0.5,3
5,0,29.77375,37.17463690994123,249,resnet_pa,3,2,novel,animate_006_left.png,animate_005_left.png,identity,9,surprisal,0,5,500,20,20,999,999,999,1,0.1,0.1,0.0001,0.001,0.1,0.5,3
5,0,29.77375,37.17463690994123,250,resnet_pa,3,2,novel,animate_005_right.png,animate_006_right.png,identity,10,surprisal,0,5,500,20,20,999,999,999,1,0.1,0.1,0.0001,0.001,0.1,0.5,3
5,0,29.77375,37.17463690994123,251,resnet_pa,3,2,novel,animate_006_right.png,animate_005_right.png,identity,11,surprisal,0,5,500,20,20,999,999,999,1,0.1,0.1,0.0001,0.001,0.1,0.5,3
5,0,29.77375,37.17463690994123,252,resnet_pa,3,2,novel,animate_007_left.png,animate_008_left.png,identity,12,surprisal,0,5,500,20,20,999,999,999,1,0.1,0.1,0.0001,0.001,0.1,0.5,3
5,0,29.77375,37.17463690994123,253,resnet_pa,3,2,novel,animate_008_left.png,animate_007_left.png,identity,13,surprisal,0,5,500,20,20,999,999,999,1,0.1,0.1,0.0001,0.001,0.1,0.5,3
5,0,29.77375,37.17463690994123,254,resnet_pa,3,2,novel,animate_007_right.png,animate_008_right.png,identity,14,surprisal,0,5,500,20,20,999,999,999,1,0.1,0.1,0.0001,0.001,0.1,0.5,3
5,0,29.77375,37.17463690994123,255,resnet_pa,3,2,novel,animate_008_right.png,animate_007_right.png,identity,15,surprisal,0,5,500,20,20,999,999,999,1,0.1,0.1,0.0001,0.001,0.1,0.5,3
5,0,29.77375,37.17463690994123,256,resnet_pa,3,2,novel,animate_009_left.png,animate_010_left.png,identity,16,surprisal,0,5,500,20,20,999,999,999,1,0.1,0.1,0.0001,0.001,0.1,0.5,3
5,0,29.77375,37.17463690994123,257,resnet_pa,3,2,novel,animate_010_left.png,animate_009_left.png,identity,17,surprisal,0,5,500,20,20,999,999,999,1,0.1,0.1,0.0001,0.001,0.1,0.5,3
5,0,29.77375,37.17463690994123,258,resnet_pa,3,2,novel,animate_009_right.png,animate_010_right.png,identity,18,surprisal,0,5,500,20,20,999,999,999,1,0.1,0.1,0.0001,0.001,0.1,0.5,3
5,0,29.77375,37.17463690994123,259,resnet_pa,3,2,novel,animate_010_right.png,animate_009_right.png,identity,19,surprisal,0,5,500,20,20,999,999,999,1,0.1,0.1,0.0001,0.001,0.1,0.5,3
5,0,29.77375,37.17463690994123,260,resnet_pa,3,2,novel,animate_011_left.png,animate_012_left.png,identity,20,surprisal,0,5,500,20,20,999,999,999,1,0.1,0.1,0.0001,0.001,0.1,0.5,3
5,0,29.77375,37.17463690994123,261,resnet_pa,3,2,novel,animate_012_left.png,animate_011_left.png,identity,21,surprisal,0,5,500,20,20,999,999,999,1,0.1,0.1,0.0001,0.001,0.1,0.5,3
5,0,29.77375,37.17463690994123,262,resnet_pa,3,2,novel,animate_011_right.png,animate_012_right.png,identity,22,surprisal,0,5,500,20,20,999,999,999,1,0.1,0.1,0.0001,0.001,0.1,0.5,3
5,0,29.77375,37.17463690994123,263,resnet_pa,3,2,novel,animate_012_right.png,animate_012_right.png,identity,23,surprisal,0,5,500,20,20,999,999,999,1,0.1,0.1,0.0001,0.001,0.1,0.5,3
6,0,29.998333333333335,37.95479753208749,312,resnet_pa,3,3,fam,animate_001_left.png,animate_001_left.png,background,24,surprisal,0,5,500,20,20,999,999,999,1,0.1,0.1,0.0001,0.001,0.1,0.5,3
6,0,29.998333333333335,37.95479753208749,313,resnet_pa,3,3,fam,animate_002_left.png,animate_002_left.png,background,25,surprisal,0,5,500,20,20,999,999,999,1,0.1,0.1,0.0001,0.001,0.1,0.5,3
6,0,29.998333333333335,37.95479753208749,314,resnet_pa,3,3,fam,animate_001_right.png,animate_001_right.png,background,26,surprisal,0,5,500,20,20,999,999,999,1,0.1,0.1,0.0001,0.001,0.1,0.5,3
6,0,29.998333333333335,37.95479753208749,315,resnet_pa,3,3,fam,animate_002_right.png,animate_002_right.png,background,27,surprisal,0,5,500,20,20,999,999,999,1,0.1,0.1,0.0001,0.001,0.1,0.5,3
6,0,29.998333333333335,37.95479753208749,316,resnet_pa,3,3,fam,animate_003_left.png,animate_003_left.png,background,28,surprisal,0,5,500,20,20,999,999,999,1,0.1,0.1,0.0001,0.001,0.1,0.5,3
6,0,29.998333333333335,37.95479753208749,317,resnet_pa,3,3,fam,animate_004_left.png,animate_004_left.png,background,29,surprisal,0,5,500,20,20,999,999,999,1,0.1,0.1,0.0001,0.001,0.1,0.5,3
6,0,29.998333333333335,37.95479753208749,318,resnet_pa,3,3,fam,animate_003_right.png,animate_003_right.png,background,30,surprisal,0,5,500,20,20,999,999,999,1,0.1,0.1,0.0001,0.001,0.1,0.5,3
6,0,29.998333333333335,37.95479753208749,319,resnet_pa,3,3,fam,animate_004_right.png,animate_004_right.png,background,31,surprisal,0,5,500,20,20,999,999,999,1,0.1,0.1,0.0001,0.001,0.1,0.5,3
6,0,29.998333333333335,37.95479753208749,320,resnet_pa,3,3,fam,animate_005_left.png,animate_005_left.png,background,32,surprisal,0,5,500,20,20,999,999,999,1,0.1,0.1,0.0001,0.001,0.1,0.5,3
6,0,29.998333333333335,37.95479753208749,321,resnet_pa,3,3,fam,animate_006_left.png,animate_006_left.png,background,33,surprisal,0,5,500,20,20,999,999,999,1,0.1,0.1,0.0001,0.001,0.1,0.5,3
6,0,29.998333333333335,37.95479753208749,322,resnet_pa,3,3,fam,animate_005_right.png,animate_005_right.png,background,34,surprisal,0,5,500,20,20,999,999,999,1,0.1,0.1,0.0001,0.001,0.1,0.5,3
6,0,29.998333333333335,37.95479753208749,323,resnet_pa,3,3,fam,animate_006_right.png,animate_006_right.png,background,35,surprisal,0,5,500,20,20,999,999,999,1,0.1,0.1,0.0001,0.001,0.1,0.5,3
6,0,29.998333333333335,37.95479753208749,324,resnet_pa,3,3,fam,animate_007_left.png,animate_007_left.png,background,36,surprisal,0,5,500,20,20,999,999,999,1,0.1,0.1,0.0001,0.001,0.1,0.5,3
6,0,29.998333333333335,37.95479753208749,325,resnet_pa,3,3,fam,animate_008_left.png,animate_008_left.png,background,37,surprisal,0,5,500,20,20,999,999,999,1,0.1,0.1,0.0001,0.001,0.1,0.5,3
6,0,29.998333333333335,37.95479753208749,326,resnet_pa,3,3,fam,animate_007_right.png,animate_007_right.png,background,38,surprisal,0,5,500,20,20,999,999,999,1,0.1,0.1,0.0001,0.001,0.1,0.5,3
6,0,29.998333333333335,37.95479753208749,327,resnet_pa,3,3,fam,animate_008_right.png,animate_008_right.png,background,39,surprisal,0,5,500,20,20,999,999,999,1,0.1,0.1,0.0001,0.001,0.1,0.5,3
6,0,29.998333333333335,37.95479753208749,328,resnet_pa,3,3,fam,animate_009_left.png,animate_009_left.png,background,40,surprisal,0,5,500,20,20,999,999,999,1,0.1,0.1,0.0001,0.001,0.1,0.5,3
6,0,29.998333333333335,37.95479753208749,329,resnet_pa,3,3,fam,animate_010_left.png,animate_010_left.png,background,41,surprisal,0,5,500,20,20,999,999,999,1,0.1,0.1,0.0001,0.001,0.1,0.5,3
6,0,29.998333333333335,37.95479753208749,330,resnet_pa,3,3,fam,animate_009_right.png,animate_009_right.png,background,42,surprisal,0,5,500,20,20,999,999,999,1,0.1,0.1,0.0001,0.001,0.1,0.5,3
6,0,29.998333333333335,37.95479753208749,331,resnet_pa,3,3,fam,animate_010_right.png,animate_010_right.png,background,43,surprisal,0,5,500,20,20,999,999,999,1,0.1,0.1,0.0001,0.001,0.1,0.5,3
6,0,29.998333333333335,37.95479753208749,332,resnet_pa,3,3,fam,animate_011_left.png,animate_011_left.png,background,44,surprisal,0,5,500,20,20,999,999,999,1,0.1,0.1,0.0001,0.001,0.1,0.5,3
6,0,29.998333333333335,37.95479753208749,333,resnet_pa,3,3,fam,animate_012_left.png,animate_012_left.png,background,45,surprisal,0,5,500,20,20,999,999,999,1,0.1,0.1,0.0001,0.001,0.1,0.5,3
6,0,29.998333333333335,37.95479753208749,334,resnet_pa,3,3,fam,animate_011_right.png,animate_011_right.png,background,46,surprisal,0,5,500,20,20,999,999,999,1,0.1,0.1,0.0001,0.001,0.1,0.5,3
6,0,29.998333333333335,37.95479753208749,335,resnet_pa,3,3,fam,animate_012_right.png,animate_012_right.png,background,47,surprisal,0,5,500,20,20,999,999,999,1,0.1,0.1,0.0001,0.001,0.1,0.5,3
7,0,29.498854166666668,37.736605399285764,336,resnet_pa,3,3,novel,animate_001_left.png,animate_002_left.png,identity,0,surprisal,0,5,500,20,20,999,999,999,1,0.1,0.1,0.0001,0.001,0.1,0.5,3
7,0,29.498854166666668,37.736605399285764,337,resnet_pa,3,3,novel,animate_002_left.png,animate_001_left.png,identity,1,surprisal,0,5,500,20,20,999,999,999,1,0.1,0.1,0.0001,0.001,0.1,0.5,3
7,0,29.498854166666668,37.736605399285764,338,resnet_pa,3,3,novel,animate_001_right.png,animate_002_right.png,identity,2,surprisal,0,5,500,20,20,999,999,999,1,0.1,0.1,0.0001,0.001,0.1,0.5,3
7,0,29.498854166666668,37.736605399285764,339,resnet_pa,3,3,novel,animate_002_right.png,animate_001_right.png,identity,3,surprisal,0,5,500,20,20,999,999,999,1,0.1,0.1,0.0001,0.001,0.1,0.5,3
7,0,29.498854166666668,37.736605399285764,340,resnet_pa,3,3,novel,animate_003_left.png,animate_004_left.png,identity,4,surprisal,0,5,500,20,20,999,999,999,1,0.1,0.1,0.0001,0.001,0.1,0.5,3
7,0,29.498854166666668,37.736605399285764,341,resnet_pa,3,3,novel,animate_004_left.png,animate_003_left.png,identity,5,surprisal,0,5,500,20,20,999,999,999,1,0.1,0.1,0.0001,0.001,0.1,0.5,3
7,0,29.498854166666668,37.736605399285764,342,resnet_pa,3,3,novel,animate_003_right.png,animate_004_right.png,identity,6,surprisal,0,5,500,20,20,999,999,999,1,0.1,0.1,0.0001,0.001,0.1,0.5,3
7,0,29.498854166666668,37.736605399285764,343,resnet_pa,3,3,novel,animate_004_right.png,animate_003_right.png,identity,7,surprisal,0,5,500,20,20,999,999,999,1,0.1,0.1,0.0001,0.001,0.1,0.5,3
7,0,29.498854166666668,37.736605399285764,344,resnet_pa,3,3,novel,animate_005_left.png,animate_006_left.png,identity,8,surprisal,0,5,500,20,20,999,999,999,1,0.1,0.1,0.0001,0.001,0.1,0.5,3
7,0,29.498854166666668,37.736605399285764,345,resnet_pa,3,3,novel,animate_006_left.png,animate_005_left.png,identity,9,surprisal,0,5,500,20,20,999,999,999,1,0.1,0.1,0.0001,0.001,0.1,0.5,3
7,0,29.498854166666668,37.736605399285764,346,resnet_pa,3,3,novel,animate_005_right.png,animate_006_right.png,identity,10,surprisal,0,5,500,20,20,999,999,999,1,0.1,0.1,0.0001,0.001,0.1,0.5,3
7,0,29.498854166666668,37.736605399285764,347,resnet_pa,3,3,novel,animate_006_right.png,animate_005_right.png,identity,11,surprisal,0,5,500,20,20,999,999,999,1,0.1,0.1,0.0001,0.001,0.1,0.5,3
7,0,29.498854166666668,37.736605399285764,348,resnet_pa,3,3,novel,animate_007_left.png,animate_008_left.png,identity,12,surprisal,0,5,500,20,20,999,999,999,1,0.1,0.1,0.0001,0.001,0.1,0.5,3
7,0,29.498854166666668,37.736605399285764,349,resnet_pa,3,3,novel,animate_008_left.png,animate_007_left.png,identity,13,surprisal,0,5,500,20,20,999,999,999,1,0.1,0.1,0.0001,0.001,0.1,0.5,3
7,0,29.498854166666668,37.736605399285764,350,resnet_pa,3,3,novel,animate_007_right.png,animate_008_right.png,identity,14,surprisal,0,5,500,20,20,999,999,999,1,0.1,0.1,0.0001,0.001,0.1,0.5,3
7,0,29.498854166666668,37.736605399285764,351,resnet_pa,3,3,novel,animate_008_right.png,animate_007_right.png,identity,15,surprisal,0,5,500,20,20,999,999,999,1,0.1,0.1,0.0001,0.001,0.1,0.5,3
7,0,29.498854166666668,37.736605399285764,352,resnet_pa,3,3,novel,animate_009_left.png,animate_010_left.png,identity,16,surprisal,0,5,500,20,20,999,999,999,1,0.1,0.1,0.0001,0.001,0.1,0.5,3
7,0,29.498854166666668,37.736605399285764,353,resnet_pa,3,3,novel,animate_010_left.png,animate_009_left.png,identity,17,surprisal,0,5,500,20,20,999,999,999,1,0.1,0.1,0.0001,0.001,0.1,0.5,3
7,0,29.498854166666668,37.736605399285764,354,resnet_pa,3,3,novel,animate_009_right.png,animate_010_right.png,identity,18,surprisal,0,5,500,20,20,999,999,999,1,0.1,0.1,0.0001,0.001,0.1,0.5,3
7,0,29.498854166666668,37.736605399285764,355,resnet_pa,3,3,novel,animate_010_right.png,animate_009_right.png,identity,19,surprisal,0,5,500,20,20,999,999,999,1,0.1,0.1,0.0001,0.001,0.1,0.5,3
7,0,29.498854166666668,37.736605399285764,356,resnet_pa,3,3,novel,animate_011_left.png,animate_012_left.png,identity,20,surprisal,0,5,500,20,20,999,999,999,1,0.1,0.1,0.0001,0.001,0.1,0.5,3
7,0,29.498854166666668,37.736605399285764,357,resnet_pa,3,3,novel,animate_012_left.png,animate_011_left.png,identity,21,surprisal,0,5,500,20,20,999,999,999,1,0.1,0.1,0.0001,0.001,0.1,0.5,3
7,0,29.498854166666668,37.736605399285764,358,resnet_pa,3,3,novel,animate_011_right.png,animate_012_right.png,identity,22,surprisal,0,5,500,20,20,999,999,999,1,0.1,0.1,0.0001,0.001,0.1,0.5,3
7,0,29.498854166666668,37.736605399285764,359,resnet_pa,3,3,novel,animate_012_right.png,animate_012_right.png,identity,23,surprisal,0,5,500,20,20,999,999,999,1,0.1,0.1,0.0001,0.001,0.1,0.5,3
8,0,29.67927083333333,37.74426811079132,408,resnet_pa,3,4,fam,animate_001_left.png,animate_001_left.png,background,24,surprisal,0,5,500,20,20,999,999,999,1,0.1,0.1,0.0001,0.001,0.1,0.5,3
8,0,29.67927083333333,37.74426811079132,409,resnet_pa,3,4,fam,animate_002_left.png,animate_002_left.png,background,25,surprisal,0,5,500,20,20,999,999,999,1,0.1,0.1,0.0001,0.001,0.1,0.5,3
8,0,29.67927083333333,37.74426811079132,410,resnet_pa,3,4,fam,animate_001_right.png,animate_001_right.png,background,26,surprisal,0,5,500,20,20,999,999,999,1,0.1,0.1,0.0001,0.001,0.1,0.5,3
8,0,29.67927083333333,37.74426811079132,411,resnet_pa,3,4,fam,animate_002_right.png,animate_002_right.png,background,27,surprisal,0,5,500,20,20,999,999,999,1,0.1,0.1,0.0001,0.001,0.1,0.5,3
8,0,29.67927083333333,37.74426811079132,412,resnet_pa,3,4,fam,animate_003_left.png,animate_003_left.png,background,28,surprisal,0,5,500,20,20,999,999,999,1,0.1,0.1,0.0001,0.001,0.1,0.5,3
8,0,29.67927083333333,37.74426811079132,413,resnet_pa,3,4,fam,animate_004_left.png,animate_004_left.png,background,29,surprisal,0,5,500,20,20,999,999,999,1,0.1,0.1,0.0001,0.001,0.1,0.5,3
8,0,29.67927083333333,37.74426811079132,414,resnet_pa,3,4,fam,animate_003_right.png,animate_003_right.png,background,30,surprisal,0,5,500,20,20,999,999,999,1,0.1,0.1,0.0001,0.001,0.1,0.5,3
8,0,29.67927083333333,37.74426811079132,415,resnet_pa,3,4,fam,animate_004_right.png,animate_004_right.png,background,31,surprisal,0,5,500,20,20,999,999,999,1,0.1,0.1,0.0001,0.001,0.1,0.5,3
8,0,29.67927083333333,37.74426811079132,416,resnet_pa,3,4,fam,animate_005_left.png,animate_005_left.png,background,32,surprisal,0,5,500,20,20,999,999,999,1,0.1,0.1,0.0001,0.001,0.1,0.5,3
8,0,29.67927083333333,37.74426811079132,417,resnet_pa,3,4,fam,animate_006_left.png,animate_006_left.png,background,33,surprisal,0,5,500,20,20,999,999,999,1,0.1,0.1,0.0001,0.001,0.1,0.5,3
8,0,29.67927083333333,37.74426811079132,418,resnet_pa,3,4,fam,animate_005_right.png,animate_005_right.png,background,34,surprisal,0,5,500,20,20,999,999,999,1,0.1,0.1,0.0001,0.001,0.1,0.5,3
8,0,29.67927083333333,37.74426811079132,419,resnet_pa,3,4,fam,animate_006_right.png,animate_006_right.png,background,35,surprisal,0,5,500,20,20,999,999,999,1,0.1,0.1,0.0001,0.001,0.1,0.5,3
8,0,29.67927083333333,37.74426811079132,420,resnet_pa,3,4,fam,animate_007_left.png,animate_007_left.png,background,36,surprisal,0,5,500,20,20,999,999,999,1,0.1,0.1,0.0001,0.001,0.1,0.5,3
8,0,29.67927083333333,37.74426811079132,421,resnet_pa,3,4,fam,animate_008_left.png,animate_008_left.png,background,37,surprisal,0,5,500,20,20,999,999,999,1,0.1,0.1,0.0001,0.001,0.1,0.5,3
8,0,29.67927083333333,37.74426811079132,422,resnet_pa,3,4,fam,animate_007_right.png,animate_007_right.png,background,38,surprisal,0,5,500,20,20,999,999,999,1,0.1,0.1,0.0001,0.001,0.1,0.5,3
8,0,29.67927083333333,37.74426811079132,423,resnet_pa,3,4,fam,animate_008_right.png,animate_008_right.png,background,39,surprisal,0,5,500,20,20,999,999,999,1,0.1,0.1,0.0001,0.001,0.1,0.5,3
8,0,29.67927083333333,37.74426811079132,424,resnet_pa,3,4,fam,animate_009_left.png,animate_009_left.png,background,40,surprisal,0,5,500,20,20,999,999,999,1,0.1,0.1,0.0001,0.001,0.1,0.5,3
8,0,29.67927083333333,37.74426811079132,425,resnet_pa,3,4,fam,animate_010_left.png,animate_010_left.png,background,41,surprisal,0,5,500,20,20,999,999,999,1,0.1,0.1,0.0001,0.001,0.1,0.5,3
8,0,29.67927083333333,37.74426811079132,426,resnet_pa,3,4,fam,animate_009_right.png,animate_009_right.png,background,42,surprisal,0,5,500,20,20,999,999,999,1,0.1,0.1,0.0001,0.001,0.1,0.5,3
8,0,29.67927083333333,37.74426811079132,427,resnet_pa,3,4,fam,animate_010_right.png,animate_010_right.png,background,43,surprisal,0,5,500,20,20,999,999,999,1,0.1,0.1,0.0001,0.001,0.1,0.5,3
8,0,29.67927083333333,37.74426811079132,428,resnet_pa,3,4,fam,animate_011_left.png,animate_011_left.png,background,44,surprisal,0,5,500,20,20,999,999,999,1,0.1,0.1,0.0001,0.001,0.1,0.5,3
8,0,29.67927083333333,37.74426811079132,429,resnet_pa,3,4,fam,animate_012_left.png,animate_012_left.png,background,45,surprisal,0,5,500,20,20,999,999,999,1,0.1,0.1,0.0001,0.001,0.1,0.5,3
8,0,29.67927083333333,37.74426811079132,430,resnet_pa,3,4,fam,animate_011_right.png,animate_011_right.png,background,46,surprisal,0,5,500,20,20,999,999,999,1,0.1,0.1,0.0001,0.001,0.1,0.5,3
8,0,29.67927083333333,37.74426811079132,431,resnet_pa,3,4,fam,animate_012_right.png,animate_012_right.png,background,47,surprisal,0,5,500,20,20,999,999,999,1,0.1,0.1,0.0001,0.001,0.1,0.5,3
9,0,29.447604166666668,37.36813107976818,432,resnet_pa,3,4,novel,animate_001_left.png,animate_002_left.png,identity,0,surprisal,0,5,500,20,20,999,999,999,1,0.1,0.1,0.0001,0.001,0.1,0.5,3
9,0,29.447604166666668,37.36813107976818,433,resnet_pa,3,4,novel,animate_002_left.png,animate_001_left.png,identity,1,surprisal,0,5,500,20,20,999,999,999,1,0.1,0.1,0.0001,0.001,0.1,0.5,3
9,0,29.447604166666668,37.36813107976818,434,resnet_pa,3,4,novel,animate_001_right.png,animate_002_right.png,identity,2,surprisal,0,5,500,20,20,999,999,999,1,0.1,0.1,0.0001,0.001,0.1,0.5,3
9,0,29.447604166666668,37.36813107976818,435,resnet_pa,3,4,novel,animate_002_right.png,animate_001_right.png,identity,3,surprisal,0,5,500,20,20,999,999,999,1,0.1,0.1,0.0001,0.001,0.1,0.5,3
9,0,29.447604166666668,37.36813107976818,436,resnet_pa,3,4,novel,animate_003_left.png,animate_004_left.png,identity,4,surprisal,0,5,500,20,20,999,999,999,1,0.1,0.1,0.0001,0.001,0.1,0.5,3
9,0,29.447604166666668,37.36813107976818,437,resnet_pa,3,4,novel,animate_004_left.png,animate_003_left.png,identity,5,surprisal,0,5,500,20,20,999,999,999,1,0.1,0.1,0.0001,0.001,0.1,0.5,3
9,0,29.447604166666668,37.36813107976818,438,resnet_pa,3,4,novel,animate_003_right.png,animate_004_right.png,identity,6,surprisal,0,5,500,20,20,999,999,999,1,0.1,0.1,0.0001,0.001,0.1,0.5,3
9,0,29.447604166666668,37.36813107976818,439,resnet_pa,3,4,novel,animate_004_right.png,animate_003_right.png,identity,7,surprisal,0,5,500,20,20,999,999,999,1,0.1,0.1,0.0001,0.001,0.1,0.5,3
9,0,29.447604166666668,37.36813107976818,440,resnet_pa,3,4,novel,animate_005_left.png,animate_006_left.png,identity,8,surprisal,0,5,500,20,20,999,999,999,1,0.1,0.1,0.0001,0.001,0.1,0.5,3
9,0,29.447604166666668,37.36813107976818,441,resnet_pa,3,4,novel,animate_006_left.png,animate_005_left.png,identity,9,surprisal,0,5,500,20,20,999,999,999,1,0.1,0.1,0.0001,0.001,0.1,0.5,3
9,0,29.447604166666668,37.36813107976818,442,resnet_pa,3,4,novel,animate_005_right.png,animate_006_right.png,identity,10,surprisal,0,5,500,20,20,999,999,999,1,0.1,0.1,0.0001,0.001,0.1,0.5,3
9,0,29.447604166666668,37.36813107976818,443,resnet_pa,3,4,novel,animate_006_right.png,animate_005_right.png,identity,11,surprisal,0,5,500,20,20,999,999,999,1,0.1,0.1,0.0001,0.001,0.1,0.5,3
9,0,29.447604166666668,37.36813107976818,444,resnet_pa,3,4,novel,animate_007_left.png,animate_008_left.png,identity,12,surprisal,0,5,500,20,20,999,999,999,1,0.1,0.1,0.0001,0.001,0.1,0.5,3
9,0,29.447604166666668,37.36813107976818,445,resnet_pa,3,4,novel,animate_008_left.png,animate_007_left.png,identity,13,surprisal,0,5,500,20,20,999,999,999,1,0.1,0.1,0.0001,0.001,0.1,0.5,3
9,0,29.447604166666668,37.36813107976818,446,resnet_pa,3,4,novel,animate_007_right.png,animate_008_right.png,identity,14,surprisal,0,5,500,20,20,999,999,999,1,0.1,0.1,0.0001,0.001,0.1,0.5,3
9,0,29.447604166666668,37.36813107976818,447,resnet_pa,3,4,novel,animate_008_right.png,animate_007_right.png,identity,15,surprisal,0,5,500,20,20,999,999,999,1,0.1,0.1,0.0001,0.001,0.1,0.5,3
9,0,29.447604166666668,37.36813107976818,448,resnet_pa,3,4,novel,animate_009_left.png,animate_010_left.png,identity,16,surprisal,0,5,500,20,20,999,999,999,1,0.1,0.1,0.0001,0.001,0.1,0.5,3
9,0,29.447604166666668,37.36813107976818,449,resnet_pa,3,4,novel,animate_010_left.png,animate_009_left.png,identity,17,surprisal,0,5,500,20,20,999,999,999,1,0.1,0.1,0.0001,0.001,0.1,0.5,3
9,0,29.447604166666668,37.36813107976818,450,resnet_pa,3,4,novel,animate_009_right.png,animate_010_right.png,identity,18,surprisal,0,5,500,20,20,999,999,999,1,0.1,0.1,0.0001,0.001,0.1,0.5,3
9,0,29.447604166666668,37.36813107976818,451,resnet_pa,3,4,novel,animate_010_right.png,animate_009_right.png,identity,19,surprisal,0,5,500,20,20,999,999,999,1,0.1,0.1,0.0001,0.001,0.1,0.5,3
9,0,29.447604166666668,37.36813107976818,452,resnet_pa,3,4,novel,animate_011_left.png,animate_012_left.png,identity,20,surprisal,0,5,500,20,20,999,999,999,1,0.1,0.1,0.0001,0.001,0.1,0.5,3
9,0,29.447604166666668,37.36813107976818,453,resnet_pa,3,4,novel,animate_012_left.png,animate_011_left.png,identity,21,surprisal,0,5,500,20,20,999,999,999,1,0.1,0.1,0.0001,0.001,0.1,0.5,3
9,0,29.447604166666668,37.36813107976818,454,resnet_pa,3,4,novel,animate_011_right.png,animate_012_right.png,identity,22,surprisal,0,5,500,20,20,999,999,999,1,0.1,0.1,0.0001,0.001,0.1,0.5,3
9,0,29.447604166666668,37.36813107976818,455,resnet_pa,3,4,novel,animate_012_right.png,animate_012_right.png,identity,23,surprisal,0,5,500,20,20,999,999,999,1,0.1,0.1,0.0001,0.001,0.1,0.5,3
10,0,27.95270833333333,35.71177888758539,504,resnet_pa,3,5,fam,animate_001_left.png,animate_001_left.png,background,24,surprisal,0,5,500,20,20,999,999,999,1,0.1,0.1,0.0001,0.001,0.1,0.5,3
10,0,27.95270833333333,35.71177888758539,505,resnet_pa,3,5,fam,animate_002_left.png,animate_002_left.png,background,25,surprisal,0,5,500,20,20,999,999,999,1,0.1,0.1,0.0001,0.001,0.1,0.5,3
10,0,27.95270833333333,35.71177888758539,506,resnet_pa,3,5,fam,animate_001_right.png,animate_001_right.png,background,26,surprisal,0,5,500,20,20,999,999,999,1,0.1,0.1,0.0001,0.001,0.1,0.5,3
10,0,27.95270833333333,35.71177888758539,507,resnet_pa,3,5,fam,animate_002_right.png,animate_002_right.png,background,27,surprisal,0,5,500,20,20,999,999,999,1,0.1,0.1,0.0001,0.001,0.1,0.5,3
10,0,27.95270833333333,35.71177888758539,508,resnet_pa,3,5,fam,animate_003_left.png,animate_003_left.png,background,28,surprisal,0,5,500,20,20,999,999,999,1,0.1,0.1,0.0001,0.001,0.1,0.5,3
10,0,27.95270833333333,35.71177888758539,509,resnet_pa,3,5,fam,animate_004_left.png,animate_004_left.png,background,29,surprisal,0,5,500,20,20,999,999,999,1,0.1,0.1,0.0001,0.001,0.1,0.5,3
10,0,27.95270833333333,35.71177888758539,510,resnet_pa,3,5,fam,animate_003_right.png,animate_003_right.png,background,30,surprisal,0,5,500,20,20,999,999,999,1,0.1,0.1,0.0001,0.001,0.1,0.5,3
10,0,27.95270833333333,35.71177888758539,511,resnet_pa,3,5,fam,animate_004_right.png,animate_004_right.png,background,31,surprisal,0,5,500,20,20,999,999,999,1,0.1,0.1,0.0001,0.001,0.1,0.5,3
10,0,27.95270833333333,35.71177888758539,512,resnet_pa,3,5,fam,animate_005_left.png,animate_005_left.png,background,32,surprisal,0,5,500,20,20,999,999,999,1,0.1,0.1,0.0001,0.001,0.1,0.5,3
10,0,27.95270833333333,35.71177888758539,513,resnet_pa,3,5,fam,animate_006_left.png,animate_006_left.png,background,33,surprisal,0,5,500,20,20,999,999,999,1,0.1,0.1,0.0001,0.001,0.1,0.5,3
10,0,27.95270833333333,35.71177888758539,514,resnet_pa,3,5,fam,animate_005_right.png,animate_005_right.png,background,34,surprisal,0,5,500,20,20,999,999,999,1,0.1,0.1,0.0001,0.001,0.1,0.5,3
10,0,27.95270833333333,35.71177888758539,515,resnet_pa,3,5,fam,animate_006_right.png,animate_006_right.png,background,35,surprisal,0,5,500,20,20,999,999,999,1,0.1,0.1,0.0001,0.001,0.1,0.5,3
10,0,27.95270833333333,35.71177888758539,516,resnet_pa,3,5,fam,animate_007_left.png,animate_007_left.png,background,36,surprisal,0,5,500,20,20,999,999,999,1,0.1,0.1,0.0001,0.001,0.1,0.5,3
10,0,27.95270833333333,35.71177888758539,517,resnet_pa,3,5,fam,animate_008_left.png,animate_008_left.png,background,37,surprisal,0,5,500,20,20,999,999,999,1,0.1,0.1,0.0001,0.001,0.1,0.5,3
10,0,27.95270833333333,35.71177888758539,518,resnet_pa,3,5,fam,animate_007_right.png,animate_007_right.png,background,38,surprisal,0,5,500,20,20,999,999,999,1,0.1,0.1,0.0001,0.001,0.1,0.5,3
10,0,27.95270833333333,35.71177888758539,519,resnet_pa,3,5,fam,animate_008_right.png,animate_008_right.png,background,39,surprisal,0,5,500,20,20,999,999,999,1,0.1,0.1,0.0001,0.001,0.1,0.5,3
10,0,27.95270833333333,35.71177888758539,520,resnet_pa,3,5,fam,animate_009_left.png,animate_009_left.png,background,40,surprisal,0,5,500,20,20,999,999,999,1,0.1,0.1,0.0001,0.001,0.1,0.5,3
10,0,27.95270833333333,35.71177888758539,521,resnet_pa,3,5,fam,animate_010_left.png,animate_010_left.png,background,41,surprisal,0,5,500,20,20,999,999,999,1,0.1,0.1,0.0001,0.001,0.1,0.5,3
10,0,27.95270833333333,35.71177888758539,522,resnet_pa,3,5,fam,animate_009_right.png,animate_009_right.png,background,42,surprisal,0,5,500,20,20,999,999,999,1,0.1,0.1,0.0001,0.001,0.1,0.5,3
10,0,27.95270833333333,35.71177888758539,523,resnet_pa,3,5,fam,animate_010_right.png,animate_010_right.png,background,43,surprisal,0,5,500,20,20,999,999,999,1,0.1,0.1,0.0001,0.001,0.1,0.5,3
10,0,27.95270833333333,35.71177888758539,524,resnet_pa,3,5,fam,animate_011_left.png,animate_011_left.png,background,44,surprisal,0,5,500,20,20,999,999,999,1,0.1,0.1,0.0001,0.001,0.1,0.5,3
10,0,27.95270833333333,35.71177888758539,525,resnet_pa,3,5,fam,animate_012_left.png,animate_012_left.png,background,45,surprisal,0,5,500,20,20,999,999,999,1,0.1,0.1,0.0001,0.001,0.1,0.5,3
10,0,27.95270833333333,35.71177888758539,526,resnet_pa,3,5,fam,animate_011_right.png,animate_011_right.png,background,46,surprisal,0,5,500,20,20,999,999,999,1,0.1,0.1,0.0001,0.001,0.1,0.5,3
10,0,27.95270833333333,35.71177888758539,527,resnet_pa,3,5,fam,animate_012_right.png,animate_012_right.png,background,47,surprisal,0,5,500,20,20,999,999,999,1,0.1,0.1,0.0001,0.001,0.1,0.5,3
11,0,29.0584375,37.056945495140646,528,resnet_pa,3,5,novel,animate_001_left.png,animate_002_left.png,identity,0,surprisal,0,5,500,20,20,999,999,999,1,0.1,0.1,0.0001,0.001,0.1,0.5,3
11,0,29.0584375,37.056945495140646,529,resnet_pa,3,5,novel,animate_002_left.png,animate_001_left.png,identity,1,surprisal,0,5,500,20,20,999,999,999,1,0.1,0.1,0.0001,0.001,0.1,0.5,3
11,0,29.0584375,37.056945495140646,530,resnet_pa,3,5,novel,animate_001_right.png,animate_002_right.png,identity,2,surprisal,0,5,500,20,20,999,999,999,1,0.1,0.1,0.0001,0.001,0.1,0.5,3
11,0,29.0584375,37.056945495140646,531,resnet_pa,3,5,novel,animate_002_right.png,animate_001_right.png,identity,3,surprisal,0,5,500,20,20,999,999,999,1,0.1,0.1,0.0001,0.001,0.1,0.5,3
11,0,29.0584375,37.056945495140646,532,resnet_pa,3,5,novel,animate_003_left.png,animate_004_left.png,identity,4,surprisal,0,5,500,20,20,999,999,999,1,0.1,0.1,0.0001,0.001,0.1,0.5,3
11,0,29.0584375,37.056945495140646,533,resnet_pa,3,5,novel,animate_004_left.png,animate_003_left.png,identity,5,surprisal,0,5,500,20,20,999,999,999,1,0.1,0.1,0.0001,0.001,0.1,0.5,3
11,0,29.0584375,37.056945495140646,534,resnet_pa,3,5,novel,animate_003_right.png,animate_004_right.png,identity,6,surprisal,0,5,500,20,20,999,999,999,1,0.1,0.1,0.0001,0.001,0.1,0.5,3
11,0,29.0584375,37.056945495140646,535,resnet_pa,3,5,novel,animate_004_right.png,animate_003_right.png,identity,7,surprisal,0,5,500,20,20,999,999,999,1,0.1,0.1,0.0001,0.001,0.1,0.5,3
11,0,29.0584375,37.056945495140646,536,resnet_pa,3,5,novel,animate_005_left.png,animate_006_left.png,identity,8,surprisal,0,5,500,20,20,999,999,999,1,0.1,0.1,0.0001,0.001,0.1,0.5,3
11,0,29.0584375,37.056945495140646,537,resnet_pa,3,5,novel,animate_006_left.png,animate_005_left.png,identity,9,surprisal,0,5,500,20,20,999,999,999,1,0.1,0.1,0.0001,0.001,0.1,0.5,3
11,0,29.0584375,37.056945495140646,538,resnet_pa,3,5,novel,animate_005_right.png,animate_006_right.png,identity,10,surprisal,0,5,500,20,20,999,999,999,1,0.1,0.1,0.0001,0.001,0.1,0.5,3
11,0,29.0584375,37.056945495140646,539,resnet_pa,3,5,novel,animate_006_right.png,animate_005_right.png,identity,11,surprisal,0,5,500,20,20,999,999,999,1,0.1,0.1,0.0001,0.001,0.1,0.5,3
11,0,29.0584375,37.056945495140646,540,resnet_pa,3,5,novel,animate_007_left.png,animate_008_left.png,identity,12,surprisal,0,5,500,20,20,999,999,999,1,0.1,0.1,0.0001,0.001,0.1,0.5,3
11,0,29.0584375,37.056945495140646,541,resnet_pa,3,5,novel,animate_008_left.png,animate_007_left.png,identity,13,surprisal,0,5,500,20,20,999,999,999,1,0.1,0.1,0.0001,0.001,0.1,0.5,3
11,0,29.0584375,37.056945495140646,542,resnet_pa,3,5,novel,animate_007_right.png,animate_008_right.png,identity,14,surprisal,0,5,500,20,20,999,999,999,1,0.1,0.1,0.0001,0.001,0.1,0.5,3
11,0,29.0584375,37.056945495140646,543,resnet_pa,3,5,novel,animate_008_right.png,animate_007_right.png,identity,15,surprisal,0,5,500,20,20,999,999,999,1,0.1,0.1,0.0001,0.001,0.1,0.5,3
11,0,29.0584375,37.056945495140646,544,resnet_pa,3,5,novel,animate_009_left.png,animate_010_left.png,identity,16,surprisal,0,5,500,20,20,999,999,999,1,0.1,0.1,0.0001,0.001,0.1,0.5,3
11,0,29.0584375,37.056945495140646,545,resnet_pa,3,5,novel,animate_010_left.png,animate_009_left.png,identity,17,surprisal,0,5,500,20,20,999,999,999,1,0.1,0.1,0.0001,0.001,0.1,0.5,3
11,0,29.0584375,37.056945495140646,546,resnet_pa,3,5,novel,animate_009_right.png,animate_010_right.png,identity,18,surprisal,0,5,500,20,20,999,999,999,1,0.1,0.1,0.0001,0.001,0.1,0.5,3
11,0,29.0584375,37.056945495140646,547,resnet_pa,3,5,novel,animate_010_right.png,animate_009_right.png,identity,19,surprisal,0,5,500,20,20,999,999,999,1,0.1,0.1,0.0001,0.001,0.1,0.5,3
11,0,29.0584375,37.056945495140646,548,resnet_pa,3,5,novel,animate_011_left.png,animate_012_left.png,identity,20,surprisal,0,5,500,20,20,999,999,999,1,0.1,0.1,0.0001,0.001,0.1,0.5,3
11,0,29.0584375,37.056945495140646,549,resnet_pa,3,5,novel,animate_012_left.png,animate_011_left.png,identity,21,surprisal,0,5,500,20,20,999,999,999,1,0.1,0.1,0.0001,0.001,0.1,0.5,3
11,0,29.0584375,37.056945495140646,550,resnet_pa,3,5,novel,animate_011_right.png,animate_012_right.png,identity,22,surprisal,0,5,500,20,20,999,999,999,1,0.1,0.1,0.0001,0.001,0.1,0.5,3
11,0,29.0584375,37.056945495140646,551,resnet_pa,3,5,novel,animate_012_right.png,animate_012_right.png,identity,23,surprisal,0,5,500,20,20,999,999,999,1,0.1,0.1,0.0001,0.001,0.1,0.5,3
12,0,28.084583333333335,35.47734899434661,600,resnet_pa,3,6,fam,animate_001_left.png,animate_001_left.png,background,24,surprisal,0,5,500,20,20,999,999,999,1,0.1,0.1,0.0001,0.001,0.1,0.5,3
12,0,28.084583333333335,35.47734899434661,601,resnet_pa,3,6,fam,animate_002_left.png,animate_002_left.png,background,25,surprisal,0,5,500,20,20,999,999,999,1,0.1,0.1,0.0001,0.001,0.1,0.5,3
12,0,28.084583333333335,35.47734899434661,602,resnet_pa,3,6,fam,animate_001_right.png,animate_001_right.png,background,26,surprisal,0,5,500,20,20,999,999,999,1,0.1,0.1,0.0001,0.001,0.1,0.5,3
12,0,28.084583333333335,35.47734899434661,603,resnet_pa,3,6,fam,animate_002_right.png,animate_002_right.png,background,27,surprisal,0,5,500,20,20,999,999,999,1,0.1,0.1,0.0001,0.001,0.1,0.5,3
12,0,28.084583333333335,35.47734899434661,604,resnet_pa,3,6,fam,animate_003_left.png,animate_003_left.png,background,28,surprisal,0,5,500,20,20,999,999,999,1,0.1,0.1,0.0001,0.001,0.1,0.5,3
12,0,28.084583333333335,35.47734899434661,605,resnet_pa,3,6,fam,animate_004_left.png,animate_004_left.png,background,29,surprisal,0,5,500,20,20,999,999,999,1,0.1,0.1,0.0001,0.001,0.1,0.5,3
12,0,28.084583333333335,35.47734899434661,606,resnet_pa,3,6,fam,animate_003_right.png,animate_003_right.png,background,30,surprisal,0,5,500,20,20,999,999,999,1,0.1,0.1,0.0001,0.001,0.1,0.5,3
12,0,28.084583333333335,35.47734899434661,607,resnet_pa,3,6,fam,animate_004_right.png,animate_004_right.png,background,31,surprisal,0,5,500,20,20,999,999,999,1,0.1,0.1,0.0001,0.001,0.1,0.5,3
12,0,28.084583333333335,35.47734899434661,608,resnet_pa,3,6,fam,animate_005_left.png,animate_005_left.png,background,32,surprisal,0,5,500,20,20,999,999,999,1,0.1,0.1,0.0001,0.001,0.1,0.5,3
12,0,28.084583333333335,35.47734899434661,609,resnet_pa,3,6,fam,animate_006_left.png,animate_006_left.png,background,33,surprisal,0,5,500,20,20,999,999,999,1,0.1,0.1,0.0001,0.001,0.1,0.5,3
12,0,28.084583333333335,35.47734899434661,610,resnet_pa,3,6,fam,animate_005_right.png,animate_005_right.png,background,34,surprisal,0,5,500,20,20,999,999,999,1,0.1,0.1,0.0001,0.001,0.1,0.5,3
12,0,28.084583333333335,35.47734899434661,611,resnet_pa,3,6,fam,animate_006_right.png,animate_006_right.png,background,35,surprisal,0,5,500,20,20,999,999,999,1,0.1,0.1,0.0001,0.001,0.1,0.5,3
12,0,28.084583333333335,35.47734899434661,612,resnet_pa,3,6,fam,animate_007_left.png,animate_007_left.png,background,36,surprisal,0,5,500,20,20,999,999,999,1,0.1,0.1,0.0001,0.001,0.1,0.5,3
12,0,28.084583333333335,35.47734899434661,613,resnet_pa,3,6,fam,animate_008_left.png,animate_008_left.png,background,37,surprisal,0,5,500,20,20,999,999,999,1,0.1,0.1,0.0001,0.001,0.1,0.5,3
12,0,28.084583333333335,35.47734899434661,614,resnet_pa,3,6,fam,animate_007_right.png,animate_007_right.png,background,38,surprisal,0,5,500,20,20,999,999,999,1,0.1,0.1,0.0001,0.001,0.1,0.5,3
12,0,28.084583333333335,35.47734899434661,615,resnet_pa,3,6,fam,animate_008_right.png,animate_008_right.png,background,39,surprisal,0,5,500,20,20,999,999,999,1,0.1,0.1,0.0001,0.001,0.1,0.5,3
12,0,28.084583333333335,35.47734899434661,616,resnet_pa,3,6,fam,animate_009_left.png,animate_009_left.png,background,40,surprisal,0,5,500,20,20,999,999,999,1,0.1,0.1,0.0001,0.001,0.1,0.5,3
12,0,28.084583333333335,35.47734899434661,617,resnet_pa,3,6,fam,animate_010_left.png,animate_010_left.png,background,41,surprisal,0,5,500,20,20,999,999,999,1,0.1,0.1,0.0001,0.001,0.1,0.5,3
12,0,28.084583333333335,35.47734899434661,618,resnet_pa,3,6,fam,animate_009_right.png,animate_009_right.png,background,42,surprisal,0,5,500,20,20,999,999,999,1,0.1,0.1,0.0001,0.001,0.1,0.5,3
12,0,28.084583333333335,35.47734899434661,619,resnet_pa,3,6,fam,animate_010_right.png,animate_010_right.png,background,43,surprisal,0,5,500,20,20,999,999,999,1,0.1,0.1,0.0001,0.001,0.1,0.5,3
12,0,28.084583333333335,35.47734899434661,620,resnet_pa,3,6,fam,animate_011_left.png,animate_011_left.png,background,44,surprisal,0,5,500,20,20,999,999,999,1,0.1,0.1,0.0001,0.001,0.1,0.5,3
12,0,28.084583333333335,35.47734899434661,621,resnet_pa,3,6,fam,animate_012_left.png,animate_012_left.png,background,45,surprisal,0,5,500,20,20,999,999,999,1,0.1,0.1,0.0001,0.001,0.1,0.5,3
12,0,28.084583333333335,35.47734899434661,622,resnet_pa,3,6,fam,animate_011_right.png,animate_011_right.png,background,46,surprisal,0,5,500,20,20,999,999,999,1,0.1,0.1,0.0001,0.001,0.1,0.5,3
12,0,28.084583333333335,35.47734899434661,623,resnet_pa,3,6,fam,animate_012_right.png,animate_012_right.png,background,47,surprisal,0,5,500,20,20,999,999,999,1,0.1,0.1,0.0001,0.001,0.1,0.5,3
13,0,29.00375,37.24876293130123,624,resnet_pa,3,6,novel,animate_001_left.png,animate_002_left.png,identity,0,surprisal,0,5,500,20,20,999,999,999,1,0.1,0.1,0.0001,0.001,0.1,0.5,3
13,0,29.00375,37.24876293130123,625,resnet_pa,3,6,novel,animate_002_left.png,animate_001_left.png,identity,1,surprisal,0,5,500,20,20,999,999,999,1,0.1,0.1,0.0001,0.001,0.1,0.5,3
13,0,29.00375,37.24876293130123,626,resnet_pa,3,6,novel,animate_001_right.png,animate_002_right.png,identity,2,surprisal,0,5,500,20,20,999,999,999,1,0.1,0.1,0.0001,0.001,0.1,0.5,3
13,0,29.00375,37.24876293130123,627,resnet_pa,3,6,novel,animate_002_right.png,animate_001_right.png,identity,3,surprisal,0,5,500,20,20,999,999,999,1,0.1,0.1,0.0001,0.001,0.1,0.5,3
13,0,29.00375,37.24876293130123,628,resnet_pa,3,6,novel,animate_003_left.png,animate_004_left.png,identity,4,surprisal,0,5,500,20,20,999,999,999,1,0.1,0.1,0.0001,0.001,0.1,0.5,3
13,0,29.00375,37.24876293130123,629,resnet_pa,3,6,novel,animate_004_left.png,animate_003_left.png,identity,5,surprisal,0,5,500,20,20,999,999,999,1,0.1,0.1,0.0001,0.001,0.1,0.5,3
13,0,29.00375,37.24876293130123,630,resnet_pa,3,6,novel,animate_003_right.png,animate_004_right.png,identity,6,surprisal,0,5,500,20,20,999,999,999,1,0.1,0.1,0.0001,0.001,0.1,0.5,3
13,0,29.00375,37.24876293130123,631,resnet_pa,3,6,novel,animate_004_right.png,animate_003_right.png,identity,7,surprisal,0,5,500,20,20,999,999,999,1,0.1,0.1,0.0001,0.001,0.1,0.5,3
13,0,29.00375,37.24876293130123,632,resnet_pa,3,6,novel,animate_005_left.png,animate_006_left.png,identity,8,surprisal,0,5,500,20,20,999,999,999,1,0.1,0.1,0.0001,0.001,0.1,0.5,3
13,0,29.00375,37.24876293130123,633,resnet_pa,3,6,novel,animate_006_left.png,animate_005_left.png,identity,9,surprisal,0,5,500,20,20,999,999,999,1,0.1,0.1,0.0001,0.001,0.1,0.5,3
13,0,29.00375,37.24876293130123,634,resnet_pa,3,6,novel,animate_005_right.png,animate_006_right.png,identity,10,surprisal,0,5,500,20,20,999,999,999,1,0.1,0.1,0.0001,0.001,0.1,0.5,3
13,0,29.00375,37.24876293130123,635,resnet_pa,3,6,novel,animate_006_right.png,animate_005_right.png,identity,11,surprisal,0,5,500,20,20,999,999,999,1,0.1,0.1,0.0001,0.001,0.1,0.5,3
13,0,29.00375,37.24876293130123,636,resnet_pa,3,6,novel,animate_007_left.png,animate_008_left.png,identity,12,surprisal,0,5,500,20,20,999,999,999,1,0.1,0.1,0.0001,0.001,0.1,0.5,3
13,0,29.00375,37.24876293130123,637,resnet_pa,3,6,novel,animate_008_left.png,animate_007_left.png,identity,13,surprisal,0,5,500,20,20,999,999,999,1,0.1,0.1,0.0001,0.001,0.1,0.5,3
13,0,29.00375,37.24876293130123,638,resnet_pa,3,6,novel,animate_007_right.png,animate_008_right.png,identity,14,surprisal,0,5,500,20,20,999,999,999,1,0.1,0.1,0.0001,0.001,0.1,0.5,3
13,0,29.00375,37.24876293130123,639,resnet_pa,3,6,novel,animate_008_right.png,animate_007_right.png,identity,15,surprisal,0,5,500,20,20,999,999,999,1,0.1,0.1,0.0001,0.001,0.1,0.5,3
13,0,29.00375,37.24876293130123,640,resnet_pa,3,6,novel,animate_009_left.png,animate_010_left.png,identity,16,surprisal,0,5,500,20,20,999,999,999,1,0.1,0.1,0.0001,0.001,0.1,0.5,3
13,0,29.00375,37.24876293130123,641,resnet_pa,3,6,novel,animate_010_left.png,animate_009_left.png,identity,17,surprisal,0,5,500,20,20,999,999,999,1,0.1,0.1,0.0001,0.001,0.1,0.5,3
13,0,29.00375,37.24876293130123,642,resnet_pa,3,6,novel,animate_009_right.png,animate_010_right.png,identity,18,surprisal,0,5,500,20,20,999,999,999,1,0.1,0.1,0.0001,0.001,0.1,0.5,3
13,0,29.00375,37.24876293130123,643,resnet_pa,3,6,novel,animate_010_right.png,animate_009_right.png,identity,19,surprisal,0,5,500,20,20,999,999,999,1,0.1,0.1,0.0001,0.001,0.1,0.5,3
13,0,29.00375,37.24876293130123,644,resnet_pa,3,6,novel,animate_011_left.png,animate_012_left.png,identity,20,surprisal,0,5,500,20,20,999,999,999,1,0.1,0.1,0.0001,0.001,0.1,0.5,3
13,0,29.00375,37.24876293130123,645,resnet_pa,3,6,novel,animate_012_left.png,animate_011_left.png,identity,21,surprisal,0,5,500,20,20,999,999,999,1,0.1,0.1,0.0001,0.001,0.1,0.5,3
13,0,29.00375,37.24876293130123,646,resnet_pa,3,6,novel,animate_011_right.png,animate_012_right.png,identity,22,surprisal,0,5,500,20,20,999,999,999,1,0.1,0.1,0.0001,0.001,0.1,0.5,3
13,0,29.00375,37.24876293130123,647,resnet_pa,3,6,novel,animate_012_right.png,animate_012_right.png,identity,23,surprisal,0,5,500,20,20,999,999,999,1,0.1,0.1,0.0001,0.001,0.1,0.5,3
14,0,28.132291666666667,36.95769615147245,696,resnet_pa,3,7,fam,animate_001_left.png,animate_001_left.png,background,24,surprisal,0,5,500,20,20,999,999,999,1,0.1,0.1,0.0001,0.001,0.1,0.5,3
14,0,28.132291666666667,36.95769615147245,697,resnet_pa,3,7,fam,animate_002_left.png,animate_002_left.png,background,25,surprisal,0,5,500,20,20,999,999,999,1,0.1,0.1,0.0001,0.001,0.1,0.5,3
14,0,28.132291666666667,36.95769615147245,698,resnet_pa,3,7,fam,animate_001_right.png,animate_001_right.png,background,26,surprisal,0,5,500,20,20,999,999,999,1,0.1,0.1,0.0001,0.001,0.1,0.5,3
14,0,28.132291666666667,36.95769615147245,699,resnet_pa,3,7,fam,animate_002_right.png,animate_002_right.png,background,27,surprisal,0,5,500,20,20,999,999,999,1,0.1,0.1,0.0001,0.001,0.1,0.5,3
14,0,28.132291666666667,36.95769615147245,700,resnet_pa,3,7,fam,animate_003_left.png,animate_003_left.png,background,28,surprisal,0,5,500,20,20,999,999,999,1,0.1,0.1,0.0001,0.001,0.1,0.5,3
14,0,28.132291666666667,36.95769615147245,701,resnet_pa,3,7,fam,animate_004_left.png,animate_004_left.png,background,29,surprisal,0,5,500,20,20,999,999,999,1,0.1,0.1,0.0001,0.001,0.1,0.5,3
14,0,28.132291666666667,36.95769615147245,702,resnet_pa,3,7,fam,animate_003_right.png,animate_003_right.png,background,30,surprisal,0,5,500,20,20,999,999,999,1,0.1,0.1,0.0001,0.001,0.1,0.5,3
14,0,28.132291666666667,36.95769615147245,703,resnet_pa,3,7,fam,animate_004_right.png,animate_004_right.png,background,31,surprisal,0,5,500,20,20,999,999,999,1,0.1,0.1,0.0001,0.001,0.1,0.5,3
14,0,28.132291666666667,36.95769615147245,704,resnet_pa,3,7,fam,animate_005_left.png,animate_005_left.png,background,32,surprisal,0,5,500,20,20,999,999,999,1,0.1,0.1,0.0001,0.001,0.1,0.5,3
14,0,28.132291666666667,36.95769615147245,705,resnet_pa,3,7,fam,animate_006_left.png,animate_006_left.png,background,33,surprisal,0,5,500,20,20,999,999,999,1,0.1,0.1,0.0001,0.001,0.1,0.5,3
14,0,28.132291666666667,36.95769615147245,706,resnet_pa,3,7,fam,animate_005_right.png,animate_005_right.png,background,34,surprisal,0,5,500,20,20,999,999,999,1,0.1,0.1,0.0001,0.001,0.1,0.5,3
14,0,28.132291666666667,36.95769615147245,707,resnet_pa,3,7,fam,animate_006_right.png,animate_006_right.png,background,35,surprisal,0,5,500,20,20,999,999,999,1,0.1,0.1,0.0001,0.001,0.1,0.5,3
14,0,28.132291666666667,36.95769615147245,708,resnet_pa,3,7,fam,animate_007_left.png,animate_007_left.png,background,36,surprisal,0,5,500,20,20,999,999,999,1,0.1,0.1,0.0001,0.001,0.1,0.5,3
14,0,28.132291666666667,36.95769615147245,709,resnet_pa,3,7,fam,animate_008_left.png,animate_008_left.png,background,37,surprisal,0,5,500,20,20,999,999,999,1,0.1,0.1,0.0001,0.001,0.1,0.5,3
14,0,28.132291666666667,36.95769615147245,710,resnet_pa,3,7,fam,animate_007_right.png,animate_007_right.png,background,38,surprisal,0,5,500,20,20,999,999,999,1,0.1,0.1,0.0001,0.001,0.1,0.5,3
14,0,28.132291666666667,36.95769615147245,711,resnet_pa,3,7,fam,animate_008_right.png,animate_008_right.png,background,39,surprisal,0,5,500,20,20,999,999,999,1,0.1,0.1,0.0001,0.001,0.1,0.5,3
14,0,28.132291666666667,36.95769615147245,712,resnet_pa,3,7,fam,animate_009_left.png,animate_009_left.png,background,40,surprisal,0,5,500,20,20,999,999,999,1,0.1,0.1,0.0001,0.001,0.1,0.5,3
14,0,28.132291666666667,36.95769615147245,713,resnet_pa,3,7,fam,animate_010_left.png,animate_010_left.png,background,41,surprisal,0,5,500,20,20,999,999,999,1,0.1,0.1,0.0001,0.001,0.1,0.5,3
14,0,28.132291666666667,36.95769615147245,714,resnet_pa,3,7,fam,animate_009_right.png,animate_009_right.png,background,42,surprisal,0,5,500,20,20,999,999,999,1,0.1,0.1,0.0001,0.001,0.1,0.5,3
14,0,28.132291666666667,36.95769615147245,715,resnet_pa,3,7,fam,animate_010_right.png,animate_010_right.png,background,43,surprisal,0,5,500,20,20,999,999,999,1,0.1,0.1,0.0001,0.001,0.1,0.5,3
14,0,28.132291666666667,36.95769615147245,716,resnet_pa,3,7,fam,animate_011_left.png,animate_011_left.png,background,44,surprisal,0,5,500,20,20,999,999,999,1,0.1,0.1,0.0001,0.001,0.1,0.5,3
14,0,28.132291666666667,36.95769615147245,717,resnet_pa,3,7,fam,animate_012_left.png,animate_012_left.png,background,45,surprisal,0,5,500,20,20,999,999,999,1,0.1,0.1,0.0001,0.001,0.1,0.5,3
14,0,28.132291666666667,36.95769615147245,718,resnet_pa,3,7,fam,animate_011_right.png,animate_011_right.png,background,46,surprisal,0,5,500,20,20,999,999,999,1,0.1,0.1,0.0001,0.001,0.1,0.5,3
14,0,28.132291666666667,36.95769615147245,719,resnet_pa,3,7,fam,animate_012_right.png,animate_012_right.png,background,47,surprisal,0,5,500,20,20,999,999,999,1,0.1,0.1,0.0001,0.001,0.1,0.5,3
15,0,29.145208333333336,38.1928632421239,720,resnet_pa,3,7,novel,animate_001_left.png,animate_002_left.png,identity,0,surprisal,0,5,500,20,20,999,999,999,1,0.1,0.1,0.0001,0.001,0.1,0.5,3
15,0,29.145208333333336,38.1928632421239,721,resnet_pa,3,7,novel,animate_002_left.png,animate_001_left.png,identity,1,surprisal,0,5,500,20,20,999,999,999,1,0.1,0.1,0.0001,0.001,0.1,0.5,3
15,0,29.145208333333336,38.1928632421239,722,resnet_pa,3,7,novel,animate_001_right.png,animate_002_right.png,identity,2,surprisal,0,5,500,20,20,999,999,999,1,0.1,0.1,0.0001,0.001,0.1,0.5,3
15,0,29.145208333333336,38.1928632421239,723,resnet_pa,3,7,novel,animate_002_right.png,animate_001_right.png,identity,3,surprisal,0,5,500,20,20,999,999,999,1,0.1,0.1,0.0001,0.001,0.1,0.5,3
15,0,29.145208333333336,38.1928632421239,724,resnet_pa,3,7,novel,animate_003_left.png,animate_004_left.png,identity,4,surprisal,0,5,500,20,20,999,999,999,1,0.1,0.1,0.0001,0.001,0.1,0.5,3
15,0,29.145208333333336,38.1928632421239,725,resnet_pa,3,7,novel,animate_004_left.png,animate_003_left.png,identity,5,surprisal,0,5,500,20,20,999,999,999,1,0.1,0.1,0.0001,0.001,0.1,0.5,3
15,0,29.145208333333336,38.1928632421239,726,resnet_pa,3,7,novel,animate_003_right.png,animate_004_right.png,identity,6,surprisal,0,5,500,20,20,999,999,999,1,0.1,0.1,0.0001,0.001,0.1,0.5,3
15,0,29.145208333333336,38.1928632421239,727,resnet_pa,3,7,novel,animate_004_right.png,animate_003_right.png,identity,7,surprisal,0,5,500,20,20,999,999,999,1,0.1,0.1,0.0001,0.001,0.1,0.5,3
15,0,29.145208333333336,38.1928632421239,728,resnet_pa,3,7,novel,animate_005_left.png,animate_006_left.png,identity,8,surprisal,0,5,500,20,20,999,999,999,1,0.1,0.1,0.0001,0.001,0.1,0.5,3
15,0,29.145208333333336,38.1928632421239,729,resnet_pa,3,7,novel,animate_006_left.png,animate_005_left.png,identity,9,surprisal,0,5,500,20,20,999,999,999,1,0.1,0.1,0.0001,0.001,0.1,0.5,3
15,0,29.145208333333336,38.1928632421239,730,resnet_pa,3,7,novel,animate_005_right.png,animate_006_right.png,identity,10,surprisal,0,5,500,20,20,999,999,999,1,0.1,0.1,0.0001,0.001,0.1,0.5,3
15,0,29.145208333333336,38.1928632421239,731,resnet_pa,3,7,novel,animate_006_right.png,animate_005_right.png,identity,11,surprisal,0,5,500,20,20,999,999,999,1,0.1,0.1,0.0001,0.001,0.1,0.5,3
15,0,29.145208333333336,38.1928632421239,732,resnet_pa,3,7,novel,animate_007_left.png,animate_008_left.png,identity,12,surprisal,0,5,500,20,20,999,999,999,1,0.1,0.1,0.0001,0.001,0.1,0.5,3
15,0,29.145208333333336,38.1928632421239,733,resnet_pa,3,7,novel,animate_008_left.png,animate_007_left.png,identity,13,surprisal,0,5,500,20,20,999,999,999,1,0.1,0.1,0.0001,0.001,0.1,0.5,3
15,0,29.145208333333336,38.1928632421239,734,resnet_pa,3,7,novel,animate_007_right.png,animate_008_right.png,identity,14,surprisal,0,5,500,20,20,999,999,999,1,0.1,0.1,0.0001,0.001,0.1,0.5,3
15,0,29.145208333333336,38.1928632421239,735,resnet_pa,3,7,novel,animate_008_right.png,animate_007_right.png,identity,15,surprisal,0,5,500,20,20,999,999,999,1,0.1,0.1,0.0001,0.001,0.1,0.5,3
15,0,29.145208333333336,38.1928632421239,736,resnet_pa,3,7,novel,animate_009_left.png,animate_010_left.png,identity,16,surprisal,0,5,500,20,20,999,999,999,1,0.1,0.1,0.0001,0.001,0.1,0.5,3
15,0,29.145208333333336,38.1928632421239,737,resnet_pa,3,7,novel,animate_010_left.png,animate_009_left.png,identity,17,surprisal,0,5,500,20,20,999,999,999,1,0.1,0.1,0.0001,0.001,0.1,0.5,3
15,0,29.145208333333336,38.1928632421239,738,resnet_pa,3,7,novel,animate_009_right.png,animate_010_right.png,identity,18,surprisal,0,5,500,20,20,999,999,999,1,0.1,0.1,0.0001,0.001,0.1,0.5,3
15,0,29.145208333333336,38.1928632421239,739,resnet_pa,3,7,novel,animate_010_right.png,animate_009_right.png,identity,19,surprisal,0,5,500,20,20,999,999,999,1,0.1,0.1,0.0001,0.001,0.1,0.5,3
15,0,29.145208333333336,38.1928632421239,740,resnet_pa,3,7,novel,animate_011_left.png,animate_012_left.png,identity,20,surprisal,0,5,500,20,20,999,999,999,1,0.1,0.1,0.0001,0.001,0.1,0.5,3
15,0,29.145208333333336,38.1928632421239,741,resnet_pa,3,7,novel,animate_012_left.png,animate_011_left.png,identity,21,surprisal,0,5,500,20,20,999,999,999,1,0.1,0.1,0.0001,0.001,0.1,0.5,3
15,0,29.145208333333336,38.1928632421239,742,resnet_pa,3,7,novel,animate_011_right.png,animate_012_right.png,identity,22,surprisal,0,5,500,20,20,999,999,999,1,0.1,0.1,0.0001,0.001,0.1,0.5,3
15,0,29.145208333333336,38.1928632421239,743,resnet_pa,3,7,novel,animate_012_right.png,animate_012_right.png,identity,23,surprisal,0,5,500,20,20,999,999,999,1,0.1,0.1,0.0001,0.001,0.1,0.5,3
16,0,28.099479166666665,36.34729962037046,792,resnet_pa,3,8,fam,animate_001_left.png,animate_001_left.png,background,24,surprisal,0,5,500,20,20,999,999,999,1,0.1,0.1,0.0001,0.001,0.1,0.5,3
16,0,28.099479166666665,36.34729962037046,793,resnet_pa,3,8,fam,animate_002_left.png,animate_002_left.png,background,25,surprisal,0,5,500,20,20,999,999,999,1,0.1,0.1,0.0001,0.001,0.1,0.5,3
16,0,28.099479166666665,36.34729962037046,794,resnet_pa,3,8,fam,animate_001_right.png,animate_001_right.png,background,26,surprisal,0,5,500,20,20,999,999,999,1,0.1,0.1,0.0001,0.001,0.1,0.5,3
16,0,28.099479166666665,36.34729962037046,795,resnet_pa,3,8,fam,animate_002_right.png,animate_002_right.png,background,27,surprisal,0,5,500,20,20,999,999,999,1,0.1,0.1,0.0001,0.001,0.1,0.5,3
16,0,28.099479166666665,36.34729962037046,796,resnet_pa,3,8,fam,animate_003_left.png,animate_003_left.png,background,28,surprisal,0,5,500,20,20,999,999,999,1,0.1,0.1,0.0001,0.001,0.1,0.5,3
16,0,28.099479166666665,36.34729962037046,797,resnet_pa,3,8,fam,animate_004_left.png,animate_004_left.png,background,29,surprisal,0,5,500,20,20,999,999,999,1,0.1,0.1,0.0001,0.001,0.1,0.5,3
16,0,28.099479166666665,36.34729962037046,798,resnet_pa,3,8,fam,animate_003_right.png,animate_003_right.png,background,30,surprisal,0,5,500,20,20,999,999,999,1,0.1,0.1,0.0001,0.001,0.1,0.5,3
16,0,28.099479166666665,36.34729962037046,799,resnet_pa,3,8,fam,animate_004_right.png,animate_004_right.png,background,31,surprisal,0,5,500,20,20,999,999,999,1,0.1,0.1,0.0001,0.001,0.1,0.5,3
16,0,28.099479166666665,36.34729962037046,800,resnet_pa,3,8,fam,animate_005_left.png,animate_005_left.png,background,32,surprisal,0,5,500,20,20,999,999,999,1,0.1,0.1,0.0001,0.001,0.1,0.5,3
16,0,28.099479166666665,36.34729962037046,801,resnet_pa,3,8,fam,animate_006_left.png,animate_006_left.png,background,33,surprisal,0,5,500,20,20,999,999,999,1,0.1,0.1,0.0001,0.001,0.1,0.5,3
16,0,28.099479166666665,36.34729962037046,802,resnet_pa,3,8,fam,animate_005_right.png,animate_005_right.png,background,34,surprisal,0,5,500,20,20,999,999,999,1,0.1,0.1,0.0001,0.001,0.1,0.5,3
16,0,28.099479166666665,36.34729962037046,803,resnet_pa,3,8,fam,animate_006_right.png,animate_006_right.png,background,35,surprisal,0,5,500,20,20,999,999,999,1,0.1,0.1,0.0001,0.001,0.1,0.5,3
16,0,28.099479166666665,36.34729962037046,804,resnet_pa,3,8,fam,animate_007_left.png,animate_007_left.png,background,36,surprisal,0,5,500,20,20,999,999,999,1,0.1,0.1,0.0001,0.001,0.1,0.5,3
16,0,28.099479166666665,36.34729962037046,805,resnet_pa,3,8,fam,animate_008_left.png,animate_008_left.png,background,37,surprisal,0,5,500,20,20,999,999,999,1,0.1,0.1,0.0001,0.001,0.1,0.5,3
16,0,28.099479166666665,36.34729962037046,806,resnet_pa,3,8,fam,animate_007_right.png,animate_007_right.png,background,38,surprisal,0,5,500,20,20,999,999,999,1,0.1,0.1,0.0001,0.001,0.1,0.5,3
16,0,28.099479166666665,36.34729962037046,807,resnet_pa,3,8,fam,animate_008_right.png,animate_008_right.png,background,39,surprisal,0,5,500,20,20,999,999,999,1,0.1,0.1,0.0001,0.001,0.1,0.5,3
16,0,28.099479166666665,36.34729962037046,808,resnet_pa,3,8,fam,animate_009_left.png,animate_009_left.png,background,40,surprisal,0,5,500,20,20,999,999,999,1,0.1,0.1,0.0001,0.001,0.1,0.5,3
16,0,28.099479166666665,36.34729962037046,809,resnet_pa,3,8,fam,animate_010_left.png,animate_010_left.png,background,41,surprisal,0,5,500,20,20,999,999,999,1,0.1,0.1,0.0001,0.001,0.1,0.5,3
16,0,28.099479166666665,36.34729962037046,810,resnet_pa,3,8,fam,animate_009_right.png,animate_009_right.png,background,42,surprisal,0,5,500,20,20,999,999,999,1,0.1,0.1,0.0001,0.001,0.1,0.5,3
16,0,28.099479166666665,36.34729962037046,811,resnet_pa,3,8,fam,animate_010_right.png,animate_010_right.png,background,43,surprisal,0,5,500,20,20,999,999,999,1,0.1,0.1,0.0001,0.001,0.1,0.5,3
16,0,28.099479166666665,36.34729962037046,812,resnet_pa,3,8,fam,animate_011_left.png,animate_011_left.png,background,44,surprisal,0,5,500,20,20,999,999,999,1,0.1,0.1,0.0001,0.001,0.1,0.5,3
16,0,28.099479166666665,36.34729962037046,813,resnet_pa,3,8,fam,animate_012_left.png,animate_012_left.png,background,45,surprisal,0,5,500,20,20,999,999,999,1,0.1,0.1,0.0001,0.001,0.1,0.5,3
16,0,28.099479166666665,36.34729962037046,814,resnet_pa,3,8,fam,animate_011_right.png,animate_011_right.png,background,46,surprisal,0,5,500,20,20,999,999,999,1,0.1,0.1,0.0001,0.001,0.1,0.5,3
16,0,28.099479166666665,36.34729962037046,815,resnet_pa,3,8,fam,animate_012_right.png,animate_012_right.png,background,47,surprisal,0,5,500,20,20,999,999,999,1,0.1,0.1,0.0001,0.001,0.1,0.5,3
17,0,28.830208333333335,37.26101715094218,816,resnet_pa,3,8,novel,animate_001_left.png,animate_002_left.png,identity,0,surprisal,0,5,500,20,20,999,999,999,1,0.1,0.1,0.0001,0.001,0.1,0.5,3
17,0,28.830208333333335,37.26101715094218,817,resnet_pa,3,8,novel,animate_002_left.png,animate_001_left.png,identity,1,surprisal,0,5,500,20,20,999,999,999,1,0.1,0.1,0.0001,0.001,0.1,0.5,3
17,0,28.830208333333335,37.26101715094218,818,resnet_pa,3,8,novel,animate_001_right.png,animate_002_right.png,identity,2,surprisal,0,5,500,20,20,999,999,999,1,0.1,0.1,0.0001,0.001,0.1,0.5,3
17,0,28.830208333333335,37.26101715094218,819,resnet_pa,3,8,novel,animate_002_right.png,animate_001_right.png,identity,3,surprisal,0,5,500,20,20,999,999,999,1,0.1,0.1,0.0001,0.001,0.1,0.5,3
17,0,28.830208333333335,37.26101715094218,820,resnet_pa,3,8,novel,animate_003_left.png,animate_004_left.png,identity,4,surprisal,0,5,500,20,20,999,999,999,1,0.1,0.1,0.0001,0.001,0.1,0.5,3
17,0,28.830208333333335,37.26101715094218,821,resnet_pa,3,8,novel,animate_004_left.png,animate_003_left.png,identity,5,surprisal,0,5,500,20,20,999,999,999,1,0.1,0.1,0.0001,0.001,0.1,0.5,3
17,0,28.830208333333335,37.26101715094218,822,resnet_pa,3,8,novel,animate_003_right.png,animate_004_right.png,identity,6,surprisal,0,5,500,20,20,999,999,999,1,0.1,0.1,0.0001,0.001,0.1,0.5,3
17,0,28.830208333333335,37.26101715094218,823,resnet_pa,3,8,novel,animate_004_right.png,animate_003_right.png,identity,7,surprisal,0,5,500,20,20,999,999,999,1,0.1,0.1,0.0001,0.001,0.1,0.5,3
17,0,28.830208333333335,37.26101715094218,824,resnet_pa,3,8,novel,animate_005_left.png,animate_006_left.png,identity,8,surprisal,0,5,500,20,20,999,999,999,1,0.1,0.1,0.0001,0.001,0.1,0.5,3
17,0,28.830208333333335,37.26101715094218,825,resnet_pa,3,8,novel,animate_006_left.png,animate_005_left.png,identity,9,surprisal,0,5,500,20,20,999,999,999,1,0.1,0.1,0.0001,0.001,0.1,0.5,3
17,0,28.830208333333335,37.26101715094218,826,resnet_pa,3,8,novel,animate_005_right.png,animate_006_right.png,identity,10,surprisal,0,5,500,20,20,999,999,999,1,0.1,0.1,0.0001,0.001,0.1,0.5,3
17,0,28.830208333333335,37.26101715094218,827,resnet_pa,3,8,novel,animate_006_right.png,animate_005_right.png,identity,11,surprisal,0,5,500,20,20,999,999,999,1,0.1,0.1,0.0001,0.001,0.1,0.5,3
17,0,28.830208333333335,37.26101715094218,828,resnet_pa,3,8,novel,animate_007_left.png,animate_008_left.png,identity,12,surprisal,0,5,500,20,20,999,999,999,1,0.1,0.1,0.0001,0.001,0.1,0.5,3
17,0,28.830208333333335,37.26101715094218,829,resnet_pa,3,8,novel,animate_008_left.png,animate_007_left.png,identity,13,surprisal,0,5,500,20,20,999,999,999,1,0.1,0.1,0.0001,0.001,0.1,0.5,3
17,0,28.830208333333335,37.26101715094218,830,resnet_pa,3,8,novel,animate_007_right.png,animate_008_right.png,identity,14,surprisal,0,5,500,20,20,999,999,999,1,0.1,0.1,0.0001,0.001,0.1,0.5,3
17,0,28.830208333333335,37.26101715094218,831,resnet_pa,3,8,novel,animate_008_right.png,animate_007_right.png,identity,15,surprisal,0,5,500,20,20,999,999,999,1,0.1,0.1,0.0001,0.001,0.1,0.5,3
17,0,28.830208333333335,37.26101715094218,832,resnet_pa,3,8,novel,animate_009_left.png,animate_010_left.png,identity,16,surprisal,0,5,500,20,20,999,999,999,1,0.1,0.1,0.0001,0.001,0.1,0.5,3
17,0,28.830208333333335,37.26101715094218,833,resnet_pa,3,8,novel,animate_010_left.png,animate_009_left.png,identity,17,surprisal,0,5,500,20,20,999,999,999,1,0.1,0.1,0.0001,0.001,0.1,0.5,3
17,0,28.830208333333335,37.26101715094218,834,resnet_pa,3,8,novel,animate_009_right.png,animate_010_right.png,identity,18,surprisal,0,5,500,20,20,999,999,999,1,0.1,0.1,0.0001,0.001,0.1,0.5,3
17,0,28.830208333333335,37.26101715094218,835,resnet_pa,3,8,novel,animate_010_right.png,animate_009_right.png,identity,19,surprisal,0,5,500,20,20,999,999,999,1,0.1,0.1,0.0001,0.001,0.1,0.5,3
17,0,28.830208333333335,37.26101715094218,836,resnet_pa,3,8,novel,animate_011_left.png,animate_012_left.png,identity,20,surprisal,0,5,500,20,20,999,999,999,1,0.1,0.1,0.0001,0.001,0.1,0.5,3
17,0,28.830208333333335,37.26101715094218,837,resnet_pa,3,8,novel,animate_012_left.png,animate_011_left.png,identity,21,surprisal,0,5,500,20,20,999,999,999,1,0.1,0.1,0.0001,0.001,0.1,0.5,3
17,0,28.830208333333335,37.26101715094218,838,resnet_pa,3,8,novel,animate_011_right.png,animate_012_right.png,identity,22,surprisal,0,5,500,20,20,999,999,999,1,0.1,0.1,0.0001,0.001,0.1,0.5,3
17,0,28.830208333333335,37.26101715094218,839,resnet_pa,3,8,novel,animate_012_right.png,animate_012_right.png,identity,23,surprisal,0,5,500,20,20,999,999,999,1,0.1,0.1,0.0001,0.001,0.1,0.5,3
18,0,27.509166666666665,35.9138911391454,888,resnet_pa,3,9,fam,animate_001_left.png,animate_001_left.png,background,24,surprisal,0,5,500,20,20,999,999,999,1,0.1,0.1,0.0001,0.001,0.1,0.5,3
18,0,27.509166666666665,35.9138911391454,889,resnet_pa,3,9,fam,animate_002_left.png,animate_002_left.png,background,25,surprisal,0,5,500,20,20,999,999,999,1,0.1,0.1,0.0001,0.001,0.1,0.5,3
18,0,27.509166666666665,35.9138911391454,890,resnet_pa,3,9,fam,animate_001_right.png,animate_001_right.png,background,26,surprisal,0,5,500,20,20,999,999,999,1,0.1,0.1,0.0001,0.001,0.1,0.5,3
18,0,27.509166666666665,35.9138911391454,891,resnet_pa,3,9,fam,animate_002_right.png,animate_002_right.png,background,27,surprisal,0,5,500,20,20,999,999,999,1,0.1,0.1,0.0001,0.001,0.1,0.5,3
18,0,27.509166666666665,35.9138911391454,892,resnet_pa,3,9,fam,animate_003_left.png,animate_003_left.png,background,28,surprisal,0,5,500,20,20,999,999,999,1,0.1,0.1,0.0001,0.001,0.1,0.5,3
18,0,27.509166666666665,35.9138911391454,893,resnet_pa,3,9,fam,animate_004_left.png,animate_004_left.png,background,29,surprisal,0,5,500,20,20,999,999,999,1,0.1,0.1,0.0001,0.001,0.1,0.5,3
18,0,27.509166666666665,35.9138911391454,894,resnet_pa,3,9,fam,animate_003_right.png,animate_003_right.png,background,30,surprisal,0,5,500,20,20,999,999,999,1,0.1,0.1,0.0001,0.001,0.1,0.5,3
18,0,27.509166666666665,35.9138911391454,895,resnet_pa,3,9,fam,animate_004_right.png,animate_004_right.png,background,31,surprisal,0,5,500,20,20,999,999,999,1,0.1,0.1,0.0001,0.001,0.1,0.5,3
18,0,27.509166666666665,35.9138911391454,896,resnet_pa,3,9,fam,animate_005_left.png,animate_005_left.png,background,32,surprisal,0,5,500,20,20,999,999,999,1,0.1,0.1,0.0001,0.001,0.1,0.5,3
18,0,27.509166666666665,35.9138911391454,897,resnet_pa,3,9,fam,animate_006_left.png,animate_006_left.png,background,33,surprisal,0,5,500,20,20,999,999,999,1,0.1,0.1,0.0001,0.001,0.1,0.5,3
18,0,27.509166666666665,35.9138911391454,898,resnet_pa,3,9,fam,animate_005_right.png,animate_005_right.png,background,34,surprisal,0,5,500,20,20,999,999,999,1,0.1,0.1,0.0001,0.001,0.1,0.5,3
18,0,27.509166666666665,35.9138911391454,899,resnet_pa,3,9,fam,animate_006_right.png,animate_006_right.png,background,35,surprisal,0,5,500,20,20,999,999,999,1,0.1,0.1,0.0001,0.001,0.1,0.5,3
18,0,27.509166666666665,35.9138911391454,900,resnet_pa,3,9,fam,animate_007_left.png,animate_007_left.png,background,36,surprisal,0,5,500,20,20,999,999,999,1,0.1,0.1,0.0001,0.001,0.1,0.5,3
18,0,27.509166666666665,35.9138911391454,901,resnet_pa,3,9,fam,animate_008_left.png,animate_008_left.png,background,37,surprisal,0,5,500,20,20,999,999,999,1,0.1,0.1,0.0001,0.001,0.1,0.5,3
18,0,27.509166666666665,35.9138911391454,902,resnet_pa,3,9,fam,animate_007_right.png,animate_007_right.png,background,38,surprisal,0,5,500,20,20,999,999,999,1,0.1,0.1,0.0001,0.001,0.1,0.5,3
18,0,27.509166666666665,35.9138911391454,903,resnet_pa,3,9,fam,animate_008_right.png,animate_008_right.png,background,39,surprisal,0,5,500,20,20,999,999,999,1,0.1,0.1,0.0001,0.001,0.1,0.5,3
18,0,27.509166666666665,35.9138911391454,904,resnet_pa,3,9,fam,animate_009_left.png,animate_009_left.png,background,40,surprisal,0,5,500,20,20,999,999,999,1,0.1,0.1,0.0001,0.001,0.1,0.5,3
18,0,27.509166666666665,35.9138911391454,905,resnet_pa,3,9,fam,animate_010_left.png,animate_010_left.png,background,41,surprisal,0,5,500,20,20,999,999,999,1,0.1,0.1,0.0001,0.001,0.1,0.5,3
18,0,27.509166666666665,35.9138911391454,906,resnet_pa,3,9,fam,animate_009_right.png,animate_009_right.png,background,42,surprisal,0,5,500,20,20,999,999,999,1,0.1,0.1,0.0001,0.001,0.1,0.5,3
18,0,27.509166666666665,35.9138911391454,907,resnet_pa,3,9,fam,animate_010_right.png,animate_010_right.png,background,43,surprisal,0,5,500,20,20,999,999,999,1,0.1,0.1,0.0001,0.001,0.1,0.5,3
18,0,27.509166666666665,35.9138911391454,908,resnet_pa,3,9,fam,animate_011_left.png,animate_011_left.png,background,44,surprisal,0,5,500,20,20,999,999,999,1,0.1,0.1,0.0001,0.001,0.1,0.5,3
18,0,27.509166666666665,35.9138911391454,909,resnet_pa,3,9,fam,animate_012_left.png,animate_012_left.png,background,45,surprisal,0,5,500,20,20,999,999,999,1,0.1,0.1,0.0001,0.001,0.1,0.5,3
18,0,27.509166666666665,35.9138911391454,910,resnet_pa,3,9,fam,animate_011_right.png,animate_011_right.png,background,46,surprisal,0,5,500,20,20,999,999,999,1,0.1,0.1,0.0001,0.001,0.1,0.5,3
18,0,27.509166666666665,35.9138911391454,911,resnet_pa,3,9,fam,animate_012_right.png,animate_012_right.png,background,47,surprisal,0,5,500,20,20,999,999,999,1,0.1,0.1,0.0001,0.001,0.1,0.5,3
19,0,28.4434375,36.360741689137896,912,resnet_pa,3,9,novel,animate_001_left.png,animate_002_left.png,identity,0,surprisal,0,5,500,20,20,999,999,999,1,0.1,0.1,0.0001,0.001,0.1,0.5,3
19,0,28.4434375,36.360741689137896,913,resnet_pa,3,9,novel,animate_002_left.png,animate_001_left.png,identity,1,surprisal,0,5,500,20,20,999,999,999,1,0.1,0.1,0.0001,0.001,0.1,0.5,3
19,0,28.4434375,36.360741689137896,914,resnet_pa,3,9,novel,animate_001_right.png,animate_002_right.png,identity,2,surprisal,0,5,500,20,20,999,999,999,1,0.1,0.1,0.0001,0.001,0.1,0.5,3
19,0,28.4434375,36.360741689137896,915,resnet_pa,3,9,novel,animate_002_right.png,animate_001_right.png,identity,3,surprisal,0,5,500,20,20,999,999,999,1,0.1,0.1,0.0001,0.001,0.1,0.5,3
19,0,28.4434375,36.360741689137896,916,resnet_pa,3,9,novel,animate_003_left.png,animate_004_left.png,identity,4,surprisal,0,5,500,20,20,999,999,999,1,0.1,0.1,0.0001,0.001,0.1,0.5,3
19,0,28.4434375,36.360741689137896,917,resnet_pa,3,9,novel,animate_004_left.png,animate_003_left.png,identity,5,surprisal,0,5,500,20,20,999,999,999,1,0.1,0.1,0.0001,0.001,0.1,0.5,3
19,0,28.4434375,36.360741689137896,918,resnet_pa,3,9,novel,animate_003_right.png,animate_004_right.png,identity,6,surprisal,0,5,500,20,20,999,999,999,1,0.1,0.1,0.0001,0.001,0.1,0.5,3
19,0,28.4434375,36.360741689137896,919,resnet_pa,3,9,novel,animate_004_right.png,animate_003_right.png,identity,7,surprisal,0,5,500,20,20,999,999,999,1,0.1,0.1,0.0001,0.001,0.1,0.5,3
19,0,28.4434375,36.360741689137896,920,resnet_pa,3,9,novel,animate_005_left.png,animate_006_left.png,identity,8,surprisal,0,5,500,20,20,999,999,999,1,0.1,0.1,0.0001,0.001,0.1,0.5,3
19,0,28.4434375,36.360741689137896,921,resnet_pa,3,9,novel,animate_006_left.png,animate_005_left.png,identity,9,surprisal,0,5,500,20,20,999,999,999,1,0.1,0.1,0.0001,0.001,0.1,0.5,3
19,0,28.4434375,36.360741689137896,922,resnet_pa,3,9,novel,animate_005_right.png,animate_006_right.png,identity,10,surprisal,0,5,500,20,20,999,999,999,1,0.1,0.1,0.0001,0.001,0.1,0.5,3
19,0,28.4434375,36.360741689137896,923,resnet_pa,3,9,novel,animate_006_right.png,animate_005_right.png,identity,11,surprisal,0,5,500,20,20,999,999,999,1,0.1,0.1,0.0001,0.001,0.1,0.5,3
19,0,28.4434375,36.360741689137896,924,resnet_pa,3,9,novel,animate_007_left.png,animate_008_left.png,identity,12,surprisal,0,5,500,20,20,999,999,999,1,0.1,0.1,0.0001,0.001,0.1,0.5,3
19,0,28.4434375,36.360741689137896,925,resnet_pa,3,9,novel,animate_008_left.png,animate_007_left.png,identity,13,surprisal,0,5,500,20,20,999,999,999,1,0.1,0.1,0.0001,0.001,0.1,0.5,3
19,0,28.4434375,36.360741689137896,926,resnet_pa,3,9,novel,animate_007_right.png,animate_008_right.png,identity,14,surprisal,0,5,500,20,20,999,999,999,1,0.1,0.1,0.0001,0.001,0.1,0.5,3
19,0,28.4434375,36.360741689137896,927,resnet_pa,3,9,novel,animate_008_right.png,animate_007_right.png,identity,15,surprisal,0,5,500,20,20,999,999,999,1,0.1,0.1,0.0001,0.001,0.1,0.5,3
19,0,28.4434375,36.360741689137896,928,resnet_pa,3,9,novel,animate_009_left.png,animate_010_left.png,identity,16,surprisal,0,5,500,20,20,999,999,999,1,0.1,0.1,0.0001,0.001,0.1,0.5,3
19,0,28.4434375,36.360741689137896,929,resnet_pa,3,9,novel,animate_010_left.png,animate_009_left.png,identity,17,surprisal,0,5,500,20,20,999,999,999,1,0.1,0.1,0.0001,0.001,0.1,0.5,3
19,0,28.4434375,36.360741689137896,930,resnet_pa,3,9,novel,animate_009_right.png,animate_010_right.png,identity,18,surprisal,0,5,500,20,20,999,999,999,1,0.1,0.1,0.0001,0.001,0.1,0.5,3
19,0,28.4434375,36.360741689137896,931,resnet_pa,3,9,novel,animate_010_right.png,animate_009_right.png,identity,19,surprisal,0,5,500,20,20,999,999,999,1,0.1,0.1,0.0001,0.001,0.1,0.5,3
19,0,28.4434375,36.360741689137896,932,resnet_pa,3,9,novel,animate_011_left.png,animate_012_left.png,identity,20,surprisal,0,5,500,20,20,999,999,999,1,0.1,0.1,0.0001,0.001,0.1,0.5,3
19,0,28.4434375,36.360741689137896,933,resnet_pa,3,9,novel,animate_012_left.png,animate_011_left.png,identity,21,surprisal,0,5,500,20,20,999,999,999,1,0.1,0.1,0.0001,0.001,0.1,0.5,3
19,0,28.4434375,36.360741689137896,934,resnet_pa,3,9,novel,animate_011_right.png,animate_012_right.png,identity,22,surprisal,0,5,500,20,20,999,999,999,1,0.1,0.1,0.0001,0.001,0.1,0.5,3
19,0,28.4434375,36.360741689137896,935,resnet_pa,3,9,novel,animate_012_right.png,animate_012_right.png,identity,23,surprisal,0,5,500,20,20,999,999,999,1,0.1,0.1,0.0001,0.001,0.1,0.5,3
