param_id,r2,rmse,r2_lb,r2_ub,rmse_lb,rmse_ub
0,0.34145355465798943,4.064365657638555,0.2204912663029936,0.46758479965048083,2.815108237238987,5.917772005444007
1,0.2507428409391892,4.184047514516335,0.17954635496065763,0.32443793880052163,3.0438486566924725,6.485757996201014
2,0.3479749313229257,3.836115362233888,0.2513487525378576,0.46179413742714703,2.711398345052703,5.776409188047506
3,0.3755041002960175,3.8420500249324303,0.23593642679347165,0.504473934310444,2.647082130301297,5.906711234201444
4,0.3655399346901715,3.937796781080269,0.2630198702239763,0.47048973337243494,2.7408685206695513,6.123358752451444
5,0.33419259067686446,4.0157786968160885,0.2241790927576554,0.4505190954899375,2.8361302416461713,6.409552744300564
6,0.3089368577449662,4.118217502073957,0.18435651829166758,0.40287389177127725,2.8985893722297442,5.726962254716227
7,0.4127018786661686,3.9083562855435323,0.27905813977210436,0.5370538697440191,2.590997643863011,5.3162644764208515
8,0.31096388490271776,3.9546295786560135,0.20757435033088195,0.4223279331028806,2.8768242882137773,5.607604770051971
9,0.39314113345044965,3.817052012882988,0.2752168634252624,0.5137428929839422,2.76872451115029,5.303511732754952
10,0.3647118227608976,3.7697263201685915,0.24636200741768985,0.48578894351315594,2.607755988790426,5.2988812156475404
11,0.38763480158109614,3.726172762308824,0.24927397575375337,0.4952195835212667,2.8360256120451615,5.389348321781066
12,0.3410149277116526,3.86111056103634,0.22523888112436455,0.4448453801429958,2.8630181955722787,5.46500671583844
13,0.2998133484654266,4.1530501048801005,0.21655713538523108,0.379223546146615,3.120793463137037,6.282348919592803
14,0.35301046632695326,3.8263801510319473,0.25432465135668814,0.47302886848621983,2.786324521536128,5.521990558516457
15,0.3415378911767789,3.90610470315998,0.23406382587264446,0.46065467321735815,2.8290998624178405,5.15329501398849
16,0.2739846419546192,4.0135216989079,0.17448896831990618,0.37307111322888975,2.996649183605427,5.615513123687934
17,0.38024068270972267,3.8953201788154885,0.27541243552902245,0.48810578610395916,2.89849911704298,5.417793796214321
18,0.2830093676348889,4.093902042548976,0.18667000392606917,0.3758587069474176,2.9585286838607168,5.66810227236615
19,0.31827372529311787,4.076413058788712,0.20966006760484468,0.4155403040925316,2.9313955791197337,5.950402042854691
20,0.354809619996967,3.9353263122374917,0.2481819381370607,0.4693157307082382,2.6684628466797156,5.546866492345751
21,0.34477644284690656,4.024589625694553,0.22869452860047867,0.46433401935587926,3.009974566086199,5.870673572986153
22,0.3411646237337213,3.8854055854190848,0.2384912437935919,0.4386104446940656,2.8923520089045542,5.651312606094967
23,0.36487689704326487,3.9763148010886376,0.2607518393875413,0.4942813467424295,2.5099028030941373,5.941285001365175
24,0.24994884767733122,4.277491202768251,0.16180710954680963,0.34327889356252217,3.065669008157377,6.116599264219536
25,0.40869956916897987,3.6610176153205374,0.3020638642515859,0.5175092719401945,2.658509465540149,5.070777089301088
26,0.3965456719934333,3.6702546668043396,0.2829228278642506,0.5145497861004892,2.746750657391697,5.063921269543332
27,0.37097105114071444,3.8001309989019565,0.2218530367224495,0.4849393661768743,2.5734969303965247,5.75915916988334
28,0.3815498332004677,3.81437369440671,0.2534044934474967,0.4931024734777776,2.6779689728657843,5.310877313380893
29,0.3652219992757039,3.9745655100325274,0.2741761155381598,0.4617032821994869,2.784133310007197,5.564405313322828
30,0.31009131447342136,4.002871204218122,0.20513153445261062,0.4130361157639281,2.868147549001807,5.19803286233541
31,0.32044395698631,4.051106994145654,0.20998249225840623,0.43052467186464316,2.9645811539420976,5.866619690067779
32,0.37873039851664936,3.888168186603181,0.27800499186175764,0.4740484452548912,2.849228044094242,5.437108429073701
33,0.36692463888528765,3.861598012988429,0.26168291163152313,0.4681171306072538,2.7878636301584523,5.652393125770807
34,0.3544000591941569,3.8823769280874485,0.24131006001559624,0.4802154455871815,2.7074759179636194,5.354140191327502
35,0.4014044308978308,3.6798674181959417,0.24502127890327252,0.5284379552295263,2.3934516506319286,5.431200566685337
36,0.2516526434243242,4.002611076252888,0.16587264982022334,0.3348435535124779,3.0478650858113827,5.695460325521113
37,0.33787505033434195,3.969963770255745,0.23091114515275668,0.4455350581652604,2.766274374047991,5.594826812539081
38,0.3680535117365589,3.828127256748012,0.23913498318308551,0.478779271354842,2.6300637398515825,5.979670295447871
39,0.3247281381922025,3.9409377265242957,0.20804046366580942,0.4283559827759624,2.9104428432849963,5.802294884246852
40,0.374781969546195,3.921500774380167,0.260434978427757,0.4750221946730294,2.705235279774893,5.8745371579936405
41,0.27215477348395106,4.0975721054368375,0.18233485628341828,0.39040102405189026,3.170015147062558,5.79802550052236
42,0.271268612549598,4.181815658222892,0.17562302932241958,0.3719397821507622,2.997762389095223,5.684960838296095
43,0.2150238743103201,4.242594979545996,0.1508299453253977,0.3049842229905588,3.196414587089955,6.10440200086007
44,0.2971515731341585,4.049084053740078,0.1975795231409709,0.39365691280551507,2.81876429740122,5.979732357353559
45,0.2817547594839473,4.048986218335163,0.19092630080542727,0.3775380947991932,2.961341709768759,6.032988739652233
46,0.39004120156685534,3.8447949662576697,0.2709943056550482,0.4991238421256273,2.755376529796069,5.400949540563621
47,0.32279177898700634,3.94852736864598,0.218095399327477,0.4270996902335348,2.827850382206017,5.974258322312123
48,0.3042868087780766,3.981605351741974,0.1985476114552927,0.40154357233401017,2.9275753669655744,5.420833502850897
49,0.26547364005883206,4.1134803957285735,0.1667045147310789,0.35730697081201834,3.17770237299747,5.721969530414571
50,0.35718325739556606,3.820456984189774,0.2538307232305285,0.46031019778307863,2.786783926563693,5.177958991567827
51,0.3659687419046564,3.836682735019615,0.2512324387731496,0.47101049921072413,2.843608735451454,5.4444724476469055
52,0.3725593351884886,3.8237182755451418,0.2701069155352604,0.4670350605357025,2.8488593396162054,5.390614517763922
53,0.4216587364138175,3.7111850981974697,0.2920180089693783,0.5449612207024771,2.473400955635009,5.403081259361123
54,0.3651664291037731,3.8619720857609523,0.2549108977447861,0.4892503976750553,2.7583532197280163,5.8780078825399595
55,0.3323776974130148,3.9179407806857887,0.23649525732856336,0.448715277382982,2.7615148185435157,5.324890684336645
56,0.34540351887112736,3.9666193084464765,0.23063302666551788,0.4533182926824394,2.8376935586367598,5.569044300387077
57,0.3650280393228098,3.85796323599387,0.237748053913298,0.4606207540752818,2.770366533365187,6.07702906078585
58,0.35330901189771624,3.8249654230027206,0.26130093451316927,0.44630245618247916,2.7159948102689695,5.464156084578125
59,0.36740165163663135,3.806769460903177,0.24158468779441317,0.48785643907439136,2.6935901675933827,5.4687210910245785
60,0.374250387794159,3.788823785302015,0.22726541493071817,0.4976921130133811,2.5962953747526027,5.017234995028182
61,0.34013849568659527,3.9784849285643604,0.2526711688524469,0.44040016465143195,2.6978602227345396,5.513599815782687
62,0.33494290129808085,3.888771717468346,0.25026083781766517,0.44150508396744925,2.7828133997549807,5.342343688858098
63,0.31976575024630904,3.9322973466079816,0.2199155409632191,0.42119475583736743,2.8180413763860908,5.24405708929806
64,0.35662028239513405,3.864483505433946,0.24747845382098155,0.45878958375502565,2.7072868803534247,5.372525698562816
65,0.31552129492354525,3.8363369675785535,0.22704107714992272,0.41503544675451687,2.8935424792770945,5.319630606297816
66,0.29302460324766777,4.127226419970406,0.18757748719099415,0.38336534404824807,3.0390940676572855,5.926270024332815
67,0.3507771121243775,3.9609311535660776,0.2641714353862762,0.4546138911719645,2.899870738922078,5.50468986421816
68,0.3493142373764296,3.855472174979425,0.23286132769856724,0.46018211984374746,2.8963659833157154,5.541732708746106
69,0.4128375072473847,3.6166845622758745,0.26416898633847063,0.549136939757698,2.4246835759349183,5.854437018186081
70,0.3335888698179964,4.012331060629656,0.2317868658896448,0.4419386513840431,2.8172091472140184,6.122011706299402
71,0.3470546483603103,3.89860979493618,0.2445473023775851,0.4446096695027863,2.8529653116644775,5.860438488187505
72,0.33485791264841874,4.024837952745916,0.22771805337678863,0.4615444591935305,2.893146619720301,5.8070787848928145
73,0.28321756345067783,4.064024378709841,0.185465040344862,0.38430502761756724,3.0178388506140283,5.4038299719110015
74,0.35557207002681934,3.755991812893469,0.260112750316234,0.4426527804151097,2.8528247515522724,5.216205301500181
75,0.35411427632976517,3.860661578337912,0.25579919321711525,0.45764472477105045,2.8257933243126407,5.365299269261763
76,0.3051140906341446,3.9805261372011946,0.21546793483986437,0.38832979885549607,2.9215098273797633,5.744880008120787
77,0.3590232920052421,3.7960511152295062,0.2467143067245296,0.4642584124000093,2.798378590922325,5.24594674699074
78,0.22979576142263397,4.3818027146619345,0.15425048110107242,0.3067908533687775,3.188891776597681,5.929705299348273
79,0.21816485645037664,4.32051357494508,0.14522846969601477,0.3124912462472579,3.2345400878926522,6.1803823775546185
80,0.35265369572811567,3.7823171827671085,0.22909021883290304,0.46358170271339105,2.784564194271345,5.626106635068487
81,0.3720860339283121,3.7875251343444796,0.266234311687676,0.48243345505437873,2.8803296164087757,5.3174555119050035
82,0.332867940302357,3.9277587472842797,0.22321315772108272,0.4289387703666048,2.8977242905396317,5.224867922485798
83,0.39981295524914445,3.7314215003165927,0.29107666614638716,0.5147337248564079,2.7304881748330745,5.873606208094813
84,0.2992719860804185,4.019987180316395,0.21394827840923236,0.41704686540872815,2.8830630148663405,5.856324217203801
85,0.32120237682902886,3.9898421162603515,0.21373460754836598,0.4240747901148342,2.9016139967113195,5.746314138740463
86,0.36838657455043666,3.9188505618491445,0.23338633455187044,0.4831086217798099,2.8410166118615527,6.033304338186343
87,0.32164329562116334,4.005074969206941,0.23941656545307788,0.4138448653194106,2.9836960656495792,5.6201244256766945
88,0.31977631545099705,3.8890964207955814,0.20985306797356928,0.4161049991773467,2.8675936809845313,5.4223377987517445
89,0.3631251642978547,3.8238986214695765,0.250076230322515,0.46829062399463295,2.788282780832164,6.072684951941403
90,0.3020591516984128,4.091322320014189,0.20222831431275712,0.39884924810176214,2.9311136075157647,5.861249453413049
91,0.1900073997128287,4.316653431564256,0.11783023183274022,0.2638334709374895,3.2763647751944505,6.073890167737781
92,0.3206173620317492,3.9606417050521703,0.21908472584448418,0.4127055240083836,2.9716538404880986,5.643427033292736
93,0.27173572599420825,4.012864969304251,0.18708981843791295,0.3640134818611354,3.0259005043238303,5.5769167347256925
94,0.315023005065557,3.9801435350016208,0.19628508415375046,0.4174998784575684,2.816287506678167,5.515949031272054
95,0.34875066255456494,3.889413941626742,0.23662097149569045,0.46925594537294024,2.7463245838161843,6.087592999641208
96,0.2584372978741071,4.197713870838276,0.1715644625941224,0.35740147772062647,3.0085782502354386,5.839085696663643
97,0.2847662818409039,4.120115928332772,0.20209705586772908,0.371467973927483,3.0048720781024647,6.172319791794738
98,0.3024155676766245,3.9787723688373466,0.20779013857889544,0.40584416690301983,2.9501610452905953,5.5875517643854815
99,0.373642004888764,3.876615796722575,0.2465444636586272,0.4958371942856849,2.6178696071996086,5.56473012258512
100,0.34892283413816266,4.109862610422186,0.24322981910371397,0.4688605018497291,2.987119799774186,5.769181549267292
101,0.3230316418236996,3.916474367935654,0.22121956687782013,0.4254243458515427,2.802948622650068,5.4324641331866115
102,0.27110698151920987,4.074500703190985,0.18405027099529303,0.3538736535783075,3.0104580435988266,5.66817842492124
103,0.3009954147744998,4.025425385459394,0.19739639713449697,0.4082471917617487,2.977700129228097,5.45950526673465
104,0.3435811743599774,4.048566441589527,0.24538730329690478,0.4386727575091739,2.737956609512016,6.203266624603797
105,0.4143700775288208,3.7065891016142425,0.28047771427014573,0.5378796016076142,2.61568406149235,5.732946826036495
106,0.38721648435170153,3.7237688942801417,0.2634320209590488,0.5008961081338335,2.5855571953591743,5.260368919291752
107,0.4231798027710264,3.702565875420156,0.2645461328048596,0.5634377137973556,2.5894338044095706,5.4650824597404215
108,0.32318749789042545,3.9106141890012953,0.21774931839699574,0.4144465938378536,2.9218139607124813,5.607883675360089
109,0.3268109070556963,4.006076478104663,0.21707942175836314,0.4312399272928076,2.991903189499931,5.864853473942506
110,0.3639265467791459,3.9663433472475704,0.25333824551559025,0.4729185526847778,2.934544759600535,5.596351807918882
111,0.33580681927294903,3.9334085050482406,0.21635768604603633,0.45581349286230366,2.771819480056952,5.6378966230374346
112,0.3367914063302567,3.770326841365905,0.24177608623593427,0.4347789028905188,2.8688374751808117,4.866747012611106
113,0.3502280749873973,3.886787939531773,0.24334017979793945,0.45986374956820436,2.891449333850675,5.417605943982921
114,0.3143050156136483,4.127770758890806,0.20487702961279658,0.4068248973063462,2.9153849415275817,6.146283466226642
115,0.33404775403533676,3.9953388224940034,0.21231215067119802,0.4334064856167338,2.7782075833098823,5.42590504730769
116,0.367479620799843,3.650474835090304,0.2574256431140499,0.48142821218309306,2.7734731650554894,4.979432614881095
117,0.3823230996216202,3.904287139320788,0.259357891575607,0.49456373234826095,2.70750849630127,6.308761865748934
118,0.37157258733399096,3.75590938008132,0.2638294608851164,0.47683045144913727,2.814332323538695,4.935865890996023
119,0.3426826098952213,3.9127093788862037,0.21906035286000475,0.44546198893443734,2.866321765774302,5.9363299730035575
120,0.2810978921335813,4.044420760975117,0.2007198496378318,0.3658745402695891,3.2436496813072218,5.282874088316679
121,0.3368304315654042,3.9038755471235884,0.22553516280883187,0.43854241490135903,2.8345487357792205,6.147214650775952
122,0.324448526889995,3.8963920444941844,0.225857535594027,0.4265931667489072,2.9383298476381845,5.684149286785486
123,0.33879502150904395,3.9969826016441323,0.22482116865018203,0.4426175066677225,3.048041757986025,5.220610124193205
124,0.32013187015777883,3.968339403250063,0.22019218555397174,0.4262254683567854,2.9030855337506507,5.539089959587214
125,0.32769030239505026,3.948811099005051,0.22491884095962367,0.42462821834921527,2.9628993053893957,6.341033642395099
126,0.309715387083928,3.9760274136367864,0.21447344990273254,0.42363368358932096,2.7471100527160273,6.0414192684076475
127,0.3333540431415737,3.866373919067436,0.24368861568383898,0.4267746619664178,2.8660682288288575,5.173570508759377
128,0.31694590045215443,3.9425722193321824,0.21327987917522662,0.40538026664972415,2.885014854874978,5.469862915006319
129,0.36744281313542976,3.822970276228486,0.2564595232150553,0.4731106355783233,2.7617099995358005,5.651625551386738
130,0.3630669721314395,3.8602414983752307,0.24545430200200477,0.4739360579824767,2.6440800118657055,5.268911267330797
131,0.37497245819645547,3.737566584459215,0.2715863513620477,0.49408412754498765,2.914644552172708,5.43270449784784
132,0.3476236523875812,3.8201301672548085,0.23653717539515173,0.4446283015107385,2.686147217748781,5.3018092066617974
133,0.36106990141755946,3.841225961694831,0.24046279756836614,0.4501303303524068,2.7293725185099778,5.163567647597583
134,0.3687982733223197,3.841881523326525,0.24005071940804723,0.4823420450409971,2.7097482736283753,5.332010560533904
135,0.3333624279438979,3.871893083114834,0.23772177989819335,0.4254838711230329,2.75168573878218,5.264509296133387
136,0.43102844798861517,3.6491234666649017,0.2959311374742011,0.5413424249411383,2.500626432555999,5.318066378505241
137,0.3643011202170907,3.76424663157946,0.25266119564580036,0.4683334627782463,2.6695138135504553,5.334387344762931
138,0.30251245987194497,4.043322601271754,0.210735111455916,0.39929413971815797,3.097254788244184,5.840731115746298
139,0.3016676198252813,4.205941701186184,0.19937143908155475,0.39151274269676273,2.98043100670783,6.135014605608696
140,0.3175810487776854,3.990210809960464,0.21179707624334287,0.41583111142286566,2.9312224828602127,5.933496678809357
141,0.382835753550328,3.692225143223181,0.25245126535179235,0.4869173068516174,2.694645292443045,5.251547986725371
142,0.34904026069548316,3.849287594639775,0.2343681645775132,0.45143443263486194,2.8749161686606666,5.074087888391611
143,0.383237103949333,3.7645695971752327,0.27778706204791315,0.5074960199667262,2.622106972751069,5.581409386423962
144,0.28542098449306375,4.151119241645979,0.15894049616083458,0.36056213347902477,2.993501558363155,5.49821742523666
145,0.2458077230471116,4.1364948057856665,0.1639135238089411,0.3239847533266417,3.112469229361576,5.887225160773217
146,0.32869789317055303,3.943773990248837,0.22321887432137422,0.4342142643836805,3.0145806775109683,5.517590338416209
147,0.3311577968865855,3.8984659565057815,0.21975104254656072,0.4447988314993066,2.854400130309181,5.391361625071025
148,0.3106429454665253,3.8837900576434343,0.2000445679560014,0.40028428844957764,2.915891440854937,5.3152139463681785
149,0.30271044170489525,4.008169192593695,0.21037057504414733,0.41263510505976364,2.8204558824022254,6.049972849624446
150,0.29716575048280697,4.029379989690608,0.2108242102537809,0.38798692356300346,2.812926157892771,5.781118712277024
151,0.38117479286364925,3.9637515786430084,0.2851214434436069,0.4825055695733866,2.7955713470281585,5.589006704646079
152,0.3625244873443817,3.7574978354312685,0.24870558858985514,0.45866044147813123,2.721984676262058,5.095628252113279
153,0.3940989946987599,3.7543773165044323,0.28506449679799123,0.5242137663460941,2.502829853222581,5.3534889100897285
154,0.34373627824456593,3.902558212962543,0.21072271639041906,0.45090009847743195,2.9029830041583278,5.522540846794053
155,0.3130038876236755,4.03058334396615,0.22183565905758426,0.4108565603944908,2.741942296377114,5.932202245930435
156,0.34399055627692443,3.882976808924085,0.23986414894719219,0.44421009755631397,2.8111784880778328,5.393172023611497
157,0.25852770037732703,4.021774584468779,0.16747620065181607,0.34151935972206426,3.0374237017828882,5.5113901804899825
158,0.32222219269589886,4.025813617196508,0.2041761159243809,0.4312359758468556,2.822873482615093,5.714262400554935
159,0.34377168761971266,3.9589816970499334,0.23845281046758227,0.4453200233868993,2.8176833009800855,5.780986946562364
160,0.3869192089016959,3.8056538518319556,0.2706154896191888,0.4779007773653384,2.892115532218922,6.18318990837246
161,0.29839647695754823,4.069490295242341,0.19803572546822673,0.391393741442083,2.9445843989726193,5.633161213878002
