SubjectInfo.age_at_birth,SubjectInfo.gender,SubjectInfo.language_list,SubjectInfo.subjID,SubjectInfo.testAge,SubjectInfo.sessionNumber,Trials.trialType,Trials.ordinal,Looks.confidence,Trials.duration,Trials.excludeTrial,Trials.excludeReason,Looks.duration_onLooks
40 or more weeks,f,en de vi,5MDcFP,386.0,1,fam-number-fam9,0,,34.344,False,,34.344
40 or more weeks,f,en de vi,5MDcFP,386.0,1,test-number-fam9,1,,0.05,True,total on-look time in trial is less than the minimum cumulative duration (min_durationOn),0.05
40 or more weeks,f,en de vi,5MDcFP,386.0,1,fam-number-famrepeat-1,2,,44.998999999999995,False,,44.998999999999995
40 or more weeks,f,en de vi,5MDcFP,386.0,1,test-number-famrepeat-1,3,,44.418,False,,44.418
40 or more weeks,f,en de vi,5MDcFP,386.0,1,fam-background-fam9,4,,60.325,False,,60.325
40 or more weeks,f,en de vi,5MDcFP,386.0,1,test-background-fam9,5,,0.05,True,total on-look time in trial is less than the minimum cumulative duration (min_durationOn),0.05
39 weeks,m,en es,6QWG3G,229.0,1,fam-background-fam9,0,0.5563019811197195,44.999,False,,40.679
39 weeks,m,en es,6QWG3G,229.0,1,test-background-fam9,1,0.3566521816063151,40.342,False,,11.309000000000001
39 weeks,m,en es,6QWG3G,229.0,1,fam-pose-fam8,2,,39.999,False,,39.999
39 weeks,m,en es,6QWG3G,229.0,1,test-pose-fam8,3,,40.329,False,,40.329
39 weeks,m,en es,6QWG3G,229.0,1,fam-number-fam8,4,,39.999,False,,39.999
39 weeks,m,en es,6QWG3G,229.0,1,test-number-fam8,5,,40.28,False,,40.28
39 weeks,m,en es,6QWG3G,229.0,1,fam-identity-fam8,6,,39.999,False,,39.999
39 weeks,m,en es,6QWG3G,229.0,1,test-identity-fam8,7,,40.262,False,,40.262
39 weeks,m,en,67BY2B,360.0,1,fam-pose-fam9,0,0.4482962273668361,44.998999999999995,False,,44.998999999999995
39 weeks,m,en,67BY2B,360.0,1,test-pose-fam9,1,,40.229,False,,40.229
39 weeks,m,en,67BY2B,360.0,1,fam-number-fam8,2,,39.999,False,,39.999
39 weeks,m,en,67BY2B,360.0,1,test-number-fam8,3,,40.233000000000004,False,,40.233000000000004
39 weeks,m,en,67BY2B,360.0,1,fam-identity-fam9,4,,44.998999999999995,False,,44.998999999999995
39 weeks,m,en,67BY2B,360.0,1,test-identity-fam9,5,,40.201,False,,40.201
39 weeks,m,en,67BY2B,360.0,1,fam-background-fam8,6,,39.999,False,,39.999
39 weeks,m,en,67BY2B,360.0,1,test-background-fam8,7,,40.146,False,,40.146
39 weeks,m,en,7MNDCD,314.0,1,fam-number-fam8,0,,0.014,True,total on-look time in trial is less than the minimum cumulative duration (min_durationOn),0.014
39 weeks,m,en,7MNDCD,314.0,1,test-number-fam8,1,,0.004,True,total on-look time in trial is less than the minimum cumulative duration (min_durationOn),0.004
39 weeks,m,en,7MNDCD,314.0,1,fam-animacy-fam8,2,,0.067,True,total on-look time in trial is less than the minimum cumulative duration (min_durationOn),0.067
39 weeks,m,en,7MNDCD,314.0,1,fam-background-fam9,4,0.9285836554410164,34.594,False,,18.495999999999995
39 weeks,m,en,7MNDCD,314.0,1,fam-pose-fam9,6,,5.309,False,,5.309
39 weeks,m,en,7MNDCD,314.0,1,fam-background-fam8,8,0.7991864128380479,39.999,False,,39.765
39 weeks,m,en,7MNDCD,314.0,1,test-background-fam8,9,0.8674736694128621,40.189,False,,10.669
39 weeks,m,en,7MNDCD,314.0,1,fam-number-fam9,10,0.8286922991777026,44.999,False,,43.08900000000001
39 weeks,m,en,7MNDCD,314.0,1,test-number-fam9,11,0.9534754134406288,40.226,True,total on-look time in trial is less than the minimum cumulative duration (min_durationOn),1.5339999999999991
39 weeks,m,en,7MNDCD,314.0,1,fam-identity-fam8,12,0.7922392909832204,39.999,False,,39.731
39 weeks,m,en,7MNDCD,314.0,1,test-identity-fam8,13,0.614686080903718,40.482,False,,6.298000000000003
39 weeks,m,en,7MNDCD,314.0,1,test-identity-fam8,13,0.5334200767370371,40.482,False,,6.298000000000003
39 weeks,m,en,7MNDCD,314.0,1,test-identity-fam8,13,0.5789273977279663,40.482,False,,6.298000000000003
39 weeks,m,en,7MNDCD,314.0,1,test-identity-fam8,13,0.8738774848434159,40.482,False,,6.298000000000003
39 weeks,m,en,7MNDCD,314.0,1,test-identity-fam8,13,0.8486198094156053,40.482,False,,6.298000000000003
39 weeks,m,en,7MNDCD,314.0,1,test-identity-fam8,13,0.7515510320663452,40.482,False,,6.298000000000003
39 weeks,m,en,7MNDCD,314.0,1,test-identity-fam8,13,0.7230810205141703,40.482,False,,6.298000000000003
39 weeks,m,en,7MNDCD,314.0,1,test-identity-fam8,13,0.9944748621433972,40.482,False,,6.298000000000003
39 weeks,m,en,7MNDCD,314.0,1,test-identity-fam8,13,0.7052498630114964,40.482,False,,6.298000000000003
39 weeks,m,en,7MNDCD,314.0,1,test-identity-fam8,13,0.8881422004837921,40.482,False,,6.298000000000003
39 weeks,m,en,7MNDCD,314.0,1,test-identity-fam8,13,0.8599034168503501,40.482,False,,6.298000000000003
39 weeks,m,en,7MNDCD,314.0,1,test-identity-fam8,13,0.6953547398249308,40.482,False,,6.298000000000003
39 weeks,m,en,7MNDCD,314.0,1,test-identity-fam8,13,0.9219744022075946,40.482,False,,6.298000000000003
39 weeks,m,en,7MNDCD,314.0,1,test-identity-fam8,13,0.7937115838653163,40.482,False,,6.298000000000003
39 weeks,m,en,7MNDCD,314.0,1,test-identity-fam8,13,0.25774362683296204,40.482,False,,6.298000000000003
39 weeks,m,en,7MNDCD,314.0,1,test-identity-fam8,13,0.93443723825308,40.482,False,,6.298000000000003
39 weeks,m,en,7MNDCD,314.0,1,test-identity-fam8,13,0.7466899660917429,40.482,False,,6.298000000000003
39 weeks,m,en,7MNDCD,314.0,1,test-identity-fam8,13,0.9926760542777276,40.482,False,,6.298000000000003
39 weeks,m,en,7MNDCD,314.0,1,test-identity-fam8,13,-1.0,40.482,False,,6.298000000000003
39 weeks,m,en,7MNDCD,314.0,1,fam-pose-fam9,14,,44.999,False,,44.999
39 weeks,m,en,7MNDCD,314.0,1,test-pose-fam9,15,,40.232,False,,40.232
40 or more weeks,f,en es,JRKJGS,344.0,1,fam-pose-fam8,0,0.5690690763198297,39.999,False,,39.50700000000001
40 or more weeks,f,en es,JRKJGS,344.0,1,test-pose-fam8,1,0.6623575335899269,40.189,False,,17.201000000000004
40 or more weeks,f,en es,JRKJGS,344.0,1,fam-number-fam8,2,0.6594593098151458,39.999,False,,39.999
40 or more weeks,f,en es,JRKJGS,344.0,1,test-number-fam8,3,0.8626974559973772,40.266999999999996,False,,36.01500000000001
40 or more weeks,f,en es,JRKJGS,344.0,1,fam-identity-fam9,4,0.6762779364288157,44.998999999999995,False,,44.87600000000001
40 or more weeks,f,en es,JRKJGS,344.0,1,test-identity-fam9,5,0.7653643483936815,40.213,False,,24.915
40 or more weeks,f,en es,JRKJGS,344.0,1,fam-background-fam8,6,0.7643837322083116,39.999,False,,32.568000000000005
40 or more weeks,f,en es,JRKJGS,344.0,1,test-background-fam8,7,0.687834103640369,40.169000000000004,False,,27.177
39 weeks,m,en,FcTSN5,393.0,1,fam-background-fam9,0,0.7646492407076451,44.999,False,,42.31800000000001
39 weeks,m,en,FcTSN5,393.0,1,test-background-fam9,1,0.8210893047746909,40.25,False,,30.47300000000001
39 weeks,m,en,FcTSN5,393.0,1,fam-number-fam9,2,0.7466134411906015,44.999,False,,44.307
39 weeks,m,en,FcTSN5,393.0,1,test-number-fam9,3,0.965698269549675,40.206,False,,40.206
39 weeks,m,en,FcTSN5,393.0,1,fam-identity-fam8,4,0.6363275185771524,39.999,False,,8.918
39 weeks,m,en,FcTSN5,393.0,1,test-identity-fam8,5,0.8964031655978382,40.266,False,,22.439
39 weeks,m,en,FcTSN5,393.0,1,fam-animacy-fam8,6,0.7900962074128722,39.999,False,,39.999
39 weeks,m,en,FcTSN5,393.0,1,test-animacy-fam8,7,0.7903590877787078,40.122,False,,38.06200000000001
39 weeks,f,en,56cEN4,296.0,1,fam-number-fam8,0,0.9304660316866594,39.999,False,,39.999
39 weeks,f,en,56cEN4,296.0,1,test-number-fam8,1,0.8888535525422119,40.231,False,,30.34
39 weeks,f,en,56cEN4,296.0,1,fam-animacy-fam9,2,0.6196619810309311,44.998999999999995,False,,21.458000000000006
39 weeks,f,en,56cEN4,296.0,1,test-animacy-fam9,3,0.5017508348407511,40.289,False,,25.38
39 weeks,f,en,56cEN4,296.0,1,fam-background-fam8,4,0.6803546290776373,39.999,False,,28.443000000000005
39 weeks,f,en,56cEN4,296.0,1,test-background-fam8,5,0.5632366011239062,40.313,False,,28.340999999999998
39 weeks,f,en,56cEN4,296.0,1,fam-identity-fam8,6,0.7353276299479843,39.999,False,,17.297
39 weeks,f,en,56cEN4,296.0,1,test-identity-fam8,7,0.5361550675133864,40.3,False,,11.239999999999993
40 or more weeks,f,en,ERHDZJ,304.0,1,fam-background-fam9,0,0.4333014294683723,44.999,True,total on-look time in trial is less than the minimum cumulative duration (min_durationOn),1.3060000000000045
40 or more weeks,f,en,ERHDZJ,304.0,1,test-background-fam9,1,,40.237,True,total on-look time in trial is less than the minimum cumulative duration (min_durationOn),0.0
40 or more weeks,f,en,ERHDZJ,304.0,1,fam-pose-fam9,2,,44.999,True,total on-look time in trial is less than the minimum cumulative duration (min_durationOn),0.0
40 or more weeks,f,en,ERHDZJ,304.0,1,test-pose-fam9,3,,40.177,True,total on-look time in trial is less than the minimum cumulative duration (min_durationOn),0.0
40 or more weeks,f,en,ERHDZJ,304.0,1,fam-animacy-fam8,4,0.3500303447246551,39.999,True,total on-look time in trial is less than the minimum cumulative duration (min_durationOn),0.17100000000000293
40 or more weeks,f,en,ERHDZJ,304.0,1,test-animacy-fam8,5,0.5809994258154431,40.09,True,total on-look time in trial is less than the minimum cumulative duration (min_durationOn),1.6710000000000034
40 or more weeks,f,en,ERHDZJ,304.0,1,fam-identity-fam9,6,0.4945106605688731,44.999,True,total on-look time in trial is less than the minimum cumulative duration (min_durationOn),0.07100000000000684
40 or more weeks,f,en,ERHDZJ,304.0,1,test-identity-fam9,7,0.5871765417131511,40.178,False,,2.577000000000003
39 weeks,m,en,EX37dQ,315.0,1,fam-identity-fam9,0,0.8981761655424684,44.998999999999995,False,,18.436000000000007
39 weeks,m,en,EX37dQ,315.0,1,test-identity-fam9,1,0.7922559012724589,40.186,False,,8.053999999999995
39 weeks,m,en,EX37dQ,315.0,1,fam-number-fam8,2,0.6918676788048684,39.999,False,,9.936000000000003
39 weeks,m,en,EX37dQ,315.0,1,test-number-fam8,3,0.7210066163219263,40.187,False,,10.080999999999992
39 weeks,m,en,EX37dQ,315.0,1,fam-animacy-fam8,4,0.927202086206943,39.999,False,,11.863999999999995
39 weeks,m,en,EX37dQ,315.0,1,test-animacy-fam8,5,0.6641000669728588,40.119,False,,6.867999999999999
39 weeks,m,en,EX37dQ,315.0,1,fam-background-fam8,6,0.6321068636402986,39.999,False,,33.012
39 weeks,m,en,EX37dQ,315.0,1,test-background-fam8,7,0.8240935184414653,40.146,True,total on-look time in trial is less than the minimum cumulative duration (min_durationOn),1.753
39 weeks,m,en cmn,G6c77X,286.0,1,fam-background-fam9,0,0.7422127730192677,44.999,False,,44.999
39 weeks,m,en cmn,G6c77X,286.0,1,test-background-fam9,1,0.7598130192163466,40.191,False,,39.59200000000001
39 weeks,m,en cmn,G6c77X,286.0,1,fam-number-fam9,2,0.7005731777009131,44.999,False,,30.231
39 weeks,m,en cmn,G6c77X,286.0,1,test-number-fam9,3,0.8234888950997674,40.217,False,,29.879
39 weeks,m,en cmn,G6c77X,286.0,1,fam-pose-fam9,4,0.6916440117935244,44.999,False,,44.999
39 weeks,m,en cmn,G6c77X,286.0,1,test-pose-fam9,5,0.6660605579503681,40.194,False,,28.305
39 weeks,m,en cmn,G6c77X,286.0,1,fam-animacy-fam8,6,0.7213558179256823,39.999,False,,21.368000000000002
39 weeks,m,en cmn,G6c77X,286.0,1,test-animacy-fam8,7,0.6765746260807779,40.113,False,,36.337
40 or more weeks,f,en ru,YTV5Dc,271.0,1,fam-animacy-fam9,0,0.6702721452679035,44.998999999999995,False,,44.998999999999995
40 or more weeks,f,en ru,YTV5Dc,271.0,1,test-animacy-fam9,1,0.7371961372840048,40.305,False,,35.738
40 or more weeks,f,en ru,YTV5Dc,271.0,1,fam-background-fam8,2,0.5760559070212253,39.999,False,,39.712
40 or more weeks,f,en ru,YTV5Dc,271.0,1,test-background-fam8,3,0.8417185290446737,40.169000000000004,False,,7.965999999999994
40 or more weeks,f,en ru,YTV5Dc,271.0,1,fam-pose-fam9,4,0.5258487861371842,44.998999999999995,False,,43.018
40 or more weeks,f,en ru,YTV5Dc,271.0,1,test-pose-fam9,5,0.7238919431192512,40.211,False,,27.747
40 or more weeks,f,en ru,YTV5Dc,271.0,1,fam-number-fam8,6,0.6681281424851881,39.999,False,,38.208
40 or more weeks,f,en ru,YTV5Dc,271.0,1,test-number-fam8,7,0.9049382688768196,40.196999999999996,False,,25.91200000000001
39 weeks,m,en ur,HAMLQ7,234.0,1,fam-identity-fam8,0,0.918301114576675,39.999,False,,31.32
39 weeks,m,en ur,HAMLQ7,234.0,1,test-identity-fam8,1,0.7603243904041382,40.163,False,,11.34
39 weeks,m,en ur,HAMLQ7,234.0,1,fam-background-fam8,2,0.8934925044537669,39.999,False,,12.321000000000005
39 weeks,m,en ur,HAMLQ7,234.0,1,test-background-fam8,3,0.8693946536585901,40.164,False,,4.073
39 weeks,m,en ur,HAMLQ7,234.0,1,fam-animacy-fam9,4,0.7116506744848975,44.999,False,,8.915000000000006
39 weeks,m,en ur,HAMLQ7,234.0,1,test-animacy-fam9,5,0.9043031054541548,40.272,False,,18.991
39 weeks,m,en ur,HAMLQ7,234.0,1,fam-pose-fam8,6,0.7498854940996638,39.999,False,,29.067
39 weeks,m,en ur,HAMLQ7,234.0,1,test-pose-fam8,7,0.7864539743532152,40.221,False,,5.442999999999998
36 weeks,f,en,XMMHFY,344.0,1,fam-pose-fam9,0,0.7016725757544972,44.998999999999995,False,,41.96099999999999
36 weeks,f,en,XMMHFY,344.0,1,test-pose-fam9,1,0.6918539439023631,40.205999999999996,False,,24.215000000000003
36 weeks,f,en,XMMHFY,344.0,1,fam-background-fam9,2,0.7215810095121254,44.998999999999995,False,,41.867
36 weeks,f,en,XMMHFY,344.0,1,test-background-fam9,3,0.8037911284293427,40.236,False,,4.639000000000003
36 weeks,f,en,XMMHFY,344.0,1,fam-number-fam9,4,0.7214034983896521,44.998999999999995,False,,18.176
36 weeks,f,en,XMMHFY,344.0,1,test-number-fam9,5,0.8427796290143574,40.22,False,,13.109999999999996
36 weeks,f,en,XMMHFY,344.0,1,fam-animacy-fam8,6,0.7479370407812874,39.999,False,,22.769000000000005
36 weeks,f,en,XMMHFY,344.0,1,test-animacy-fam8,7,0.7244181913167935,40.148,False,,29.625000000000004
40 or more weeks,m,en,DHMcAZ,393.0,1,fam-pose-fam9,0,0.7353580716481997,13.459,False,,13.459
40 or more weeks,m,en,DHMcAZ,393.0,1,test-pose-fam9,1,,0.049,True,total on-look time in trial is less than the minimum cumulative duration (min_durationOn),0.049
40 or more weeks,m,en,DHMcAZ,393.0,1,fam-pose-famrepeat-1,2,0.7766049976036583,44.999,False,,44.999
40 or more weeks,m,en,DHMcAZ,393.0,1,test-pose-famrepeat-1,3,0.7993882571948251,40.172,False,,31.94200000000001
40 or more weeks,m,en,DHMcAZ,393.0,1,fam-number-fam8,4,0.6845406902618438,39.999,False,,36.56500000000001
40 or more weeks,m,en,DHMcAZ,393.0,1,test-number-fam8,5,0.7289375445729539,40.173,False,,12.217999999999995
40 or more weeks,m,en,DHMcAZ,393.0,1,fam-background-fam9,6,0.9132689538876416,44.999,False,,42.218
40 or more weeks,m,en,DHMcAZ,393.0,1,test-background-fam9,7,0.8110329510839823,40.181,False,,7.1069999999999975
40 or more weeks,m,en,DHMcAZ,393.0,1,fam-animacy-fam8,8,0.6545756432044258,39.999,False,,17.915000000000006
40 or more weeks,m,en,DHMcAZ,393.0,1,test-animacy-fam8,9,0.7751634089141267,40.106,False,,21.83600000000001
39 weeks,m,en,LMcCDF,303.0,1,fam-animacy-fam8,0,0.6208784837499121,39.999,False,,39.395
39 weeks,m,en,LMcCDF,303.0,1,test-animacy-fam8,1,0.6406561238005896,40.111,False,,37.932
39 weeks,m,en,LMcCDF,303.0,1,fam-background-fam9,2,0.6019831366009183,44.998999999999995,False,,43.13300000000001
39 weeks,m,en,LMcCDF,303.0,1,test-background-fam9,3,0.727500004466593,40.196999999999996,False,,36.108
39 weeks,m,en,LMcCDF,303.0,1,fam-pose-fam8,4,0.6616849473201567,39.999,False,,11.471000000000007
39 weeks,m,en,LMcCDF,303.0,1,test-pose-fam8,5,0.6527394721905391,40.173,False,,5.466000000000001
39 weeks,m,en,LMcCDF,303.0,1,fam-number-fam9,6,0.689194392547299,44.998999999999995,False,,37.15100000000001
39 weeks,m,en,LMcCDF,303.0,1,test-number-fam9,7,0.8420094548724005,40.214,False,,16.499999999999993
39 weeks,f,en,3UXGEX,349.0,1,fam-number-fam9,0,0.5543665114594188,44.999,False,,16.470000000000002
39 weeks,f,en,3UXGEX,349.0,1,test-number-fam9,1,0.4559705682926707,40.191,False,,15.484000000000005
39 weeks,f,en,3UXGEX,349.0,1,fam-animacy-fam9,2,,44.999,False,,44.999
39 weeks,f,en,3UXGEX,349.0,1,test-animacy-fam9,3,,40.293,False,,40.293
39 weeks,f,en,3UXGEX,349.0,1,fam-background-fam9,4,,44.999,False,,44.999
39 weeks,f,en,3UXGEX,349.0,1,test-background-fam9,5,,40.214,False,,40.214
39 weeks,f,en,3UXGEX,349.0,1,fam-identity-fam8,6,,39.999,False,,39.999
39 weeks,f,en,3UXGEX,349.0,1,test-identity-fam8,7,,40.158,False,,40.158
40 or more weeks,m,en,XJEDQY,373.0,1,fam-background-fam9,0,0.7092945576322057,44.998999999999995,False,,39.926
40 or more weeks,m,en,XJEDQY,373.0,1,test-background-fam9,1,0.7631088231022899,40.184,False,,3.3080000000000003
40 or more weeks,m,en,XJEDQY,373.0,1,fam-pose-fam9,2,0.6724608539944891,44.998999999999995,False,,35.57300000000001
40 or more weeks,m,en,XJEDQY,373.0,1,test-pose-fam9,3,0.6322210050740904,40.216,False,,5.5820000000000025
40 or more weeks,m,en,XJEDQY,373.0,1,fam-identity-fam8,4,0.5678724197818839,69.834,False,,24.475000000000023
40 or more weeks,m,en,XJEDQY,373.0,1,test-identity-fam8,5,,0.05,True,total on-look time in trial is less than the minimum cumulative duration (min_durationOn),0.0
40 or more weeks,m,en,XJEDQY,373.0,1,fam-identity-famrepeat-1,6,0.6847980846581809,24.028000000000002,False,,9.107000000000001
40 or more weeks,m,en,XJEDQY,373.0,1,test-identity-famrepeat-1,7,,0.05,True,total on-look time in trial is less than the minimum cumulative duration (min_durationOn),0.0
40 or more weeks,m,en,XJEDQY,373.0,1,fam-identity-famrepeat-2,8,0.7675599075052363,67.361,False,,19.204
40 or more weeks,m,en,XJEDQY,373.0,1,test-identity-famrepeat-2,9,,0.05,True,total on-look time in trial is less than the minimum cumulative duration (min_durationOn),0.0
40 or more weeks,m,en,XJEDQY,373.0,1,fam-identity-famrepeat-3,10,0.6169679532488295,29.136,False,,20.898000000000003
40 or more weeks,m,en,XJEDQY,373.0,1,test-identity-famrepeat-3,11,,0.05,True,total on-look time in trial is less than the minimum cumulative duration (min_durationOn),0.0
39 weeks,m,en,WVTC63,311.0,1,fam-identity-fam9,0,0.6942931437060232,44.999,False,,42.81399999999999
39 weeks,m,en,WVTC63,311.0,1,test-identity-fam9,1,0.7781940240123828,40.189,False,,8.471000000000004
39 weeks,m,en,WVTC63,311.0,1,fam-number-fam8,2,0.4780322174231211,39.999,False,,28.46
39 weeks,m,en,WVTC63,311.0,1,test-number-fam8,3,0.8934509277267296,40.265,False,,14.846000000000005
39 weeks,m,en,WVTC63,311.0,1,fam-pose-fam9,4,0.687594750193132,44.999,False,,19.54200000000001
39 weeks,m,en,WVTC63,311.0,1,test-pose-fam9,5,0.7668525889662811,40.225,False,,20.815999999999995
39 weeks,m,en,WVTC63,311.0,1,fam-background-fam8,6,0.7244777844903578,39.999,False,,7.717000000000002
39 weeks,m,en,WVTC63,311.0,1,test-background-fam8,7,0.530475871430503,40.205,False,,3.674999999999997
39 weeks,f,en,XLXT6Z,393.0,1,fam-number-fam9,0,0.7117895485275214,44.998999999999995,False,,43.535
39 weeks,f,en,XLXT6Z,393.0,1,test-number-fam9,1,0.7447541722918832,40.262,False,,39.033
39 weeks,f,en,XLXT6Z,393.0,1,fam-background-fam8,2,0.6228717260960164,39.999,False,,39.999
39 weeks,f,en,XLXT6Z,393.0,1,test-background-fam8,3,0.7219277735765414,40.327,False,,36.102
39 weeks,f,en,XLXT6Z,393.0,1,fam-animacy-fam8,4,0.6291057261832809,39.999,False,,30.29300000000002
39 weeks,f,en,XLXT6Z,393.0,1,test-animacy-fam8,5,0.6096329805062453,40.211,False,,17.391999999999996
39 weeks,f,en,XLXT6Z,393.0,1,fam-pose-fam8,6,0.6578343305519987,39.999,False,,13.385000000000002
39 weeks,f,en,XLXT6Z,393.0,1,test-pose-fam8,7,0.6430242808730429,40.361,False,,6.8870000000000005
38 weeks,m,en,Rd4463,208.0,1,fam-number-fam8,0,,0.217,True,total on-look time in trial is less than the minimum cumulative duration (min_durationOn),0.217
38 weeks,m,en,Rd4463,208.0,1,fam-animacy-fam9,2,,0.264,True,total on-look time in trial is less than the minimum cumulative duration (min_durationOn),0.264
38 weeks,m,en,Rd4463,208.0,1,test-animacy-fam9,3,,4.766,False,,4.766
38 weeks,m,en,Rd4463,208.0,1,test-background-fam8,5,,0.147,True,total on-look time in trial is less than the minimum cumulative duration (min_durationOn),0.147
38 weeks,m,en,Rd4463,208.0,1,fam-pose-fam9,6,,0.071,True,total on-look time in trial is less than the minimum cumulative duration (min_durationOn),0.071
38 weeks,m,en,Rd4463,208.0,1,test-pose-fam9,7,-1.0,5.01,False,,5.01
38 weeks,m,en,Rd4463,208.0,1,fam-background-fam8,8,0.593822405062812,39.999,False,,11.317000000000007
38 weeks,m,en,Rd4463,208.0,1,test-background-fam8,9,0.6839299629637775,40.167,False,,13.602000000000006
38 weeks,m,en,Rd4463,208.0,1,fam-number-fam8,10,0.6717136143173759,39.999,False,,15.249
38 weeks,m,en,Rd4463,208.0,1,test-number-fam8,11,0.636138977895639,40.249,False,,30.49600000000001
38 weeks,m,en,Rd4463,208.0,1,fam-identity-fam9,12,0.7422911399640273,44.999,False,,16.68499999999999
38 weeks,m,en,Rd4463,208.0,1,test-identity-fam9,13,0.6524937761364158,40.207,True,total on-look time in trial is less than the minimum cumulative duration (min_durationOn),0.5010000000000048
38 weeks,m,en,Rd4463,208.0,1,fam-animacy-fam8,14,0.7759793888438832,39.999,False,,2.213000000000001
38 weeks,m,en,Rd4463,208.0,1,fam-animacy-fam8,14,0.6291204690933228,39.999,False,,2.213000000000001
38 weeks,m,en,Rd4463,208.0,1,fam-animacy-fam8,14,0.9094211532145128,39.999,False,,2.213000000000001
38 weeks,m,en,Rd4463,208.0,1,fam-animacy-fam8,14,0.8174225775634542,39.999,False,,2.213000000000001
38 weeks,m,en,Rd4463,208.0,1,fam-animacy-fam8,14,0.6726684245196256,39.999,False,,2.213000000000001
38 weeks,m,en,Rd4463,208.0,1,fam-animacy-fam8,14,0.8053315639495849,39.999,False,,2.213000000000001
38 weeks,m,en,Rd4463,208.0,1,fam-animacy-fam8,14,0.6339754887989589,39.999,False,,2.213000000000001
38 weeks,m,en,Rd4463,208.0,1,fam-animacy-fam8,14,0.9911004063628968,39.999,False,,2.213000000000001
38 weeks,m,en,Rd4463,208.0,1,fam-animacy-fam8,14,0.6879545450210571,39.999,False,,2.213000000000001
38 weeks,m,en,Rd4463,208.0,1,fam-animacy-fam8,14,0.4940844911795396,39.999,False,,2.213000000000001
38 weeks,m,en,Rd4463,208.0,1,fam-animacy-fam8,14,0.7581099642718092,39.999,False,,2.213000000000001
38 weeks,m,en,Rd4463,208.0,1,fam-animacy-fam8,14,0.9186328325355262,39.999,False,,2.213000000000001
38 weeks,m,en,Rd4463,208.0,1,fam-animacy-fam8,14,0.7567191914070485,39.999,False,,2.213000000000001
38 weeks,m,en,Rd4463,208.0,1,fam-animacy-fam8,14,0.6315256895088568,39.999,False,,2.213000000000001
38 weeks,m,en,Rd4463,208.0,1,fam-animacy-fam8,14,0.6965028842290243,39.999,False,,2.213000000000001
38 weeks,m,en,Rd4463,208.0,1,fam-animacy-fam8,14,0.5729976296424866,39.999,False,,2.213000000000001
38 weeks,m,en,Rd4463,208.0,1,fam-animacy-fam8,14,0.4571687877178192,39.999,False,,2.213000000000001
38 weeks,m,en,Rd4463,208.0,1,fam-animacy-fam8,14,0.9778062348012572,39.999,False,,2.213000000000001
38 weeks,m,en,Rd4463,208.0,1,fam-animacy-fam8,14,0.8368870226704345,39.999,False,,2.213000000000001
38 weeks,m,en,Rd4463,208.0,1,fam-animacy-fam8,14,0.9506795489510824,39.999,False,,2.213000000000001
38 weeks,m,en,Rd4463,208.0,1,fam-animacy-fam8,14,0.661161984716143,39.999,False,,2.213000000000001
38 weeks,m,en,Rd4463,208.0,1,fam-animacy-fam8,14,0.6749904354413351,39.999,False,,2.213000000000001
38 weeks,m,en,Rd4463,208.0,1,fam-animacy-fam8,14,0.977194528190457,39.999,False,,2.213000000000001
38 weeks,m,en,Rd4463,208.0,1,fam-animacy-fam8,14,0.3463035192754533,39.999,False,,2.213000000000001
38 weeks,m,en,Rd4463,208.0,1,fam-animacy-fam8,14,0.4247265372957502,39.999,False,,2.213000000000001
38 weeks,m,en,Rd4463,208.0,1,fam-animacy-fam8,14,0.6761132876078287,39.999,False,,2.213000000000001
38 weeks,m,en,Rd4463,208.0,1,fam-animacy-fam8,14,0.5598844104799731,39.999,False,,2.213000000000001
38 weeks,m,en,Rd4463,208.0,1,fam-animacy-fam8,14,0.5915415734052658,39.999,False,,2.213000000000001
38 weeks,m,en,Rd4463,208.0,1,fam-animacy-fam8,14,0.7386355749491987,39.999,False,,2.213000000000001
38 weeks,m,en,Rd4463,208.0,1,fam-animacy-fam8,14,0.5121003600458304,39.999,False,,2.213000000000001
38 weeks,m,en,Rd4463,208.0,1,fam-animacy-fam8,14,0.5477054119110107,39.999,False,,2.213000000000001
38 weeks,m,en,Rd4463,208.0,1,fam-animacy-fam8,14,0.6018892725308737,39.999,False,,2.213000000000001
38 weeks,m,en,Rd4463,208.0,1,fam-animacy-fam8,14,0.8648657027412864,39.999,False,,2.213000000000001
38 weeks,m,en,Rd4463,208.0,1,fam-animacy-fam8,14,0.7450254993005232,39.999,False,,2.213000000000001
38 weeks,m,en,Rd4463,208.0,1,fam-animacy-fam8,14,0.774753600358963,39.999,False,,2.213000000000001
38 weeks,m,en,Rd4463,208.0,1,fam-animacy-fam8,14,0.7220819033682346,39.999,False,,2.213000000000001
38 weeks,m,en,Rd4463,208.0,1,fam-animacy-fam8,14,0.517105458304286,39.999,False,,2.213000000000001
38 weeks,m,en,Rd4463,208.0,1,fam-animacy-fam8,14,0.9899445413941084,39.999,False,,2.213000000000001
38 weeks,m,en,Rd4463,208.0,1,fam-animacy-fam8,14,0.7438785387020485,39.999,False,,2.213000000000001
38 weeks,m,en,Rd4463,208.0,1,test-animacy-fam8,15,0.7438785387020485,40.118,False,,11.562000000000005
38 weeks,m,en,Rd4463,208.0,1,test-animacy-fam8,15,0.4388233012623257,40.118,False,,11.562000000000005
38 weeks,m,en,Rd4463,208.0,1,test-animacy-fam8,15,0.7824691236019135,40.118,False,,11.562000000000005
38 weeks,m,en,Rd4463,208.0,1,test-animacy-fam8,15,0.4983334220372714,40.118,False,,11.562000000000005
38 weeks,m,en,Rd4463,208.0,1,test-animacy-fam8,15,0.6166245142618815,40.118,False,,11.562000000000005
38 weeks,m,en,Rd4463,208.0,1,test-animacy-fam8,15,0.824005383678845,40.118,False,,11.562000000000005
38 weeks,m,en,Rd4463,208.0,1,test-animacy-fam8,15,0.7166610161463419,40.118,False,,11.562000000000005
38 weeks,m,en,Rd4463,208.0,1,test-animacy-fam8,15,0.7700539636162093,40.118,False,,11.562000000000005
38 weeks,m,en,Rd4463,208.0,1,test-animacy-fam8,15,0.5670381983121237,40.118,False,,11.562000000000005
38 weeks,m,en,Rd4463,208.0,1,test-animacy-fam8,15,0.9183906727426108,40.118,False,,11.562000000000005
38 weeks,m,en,Rd4463,208.0,1,test-animacy-fam8,15,0.3473644852638245,40.118,False,,11.562000000000005
38 weeks,m,en,Rd4463,208.0,1,test-animacy-fam8,15,0.4861691511339611,40.118,False,,11.562000000000005
38 weeks,m,en,Rd4463,208.0,1,test-animacy-fam8,15,0.4711800515651703,40.118,False,,11.562000000000005
38 weeks,m,en,Rd4463,208.0,1,test-animacy-fam8,15,0.9063432243737308,40.118,False,,11.562000000000005
38 weeks,m,en,Rd4463,208.0,1,test-animacy-fam8,15,0.17017934057447645,40.118,False,,11.562000000000005
38 weeks,m,en,Rd4463,208.0,1,test-animacy-fam8,15,0.8050804976373911,40.118,False,,11.562000000000005
38 weeks,m,en,Rd4463,208.0,1,test-animacy-fam8,15,0.5799269874890646,40.118,False,,11.562000000000005
38 weeks,m,en,Rd4463,208.0,1,test-animacy-fam8,15,0.7464239639895303,40.118,False,,11.562000000000005
38 weeks,m,en,Rd4463,208.0,1,test-animacy-fam8,15,0.7186636328697205,40.118,False,,11.562000000000005
38 weeks,m,en,Rd4463,208.0,1,test-animacy-fam8,15,0.8693906527299148,40.118,False,,11.562000000000005
38 weeks,m,en,Rd4463,208.0,1,test-animacy-fam8,15,0.8927169600802083,40.118,False,,11.562000000000005
38 weeks,m,en,Rd4463,208.0,1,test-animacy-fam8,15,0.8693173064125909,40.118,False,,11.562000000000005
38 weeks,m,en,Rd4463,208.0,1,test-animacy-fam8,15,0.9730923740487348,40.118,False,,11.562000000000005
38 weeks,m,en,Rd4463,208.0,1,test-animacy-fam8,15,0.8342233381488107,40.118,False,,11.562000000000005
38 weeks,m,en,Rd4463,208.0,1,test-animacy-fam8,15,0.3312209224700928,40.118,False,,11.562000000000005
38 weeks,m,en,Rd4463,208.0,1,test-animacy-fam8,15,0.7009753928734705,40.118,False,,11.562000000000005
38 weeks,m,en,Rd4463,208.0,1,test-animacy-fam8,15,0.8061050916540211,40.118,False,,11.562000000000005
38 weeks,m,en,Rd4463,208.0,1,test-animacy-fam8,15,0.5326526388525963,40.118,False,,11.562000000000005
40 or more weeks,f,en,MP2T2L,336.0,1,fam-number-fam8,0,0.5863218627252009,39.999,False,,37.900999999999996
40 or more weeks,f,en,MP2T2L,336.0,1,test-number-fam8,1,0.7088708243722944,40.232,False,,35.894
40 or more weeks,f,en,MP2T2L,336.0,1,fam-pose-fam9,2,0.7327839705784209,44.998999999999995,False,,40.21
40 or more weeks,f,en,MP2T2L,336.0,1,test-pose-fam9,3,0.6744624000117301,40.202,False,,35.65700000000001
40 or more weeks,f,en,MP2T2L,336.0,1,fam-background-fam9,4,0.6688088218820556,44.998999999999995,False,,41.699
40 or more weeks,f,en,MP2T2L,336.0,1,test-background-fam9,5,0.6105494424308354,40.187,False,,22.074999999999992
40 or more weeks,f,en,MP2T2L,336.0,1,fam-animacy-fam9,6,0.6549013468617473,44.998999999999995,False,,39.87600000000001
40 or more weeks,f,en,MP2T2L,336.0,1,test-animacy-fam9,7,0.6222684266109683,40.279,False,,26.68099999999999
37 weeks,f,en yue,PNRB3X,277.0,1,fam-identity-fam9,0,0.584114617078958,44.999,False,,42.901
37 weeks,f,en yue,PNRB3X,277.0,1,test-identity-fam9,1,0.7154130150196677,40.41,False,,35.74800000000001
37 weeks,f,en yue,PNRB3X,277.0,1,fam-number-fam8,2,0.7363904573207014,39.999,False,,35.21
37 weeks,f,en yue,PNRB3X,277.0,1,test-number-fam8,3,0.6744622349588082,40.334,False,,35.78900000000001
37 weeks,f,en yue,PNRB3X,277.0,1,fam-animacy-fam9,4,0.646967868389861,44.999,False,,41.699
37 weeks,f,en yue,PNRB3X,277.0,1,test-animacy-fam9,5,0.6105494906840484,40.409,False,,21.459999999999994
37 weeks,f,en yue,PNRB3X,277.0,1,fam-background-fam8,6,0.6414802918821642,39.999,False,,35.44399999999999
37 weeks,f,en yue,PNRB3X,277.0,1,test-background-fam8,7,0.3645273758070473,40.434,False,,7.935999999999996
37 weeks,m,en,DQQ5ES,229.0,1,fam-background-fam8,0,0.5257242513032419,39.999,False,,39.999
37 weeks,m,en,DQQ5ES,229.0,1,test-background-fam8,1,0.662870585464431,40.199,False,,2.6629999999999967
37 weeks,m,en,DQQ5ES,229.0,1,fam-pose-fam8,2,0.5243132838606834,39.999,False,,38.804
37 weeks,m,en,DQQ5ES,229.0,1,test-pose-fam8,3,0.8263093655569511,40.154,False,,13.561000000000007
37 weeks,m,en,DQQ5ES,229.0,1,fam-number-fam8,4,0.7285870204908395,39.999,False,,34.971000000000004
37 weeks,m,en,DQQ5ES,229.0,1,test-number-fam8,5,0.7506441868587821,40.224000000000004,False,,17.593000000000004
37 weeks,m,en,DQQ5ES,229.0,1,fam-animacy-fam9,6,0.6025202372977541,44.998999999999995,False,,34.52300000000002
37 weeks,m,en,DQQ5ES,229.0,1,test-animacy-fam9,7,0.7611941557513631,40.285,False,,6.378999999999992
38 weeks,m,en,CLMDJE,280.0,1,fam-animacy-fam8,0,0.7940228058678725,39.999,False,,38.369
38 weeks,m,en,CLMDJE,280.0,1,test-animacy-fam8,1,0.670494768459075,40.109,False,,34.824
38 weeks,m,en,CLMDJE,280.0,1,fam-number-fam9,2,0.7779040637698902,44.999,False,,42.848000000000006
38 weeks,m,en,CLMDJE,280.0,1,test-number-fam9,3,0.930701878955398,40.19300000000001,False,,17.044
38 weeks,m,en,CLMDJE,280.0,1,fam-background-fam9,4,0.7512020660741807,44.999,False,,40.88600000000001
38 weeks,m,en,CLMDJE,280.0,1,test-background-fam9,5,0.8559741021156109,40.245,False,,8.812999999999994
38 weeks,m,en,CLMDJE,280.0,1,fam-pose-fam8,6,0.7651695215262321,39.999,False,,21.263
38 weeks,m,en,CLMDJE,280.0,1,test-pose-fam8,7,0.6140022487788345,40.16,False,,9.061999999999994
40 or more weeks,f,en fr es,NDBKW5,369.0,1,fam-animacy-fam8,0,0.937465218106623,39.999,False,,39.999
40 or more weeks,f,en fr es,NDBKW5,369.0,1,test-animacy-fam8,1,0.7747098003016095,40.109,False,,29.44500000000001
40 or more weeks,f,en fr es,NDBKW5,369.0,1,fam-number-fam9,2,0.8216097646626254,44.998999999999995,False,,31.537
40 or more weeks,f,en fr es,NDBKW5,369.0,1,test-number-fam9,3,0.6891628694416999,40.217,False,,15.211
40 or more weeks,f,en fr es,NDBKW5,369.0,1,fam-pose-fam8,4,0.6604729777331227,39.999,True,total on-look time in trial is less than the minimum cumulative duration (min_durationOn),0.2660000000000018
40 or more weeks,f,en fr es,NDBKW5,369.0,1,test-pose-fam8,5,0.5467577361490898,40.153,False,,3.7569999999999983
40 or more weeks,f,en fr es,NDBKW5,369.0,1,fam-background-fam9,6,0.6155561182891501,37.634,False,,16.709999999999994
40 or more weeks,f,en fr es,NDBKW5,369.0,1,test-background-fam9,7,,0.05,True,total on-look time in trial is less than the minimum cumulative duration (min_durationOn),0.0
40 or more weeks,f,en fr es,NDBKW5,369.0,1,fam-background-famrepeat-1,8,0.5654030515001495,50.027,False,,7.569999999999991
40 or more weeks,f,en fr es,NDBKW5,369.0,1,test-background-famrepeat-1,9,,0.05,True,total on-look time in trial is less than the minimum cumulative duration (min_durationOn),0.0
37 weeks,m,en,X7RSKU,265.0,1,fam-number-fam8,0,,0.151,True,total on-look time in trial is less than the minimum cumulative duration (min_durationOn),0.151
37 weeks,m,en,X7RSKU,265.0,1,test-number-fam8,1,0.9414632056768124,5.434,False,,5.434
37 weeks,m,en,X7RSKU,265.0,1,fam-animacy-fam9,2,0.7361797874388488,9.663,False,,9.663
37 weeks,m,en,X7RSKU,265.0,1,test-animacy-fam9,3,0.7450128972530365,50.338,False,,6.8940000000000055
37 weeks,m,en,X7RSKU,265.0,1,fam-background-famrepeat-1,6,,4.713,False,,4.713
37 weeks,m,en,X7RSKU,265.0,1,fam-background-famrepeat-3,10,0.4833151067386973,38.613,False,,31.719999999999995
37 weeks,m,en,X7RSKU,265.0,1,test-background-famrepeat-3,11,,0.049,True,total on-look time in trial is less than the minimum cumulative duration (min_durationOn),0.049
37 weeks,m,en,X7RSKU,265.0,1,fam-background-famrepeat-4,12,,39.999,False,,39.999
37 weeks,m,en,X7RSKU,265.0,1,test-background-famrepeat-4,13,,42.17,False,,42.17
37 weeks,m,en,X7RSKU,265.0,1,fam-identity-fam8,14,,56.44600000000001,False,,56.44600000000001
37 weeks,m,en,X7RSKU,265.0,1,test-identity-fam8,15,,0.05,True,total on-look time in trial is less than the minimum cumulative duration (min_durationOn),0.05
37 weeks,m,en,X7RSKU,265.0,1,fam-identity-famrepeat-1,16,,43.243,False,,43.243
37 weeks,m,en,X7RSKU,265.0,1,test-identity-famrepeat-1,17,,0.05,True,total on-look time in trial is less than the minimum cumulative duration (min_durationOn),0.05
37 weeks,m,en,X7RSKU,265.0,1,fam-identity-famrepeat-2,18,,39.999,False,,39.999
37 weeks,m,en,X7RSKU,265.0,1,test-identity-famrepeat-2,19,,40.453,False,,40.453
37 weeks,m,en,X7RSKU,265.0,1,fam-number-fam8,20,0.8774716182014881,74.878,False,,2.7860000000000014
37 weeks,m,en,X7RSKU,265.0,1,test-number-fam8,21,,0.05,True,total on-look time in trial is less than the minimum cumulative duration (min_durationOn),0.05
37 weeks,m,en,X7RSKU,265.0,1,fam-number-famrepeat-1,22,,16.562,False,,16.562
37 weeks,m,en,X7RSKU,265.0,1,test-number-famrepeat-1,23,,0.049,True,total on-look time in trial is less than the minimum cumulative duration (min_durationOn),0.049
37 weeks,m,en,X7RSKU,265.0,1,fam-number-famrepeat-2,24,0.6567593691690157,32.363,False,,31.939
37 weeks,m,en,X7RSKU,265.0,1,test-number-famrepeat-2,25,,0.05,True,total on-look time in trial is less than the minimum cumulative duration (min_durationOn),0.05
37 weeks,m,en,X7RSKU,265.0,1,fam-number-famrepeat-3,26,,3.829,False,,3.829
37 weeks,m,en,X7RSKU,265.0,1,test-number-famrepeat-3,27,,0.05,True,total on-look time in trial is less than the minimum cumulative duration (min_durationOn),0.05
37 weeks,m,en,X7RSKU,265.0,1,fam-number-famrepeat-4,28,0.7176638676722845,23.28,False,,23.28
37 weeks,m,en,X7RSKU,265.0,1,test-number-famrepeat-4,29,,0.05,True,total on-look time in trial is less than the minimum cumulative duration (min_durationOn),0.05
37 weeks,m,en,X7RSKU,265.0,1,fam-number-famrepeat-5,30,0.7984619518421942,37.556,False,,36.290000000000006
37 weeks,m,en,X7RSKU,265.0,1,test-number-famrepeat-5,31,0.9481573231676792,0.05,True,total on-look time in trial is less than the minimum cumulative duration (min_durationOn),0.05
37 weeks,m,en,X7RSKU,265.0,1,fam-number-famrepeat-6,32,0.9742262911833941,13.157,False,,13.157
37 weeks,m,en,X7RSKU,265.0,1,fam-number-famrepeat-6,32,0.7577384002506733,13.157,False,,13.157
37 weeks,m,en,X7RSKU,265.0,1,fam-number-famrepeat-6,32,0.9813703901829888,13.157,False,,13.157
37 weeks,m,en,X7RSKU,265.0,1,test-number-famrepeat-6,33,,0.049,True,total on-look time in trial is less than the minimum cumulative duration (min_durationOn),0.049
37 weeks,m,en,X7RSKU,265.0,1,fam-number-famrepeat-7,34,0.8934054727907534,39.999,False,,39.999
37 weeks,m,en,X7RSKU,265.0,1,fam-number-famrepeat-7,34,0.982654966291834,39.999,False,,39.999
37 weeks,m,en,X7RSKU,265.0,1,fam-number-famrepeat-7,34,0.3395921587944031,39.999,False,,39.999
37 weeks,m,en,X7RSKU,265.0,1,fam-number-famrepeat-7,34,0.9814491010177632,39.999,False,,39.999
37 weeks,m,en,X7RSKU,265.0,1,test-number-famrepeat-7,35,0.9814491010177632,49.476000000000006,False,,47.87600000000001
37 weeks,m,en,X7RSKU,265.0,1,test-number-famrepeat-7,35,0.3280470921443059,49.476000000000006,False,,47.87600000000001
37 weeks,m,en,X7RSKU,265.0,1,test-number-famrepeat-7,35,0.056107024351755776,49.476000000000006,False,,47.87600000000001
37 weeks,m,en,X7RSKU,265.0,1,test-number-famrepeat-7,35,0.906396219772952,49.476000000000006,False,,47.87600000000001
37 weeks,m,en,X7RSKU,265.0,1,test-number-famrepeat-7,35,0.9873831295499614,49.476000000000006,False,,47.87600000000001
37 weeks,m,en,X7RSKU,265.0,1,test-number-famrepeat-7,35,0.8205189506212869,49.476000000000006,False,,47.87600000000001
37 weeks,m,en,X7RSKU,265.0,1,test-number-famrepeat-7,35,0.8966358343760172,49.476000000000006,False,,47.87600000000001
37 weeks,m,en,X7RSKU,265.0,1,test-number-famrepeat-7,35,0.9829101551462104,49.476000000000006,False,,47.87600000000001
37 weeks,m,en,X7RSKU,265.0,1,test-number-famrepeat-7,35,0.9601346597075462,49.476000000000006,False,,47.87600000000001
37 weeks,m,en,X7RSKU,265.0,1,test-number-famrepeat-7,35,0.9547867604664394,49.476000000000006,False,,47.87600000000001
37 weeks,m,en,X7RSKU,265.0,1,test-number-famrepeat-7,35,0.9523590865888094,49.476000000000006,False,,47.87600000000001
37 weeks,m,en,X7RSKU,265.0,1,test-number-famrepeat-7,35,0.6448573039637672,49.476000000000006,False,,47.87600000000001
37 weeks,m,en,X7RSKU,265.0,1,test-number-famrepeat-7,35,0.8972294565878416,49.476000000000006,False,,47.87600000000001
37 weeks,m,en,X7RSKU,265.0,1,test-number-famrepeat-7,35,0.9857008506854376,49.476000000000006,False,,47.87600000000001
37 weeks,m,en,X7RSKU,265.0,1,test-number-famrepeat-7,35,0.8497025469938914,49.476000000000006,False,,47.87600000000001
40 or more weeks,f,en cmn,N2MJ27,308.0,1,fam-animacy-fam8,0,0.5634917513575568,39.999,False,,38.00100000000001
40 or more weeks,f,en cmn,N2MJ27,308.0,1,test-animacy-fam8,1,0.6106245380392528,40.107,False,,38.431
40 or more weeks,f,en cmn,N2MJ27,308.0,1,fam-pose-fam9,2,0.5981059983136603,44.998999999999995,False,,42.37300000000001
40 or more weeks,f,en cmn,N2MJ27,308.0,1,test-pose-fam9,3,0.5105415525349011,40.207,False,,7.966000000000005
40 or more weeks,f,en cmn,N2MJ27,308.0,1,fam-number-fam8,4,0.7649110251249635,39.999,False,,35.372
40 or more weeks,f,en cmn,N2MJ27,308.0,1,test-number-fam8,5,0.9595899403654179,40.247,False,,17.563999999999997
40 or more weeks,f,en cmn,N2MJ27,308.0,1,fam-background-fam8,6,0.66213497793432,39.999,False,,22.065
40 or more weeks,f,en cmn,N2MJ27,308.0,1,test-background-fam8,7,0.4686156918132116,40.163000000000004,False,,34.376
37 weeks,f,en,BJKPL2,299.0,1,fam-background-fam8,0,0.8548512222733688,39.999,False,,31.701
37 weeks,f,en,BJKPL2,299.0,1,test-background-fam8,1,0.7509274628168141,43.533,False,,7.503999999999998
37 weeks,f,en,BJKPL2,299.0,1,fam-animacy-fam9,2,0.7342256972536301,44.999,False,,25.64000000000001
37 weeks,f,en,BJKPL2,299.0,1,test-animacy-fam9,3,0.715410477637066,40.286,True,total on-look time in trial is less than the minimum cumulative duration (min_durationOn),0.16300000000000026
37 weeks,f,en,BJKPL2,299.0,1,fam-number-fam9,4,0.7659630194655269,44.999,False,,13.911
37 weeks,f,en,BJKPL2,299.0,1,test-number-fam9,5,0.8717365697814229,42.032,False,,8.260999999999992
37 weeks,f,en,BJKPL2,299.0,1,fam-pose-fam9,6,0.6675312222826463,44.999,False,,13.754000000000001
37 weeks,f,en,BJKPL2,299.0,1,test-pose-fam9,7,0.7684398411932867,40.179,True,total on-look time in trial is less than the minimum cumulative duration (min_durationOn),1.4380000000000024
39 weeks,m,en,27TGCX,183.0,1,fam-number-fam9,0,0.6677311871000322,44.998999999999995,False,,37.094
39 weeks,m,en,27TGCX,183.0,1,test-number-fam9,1,0.8318673648198357,40.233000000000004,False,,21.686
39 weeks,m,en es,QWFQWK,181.0,1,fam-animacy-fam8,0,0.8879821201852642,39.999,False,,33.723000000000006
39 weeks,m,en es,QWFQWK,181.0,1,test-animacy-fam8,1,0.6896722719656705,40.13800000000001,False,,31.256
39 weeks,m,en es,QWFQWK,181.0,1,fam-background-fam8,2,0.7177798541286156,39.999,False,,36.542
39 weeks,m,en es,QWFQWK,181.0,1,test-background-fam8,3,0.7206795867040682,40.231,False,,3.786000000000002
39 weeks,m,en es,QWFQWK,181.0,1,fam-pose-fam9,4,0.6163261527549182,44.999,False,,36.919000000000004
39 weeks,m,en es,QWFQWK,181.0,1,test-pose-fam9,5,0.6879115718746092,40.182,False,,3.160000000000004
39 weeks,m,en es,QWFQWK,181.0,1,fam-identity-fam9,6,0.7180581318854984,44.999,False,,6.4650000000000025
39 weeks,m,en es,QWFQWK,181.0,1,test-identity-fam9,7,0.8061075876300968,40.178,False,,2.539999999999992
39 weeks,f,en,7MLRTD,331.0,1,fam-background-fam8,0,0.726169887981626,39.999,False,,36.673
39 weeks,f,en,7MLRTD,331.0,1,test-background-fam8,1,0.6385352440179213,40.315,False,,18.682000000000002
39 weeks,f,en,7MLRTD,331.0,1,fam-pose-fam9,2,0.6450476691133437,44.998999999999995,False,,22.042
39 weeks,f,en,7MLRTD,331.0,1,test-pose-fam9,3,0.6522605331044726,40.3,False,,6.597999999999999
39 weeks,f,en,7MLRTD,331.0,1,fam-animacy-fam8,4,0.6147974884709604,39.999,False,,12.367
39 weeks,f,en,7MLRTD,331.0,1,test-animacy-fam8,5,0.7568178476688715,40.269,False,,15.05
39 weeks,f,en,7MLRTD,331.0,1,fam-number-fam9,6,0.6121506869108003,44.998999999999995,False,,8.301000000000002
39 weeks,f,en,7MLRTD,331.0,1,test-number-fam9,7,0.6840427732453481,40.234,False,,6.488000000000013
38 weeks,f,en de yo,UHZZRQ,333.0,1,fam-background-fam9,0,0.908956003352446,44.999,False,,37.42700000000001
38 weeks,f,en de yo,UHZZRQ,333.0,1,test-background-fam9,1,0.7578844082001035,40.204,False,,10.912000000000004
38 weeks,f,en de yo,UHZZRQ,333.0,1,fam-identity-fam8,2,0.40307624328370295,39.999,True,total on-look time in trial is less than the minimum cumulative duration (min_durationOn),1.2659999999999982
38 weeks,f,en de yo,UHZZRQ,333.0,1,test-identity-fam8,3,0.4498885257919614,40.497,False,,3.804
38 weeks,f,en de yo,UHZZRQ,333.0,1,fam-pose-fam8,4,0.9144575656359948,39.999,False,,34.073
38 weeks,f,en de yo,UHZZRQ,333.0,1,test-pose-fam8,5,0.5318683333453681,40.208,False,,2.3769999999999962
38 weeks,f,en de yo,UHZZRQ,333.0,1,fam-number-fam8,6,0.7513486587573615,39.999,False,,36.01900000000001
38 weeks,f,en de yo,UHZZRQ,333.0,1,test-number-fam8,7,0.6257909203954126,40.247,False,,13.298000000000005
40 or more weeks,f,en,5L4WK2,319.0,1,fam-background-fam9,0,,0.185,True,total on-look time in trial is less than the minimum cumulative duration (min_durationOn),0.185
40 or more weeks,f,en,5L4WK2,319.0,1,fam-number-fam9,2,,0.252,True,total on-look time in trial is less than the minimum cumulative duration (min_durationOn),0.252
40 or more weeks,f,en,5L4WK2,319.0,1,fam-identity-fam8,4,,0.384,True,total on-look time in trial is less than the minimum cumulative duration (min_durationOn),0.384
40 or more weeks,f,en,5L4WK2,319.0,1,fam-pose-fam8,6,,0.535,True,total on-look time in trial is less than the minimum cumulative duration (min_durationOn),0.535
40 or more weeks,f,en,5L4WK2,319.0,1,fam-number-fam9,8,0.18271265285355706,44.998999999999995,False,,22.86000000000001
40 or more weeks,f,en,5L4WK2,319.0,1,test-number-fam9,9,0.6289650167737688,40.191,False,,10.182000000000002
40 or more weeks,f,en,5L4WK2,319.0,1,fam-pose-fam9,10,0.6210329126968348,44.998999999999995,False,,32.527
40 or more weeks,f,en,5L4WK2,319.0,1,test-pose-fam9,11,0.8484685017827506,40.169000000000004,False,,23.780999999999995
40 or more weeks,f,en,5L4WK2,319.0,1,fam-background-fam8,12,0.9240788427683024,39.999,False,,37.260999999999996
40 or more weeks,f,en,5L4WK2,319.0,1,fam-background-fam8,12,0.7440873622894287,39.999,False,,37.260999999999996
40 or more weeks,f,en,5L4WK2,319.0,1,fam-background-fam8,12,0.9818981702704178,39.999,False,,37.260999999999996
40 or more weeks,f,en,5L4WK2,319.0,1,fam-background-fam8,12,0.9740177455701328,39.999,False,,37.260999999999996
40 or more weeks,f,en,5L4WK2,319.0,1,fam-background-fam8,12,0.923421650799838,39.999,False,,37.260999999999996
40 or more weeks,f,en,5L4WK2,319.0,1,fam-background-fam8,12,0.9593050479888916,39.999,False,,37.260999999999996
40 or more weeks,f,en,5L4WK2,319.0,1,fam-background-fam8,12,0.2977614568339454,39.999,False,,37.260999999999996
40 or more weeks,f,en,5L4WK2,319.0,1,fam-background-fam8,12,0.9842962931351832,39.999,False,,37.260999999999996
40 or more weeks,f,en,5L4WK2,319.0,1,fam-background-fam8,12,0.9823384749538758,39.999,False,,37.260999999999996
40 or more weeks,f,en,5L4WK2,319.0,1,test-background-fam8,13,0.9823384749538758,40.202,False,,7.531000000000002
40 or more weeks,f,en,5L4WK2,319.0,1,test-background-fam8,13,0.9904402680948478,40.202,False,,7.531000000000002
40 or more weeks,f,en,5L4WK2,319.0,1,test-background-fam8,13,0.9349621310830116,40.202,False,,7.531000000000002
40 or more weeks,f,en,5L4WK2,319.0,1,test-background-fam8,13,0.939975174764792,40.202,False,,7.531000000000002
40 or more weeks,f,en,5L4WK2,319.0,1,test-background-fam8,13,0.8594819853703181,40.202,False,,7.531000000000002
40 or more weeks,f,en,5L4WK2,319.0,1,test-background-fam8,13,0.8900353971280551,40.202,False,,7.531000000000002
40 or more weeks,f,en,5L4WK2,319.0,1,test-background-fam8,13,0.9895667881500432,40.202,False,,7.531000000000002
40 or more weeks,f,en,5L4WK2,319.0,1,test-background-fam8,13,0.4646264612674713,40.202,False,,7.531000000000002
40 or more weeks,f,en,5L4WK2,319.0,1,test-background-fam8,13,0.952596993105752,40.202,False,,7.531000000000002
40 or more weeks,f,en,5L4WK2,319.0,1,test-background-fam8,13,0.9975541527113638,40.202,False,,7.531000000000002
40 or more weeks,f,en,5L4WK2,319.0,1,fam-animacy-fam8,14,0.9785266034305096,39.999,False,,2.395000000000003
40 or more weeks,f,en,5L4WK2,319.0,1,fam-animacy-fam8,14,0.7228412590920925,39.999,False,,2.395000000000003
40 or more weeks,f,en,5L4WK2,319.0,1,fam-animacy-fam8,14,0.9914182011687428,39.999,False,,2.395000000000003
40 or more weeks,f,en,5L4WK2,319.0,1,fam-animacy-fam8,14,0.9909582095486776,39.999,False,,2.395000000000003
40 or more weeks,f,en,5L4WK2,319.0,1,fam-animacy-fam8,14,0.903283049662908,39.999,False,,2.395000000000003
40 or more weeks,f,en,5L4WK2,319.0,1,fam-animacy-fam8,14,0.9309305083460924,39.999,False,,2.395000000000003
40 or more weeks,f,en,5L4WK2,319.0,1,fam-animacy-fam8,14,0.012542356144298206,39.999,False,,2.395000000000003
40 or more weeks,f,en,5L4WK2,319.0,1,fam-animacy-fam8,14,0.8826846714814504,39.999,False,,2.395000000000003
40 or more weeks,f,en,5L4WK2,319.0,1,fam-animacy-fam8,14,0.8109476129213969,39.999,False,,2.395000000000003
40 or more weeks,f,en,5L4WK2,319.0,1,fam-animacy-fam8,14,0.6867965261141459,39.999,False,,2.395000000000003
40 or more weeks,f,en,5L4WK2,319.0,1,fam-animacy-fam8,14,0.3923652768135071,39.999,False,,2.395000000000003
40 or more weeks,f,en,5L4WK2,319.0,1,fam-animacy-fam8,14,0.9840076488477212,39.999,False,,2.395000000000003
40 or more weeks,f,en,5L4WK2,319.0,1,fam-animacy-fam8,14,0.8912719147545951,39.999,False,,2.395000000000003
40 or more weeks,f,en,5L4WK2,319.0,1,fam-animacy-fam8,14,0.9472940754890442,39.999,False,,2.395000000000003
40 or more weeks,f,en,5L4WK2,319.0,1,fam-animacy-fam8,14,0.9601421694863926,39.999,False,,2.395000000000003
40 or more weeks,f,en,5L4WK2,319.0,1,fam-animacy-fam8,14,0.9737997519505488,39.999,False,,2.395000000000003
40 or more weeks,f,en,5L4WK2,319.0,1,fam-animacy-fam8,14,0.8785888950030009,39.999,False,,2.395000000000003
40 or more weeks,f,en,5L4WK2,319.0,1,fam-animacy-fam8,14,0.7723260495973671,39.999,False,,2.395000000000003
40 or more weeks,f,en,5L4WK2,319.0,1,fam-animacy-fam8,14,0.42887428402900696,39.999,False,,2.395000000000003
40 or more weeks,f,en,5L4WK2,319.0,1,fam-animacy-fam8,14,0.7420387389708538,39.999,False,,2.395000000000003
40 or more weeks,f,en,5L4WK2,319.0,1,fam-animacy-fam8,14,0.7946271044867379,39.999,False,,2.395000000000003
40 or more weeks,f,en,5L4WK2,319.0,1,fam-animacy-fam8,14,0.8994645389417807,39.999,False,,2.395000000000003
40 or more weeks,f,en,5L4WK2,319.0,1,fam-animacy-fam8,14,-0.7185539913643835,39.999,False,,2.395000000000003
40 or more weeks,f,en,5L4WK2,319.0,1,test-animacy-fam8,15,-0.7185539913643835,40.102,False,,2.3329999999999984
40 or more weeks,f,en,5L4WK2,319.0,1,test-animacy-fam8,15,0.8717564046382904,40.102,False,,2.3329999999999984
40 or more weeks,f,en,5L4WK2,319.0,1,test-animacy-fam8,15,0.9200017333030699,40.102,False,,2.3329999999999984
40 or more weeks,f,en,5L4WK2,319.0,1,test-animacy-fam8,15,0.8943849354982376,40.102,False,,2.3329999999999984
40 or more weeks,f,en,5L4WK2,319.0,1,test-animacy-fam8,15,0.8402836346626281,40.102,False,,2.3329999999999984
40 or more weeks,f,en,5L4WK2,319.0,1,test-animacy-fam8,15,0.8405157764752705,40.102,False,,2.3329999999999984
40 or more weeks,f,en,5L4WK2,319.0,1,test-animacy-fam8,15,-0.4625451805920125,40.102,False,,2.3329999999999984
40 or more weeks,f,en,5L4WK2,319.0,1,test-animacy-fam8,15,-1.0,40.102,False,,2.3329999999999984
39 weeks,m,en,33FPcQ,380.0,1,fam-pose-fam9,0,0.6757246660291056,44.999,False,,15.862999999999996
39 weeks,m,en,33FPcQ,380.0,1,test-pose-fam9,1,0.6602127643106912,40.206,False,,14.017000000000017
39 weeks,m,en,33FPcQ,380.0,1,fam-background-fam9,2,0.6822039228516427,44.999,True,total on-look time in trial is less than the minimum cumulative duration (min_durationOn),0.7050000000000054
39 weeks,m,en,33FPcQ,380.0,1,test-background-fam9,3,0.6882202149661266,40.241,False,,16.575999999999993
39 weeks,m,en,33FPcQ,380.0,1,fam-animacy-fam8,4,0.6562651883417527,39.999,False,,24.710000000000008
39 weeks,m,en,33FPcQ,380.0,1,test-animacy-fam8,5,0.6001358514226901,40.114,False,,14.306000000000004
39 weeks,m,en,33FPcQ,380.0,1,fam-number-fam8,6,0.6212790899209207,39.999,False,,28.004999999999995
39 weeks,m,en,33FPcQ,380.0,1,test-number-fam8,7,0.4626642874689894,40.23,False,,5.086999999999988
39 weeks,f,en,RHSFBK,375.0,1,fam-pose-fam9,0,0.6590978462667098,44.998999999999995,False,,42.37900000000001
39 weeks,f,en,RHSFBK,375.0,1,test-pose-fam9,1,0.7163514546973663,40.2,False,,24.809
39 weeks,f,en,RHSFBK,375.0,1,fam-background-fam9,2,0.7199551522250873,44.998999999999995,False,,43.854000000000006
39 weeks,f,en,RHSFBK,375.0,1,test-background-fam9,3,0.7641614467096863,40.221,False,,23.680999999999994
39 weeks,f,en,RHSFBK,375.0,1,fam-identity-fam9,4,0.5961036613003046,44.998999999999995,False,,40.174
39 weeks,f,en,RHSFBK,375.0,1,test-identity-fam9,5,0.5332620519274839,40.195,False,,38.676
39 weeks,f,en,RHSFBK,375.0,1,fam-number-fam8,6,0.5368914463252941,39.999,False,,34.38900000000001
39 weeks,f,en,RHSFBK,375.0,1,test-number-fam8,7,0.7055010727693632,40.256,False,,29.500000000000004
39 weeks,m,en es,FGYMYE,304.0,1,fam-identity-fam8,0,0.5117206369239312,39.999,False,,18.230999999999995
39 weeks,m,en es,FGYMYE,304.0,1,test-identity-fam8,1,0.6362581996150551,40.172,False,,9.061
39 weeks,m,en es,FGYMYE,304.0,1,fam-pose-fam9,2,0.3894457411328151,44.999,False,,19.953
39 weeks,m,en es,FGYMYE,304.0,1,test-pose-fam9,3,0.5219277581782292,40.211,False,,5.8859999999999975
39 weeks,m,en es,FGYMYE,304.0,1,fam-background-fam8,4,0.6225029156513282,39.999,False,,14.341
39 weeks,m,en es,FGYMYE,304.0,1,test-background-fam8,5,0.11241766810417177,40.168,True,total on-look time in trial is less than the minimum cumulative duration (min_durationOn),1.4099999999999984
39 weeks,m,en es,FGYMYE,304.0,1,fam-number-fam8,6,0.4703541980627262,39.999,False,,29.24600000000001
39 weeks,m,en es,FGYMYE,304.0,1,test-number-fam8,7,0.3084467302810785,40.25,False,,7.654
40 or more weeks,m,en,WGQJCd,205.0,1,fam-background-fam8,0,0.7763397637263094,39.999,False,,35.823
40 or more weeks,m,en,WGQJCd,205.0,1,test-background-fam8,1,0.6656686165315991,40.28,False,,27.415
40 or more weeks,m,en,WGQJCd,205.0,1,fam-number-fam8,2,0.59899662710449,39.999,False,,22.303
40 or more weeks,m,en,WGQJCd,205.0,1,test-number-fam8,3,0.6120102181291192,40.323,False,,7.387
40 or more weeks,m,en,WGQJCd,205.0,1,fam-identity-fam9,4,0.8230022565732505,44.998999999999995,False,,8.363999999999997
40 or more weeks,m,en,WGQJCd,205.0,1,test-identity-fam9,5,0.8092612072185704,40.375,False,,9.628000000000004
40 or more weeks,m,en,WGQJCd,205.0,1,fam-animacy-fam9,6,0.7722010672213029,44.998999999999995,False,,9.500999999999998
40 or more weeks,m,en,WGQJCd,205.0,1,test-animacy-fam9,7,0.7838206208416227,40.404,False,,4.385000000000005
39 weeks,f,en ko,CCQ5VF,393.0,1,fam-animacy-fam8,0,0.2787394175926844,47.926,False,,22.26
39 weeks,f,en ko,CCQ5VF,393.0,1,test-animacy-fam8,1,,0.05,True,total on-look time in trial is less than the minimum cumulative duration (min_durationOn),0.0
39 weeks,f,en ko,CCQ5VF,393.0,1,fam-animacy-famrepeat-1,2,0.7853034213185309,39.999,False,,30.318999999999992
39 weeks,f,en ko,CCQ5VF,393.0,1,test-animacy-famrepeat-1,3,0.5853014199861458,40.114,False,,10.907
39 weeks,f,en ko,CCQ5VF,393.0,1,fam-identity-fam9,4,-1.0,44.999,False,,44.999
39 weeks,f,en ko,CCQ5VF,393.0,1,test-identity-fam9,5,,40.198,False,,40.198
39 weeks,f,en ko,CCQ5VF,393.0,1,fam-background-fam8,6,,39.999,False,,39.999
39 weeks,f,en ko,CCQ5VF,393.0,1,test-background-fam8,7,,40.188,False,,40.188
39 weeks,f,en ko,CCQ5VF,393.0,1,fam-number-fam9,8,,20.065,False,,20.065
39 weeks,f,en ko,CCQ5VF,393.0,1,test-number-fam9,9,,0.05,True,total on-look time in trial is less than the minimum cumulative duration (min_durationOn),0.05
39 weeks,f,en ko,CCQ5VF,393.0,1,fam-number-famrepeat-1,10,,44.999,False,,44.999
39 weeks,f,en ko,CCQ5VF,393.0,1,test-number-famrepeat-1,11,,40.215,False,,40.215
38 weeks,f,en fr,LTJFP5,253.0,1,fam-pose-fam9,0,0.6056695639957136,44.998999999999995,False,,44.998999999999995
38 weeks,f,en fr,LTJFP5,253.0,1,test-pose-fam9,1,0.8613517298931678,40.205,False,,37.576
38 weeks,f,en fr,LTJFP5,253.0,1,fam-identity-fam8,2,0.7076173906142896,39.999,False,,39.064
38 weeks,f,en fr,LTJFP5,253.0,1,test-identity-fam8,3,0.6257008552445079,40.176,False,,9.594000000000003
38 weeks,f,en fr,LTJFP5,253.0,1,fam-number-fam8,4,0.7541058136820176,39.999,False,,33.34100000000001
38 weeks,f,en fr,LTJFP5,253.0,1,test-number-fam8,5,0.9182653465973404,40.231,False,,36.134
38 weeks,f,en fr,LTJFP5,253.0,1,fam-background-fam9,6,0.8040048268310301,44.998999999999995,False,,43.465
38 weeks,f,en fr,LTJFP5,253.0,1,test-background-fam9,7,0.8347179092874529,40.184,False,,13.764999999999995
38 weeks,m,en,CJEdEA,270.0,1,fam-animacy-fam8,0,0.8043081047451954,39.999,False,,9.347999999999999
38 weeks,m,en,CJEdEA,270.0,1,test-animacy-fam8,1,0.7354323026741191,40.129,False,,6.717999999999996
38 weeks,m,en,CJEdEA,270.0,1,fam-pose-fam8,2,0.7464510639948129,39.999,False,,7.7970000000000015
38 weeks,m,en,CJEdEA,270.0,1,test-pose-fam8,3,0.7188639376816867,40.234,False,,10.09500000000001
38 weeks,m,en,CJEdEA,270.0,1,fam-identity-fam8,4,0.7667790121204208,39.999,False,,4.925000000000004
38 weeks,m,en,CJEdEA,270.0,1,test-identity-fam8,5,0.7830250875212849,40.478,False,,3.3000000000000043
38 weeks,m,en,CJEdEA,270.0,1,fam-background-fam9,6,0.7172977011089947,44.999,False,,9.817000000000004
38 weeks,m,en,CJEdEA,270.0,1,test-background-fam9,7,0.6906034629298226,40.19300000000001,False,,3.250999999999993
37 weeks,m,en,G3DJFG,358.0,1,fam-animacy-fam8,0,0.524463185745345,39.999,False,,38.929
37 weeks,m,en,G3DJFG,358.0,1,test-animacy-fam8,1,0.4946840965896387,40.133,False,,33.246
37 weeks,m,en,G3DJFG,358.0,1,fam-background-fam9,2,0.4938039700965889,44.998999999999995,False,,28.13000000000001
37 weeks,m,en,G3DJFG,358.0,1,test-background-fam9,3,0.5172489606306945,40.196,False,,15.685999999999988
37 weeks,m,en,G3DJFG,358.0,1,fam-pose-fam8,4,0.4273912752785514,39.999,True,total on-look time in trial is less than the minimum cumulative duration (min_durationOn),0.3359999999999985
37 weeks,m,en,G3DJFG,358.0,1,test-pose-fam8,5,0.5497093563983557,40.164,True,total on-look time in trial is less than the minimum cumulative duration (min_durationOn),0.32000000000000384
37 weeks,m,en,G3DJFG,358.0,1,fam-number-fam9,6,0.4719881379793848,44.998999999999995,False,,22.947
37 weeks,m,en,G3DJFG,358.0,1,test-number-fam9,7,0.5392207790723395,40.208,False,,31.513
40 or more weeks,f,en cmn,5C6LDW,228.0,1,fam-identity-fam8,0,0.8168639465735423,39.999,False,,39.999
40 or more weeks,f,en cmn,5C6LDW,228.0,1,test-identity-fam8,1,0.844329747162374,40.158,False,,36.57700000000001
40 or more weeks,f,en cmn,5C6LDW,228.0,1,fam-animacy-fam9,2,0.7411286378877077,44.999,False,,24.01000000000001
40 or more weeks,f,en cmn,5C6LDW,228.0,1,test-animacy-fam9,3,0.7142828948315622,40.29,False,,4.956000000000003
40 or more weeks,f,en cmn,5C6LDW,228.0,1,fam-background-fam9,4,0.6800608313563471,44.999,False,,44.58900000000001
40 or more weeks,f,en cmn,5C6LDW,228.0,1,test-background-fam9,5,0.6708939268276933,40.198,False,,27.913000000000004
40 or more weeks,f,en cmn,5C6LDW,228.0,1,fam-pose-fam8,6,0.6682075642317653,39.999,False,,36.561
40 or more weeks,f,en cmn,5C6LDW,228.0,1,test-pose-fam8,7,0.5478626343062359,40.154,False,,24.753
39 weeks,f,en,GE6KdF,197.0,1,fam-number-fam8,0,0.7044781435775465,39.999,False,,35.528
39 weeks,f,en,GE6KdF,197.0,1,test-number-fam8,1,0.7584192042702407,40.158,False,,37.01
39 weeks,f,en,GE6KdF,197.0,1,fam-pose-fam8,2,0.4910225012473563,39.999,False,,13.634
39 weeks,f,en,GE6KdF,197.0,1,test-pose-fam8,3,0.664569220899506,40.247,False,,8.273000000000009
39 weeks,f,en,GE6KdF,197.0,1,fam-identity-fam9,4,0.7230583412961694,44.998999999999995,False,,29.035
39 weeks,f,en,GE6KdF,197.0,1,test-identity-fam9,5,0.7345952376410164,40.194,False,,2.9600000000000013
39 weeks,f,en,GE6KdF,197.0,1,fam-background-fam9,6,0.6408312572177027,44.998999999999995,False,,5.505000000000003
39 weeks,f,en,GE6KdF,197.0,1,test-background-fam9,7,0.7869808873221843,40.176,False,,17.997
36 weeks,f,en es,DTULTV,328.0,1,fam-animacy-fam8,0,0.8871893780305982,1.825,True,total on-look time in trial is less than the minimum cumulative duration (min_durationOn),1.825
36 weeks,f,en es,DTULTV,328.0,1,fam-background-fam9,2,0.8205006460976244,77.17,False,,74.808
36 weeks,f,en es,DTULTV,328.0,1,test-background-fam9,3,,0.05,True,total on-look time in trial is less than the minimum cumulative duration (min_durationOn),0.05
36 weeks,f,en es,DTULTV,328.0,1,fam-background-famrepeat-1,4,,24.403,False,,24.403
36 weeks,f,en es,DTULTV,328.0,1,test-background-famrepeat-1,5,,0.05,True,total on-look time in trial is less than the minimum cumulative duration (min_durationOn),0.05
36 weeks,f,en es,DTULTV,328.0,1,fam-background-famrepeat-2,6,,24.726,False,,24.726
36 weeks,f,en es,DTULTV,328.0,1,test-background-famrepeat-2,7,,0.049,True,total on-look time in trial is less than the minimum cumulative duration (min_durationOn),0.049
36 weeks,f,en es,DTULTV,328.0,1,fam-background-famrepeat-3,8,,52.331,False,,52.331
36 weeks,f,en es,DTULTV,328.0,1,test-background-famrepeat-3,9,,0.05,True,total on-look time in trial is less than the minimum cumulative duration (min_durationOn),0.05
36 weeks,f,en es,DTULTV,328.0,1,fam-background-famrepeat-4,10,,21.771,False,,21.771
36 weeks,f,en es,DTULTV,328.0,1,test-background-famrepeat-4,11,,0.05,True,total on-look time in trial is less than the minimum cumulative duration (min_durationOn),0.05
36 weeks,f,en es,DTULTV,328.0,1,fam-background-famrepeat-5,12,,77.69,False,,77.69
36 weeks,f,en es,DTULTV,328.0,1,test-background-famrepeat-5,13,,0.05,True,total on-look time in trial is less than the minimum cumulative duration (min_durationOn),0.05
36 weeks,f,en es,DTULTV,328.0,1,fam-background-famrepeat-6,14,,24.85,False,,24.85
36 weeks,f,en es,DTULTV,328.0,1,test-background-famrepeat-6,15,,0.049,True,total on-look time in trial is less than the minimum cumulative duration (min_durationOn),0.049
36 weeks,f,en es,DTULTV,328.0,1,fam-background-famrepeat-7,16,,9.131,False,,9.131
36 weeks,f,en es,DTULTV,328.0,1,test-background-famrepeat-7,17,,0.05,True,total on-look time in trial is less than the minimum cumulative duration (min_durationOn),0.05
36 weeks,f,en es,DTULTV,328.0,1,fam-background-famrepeat-8,18,,33.544000000000004,False,,33.544000000000004
36 weeks,f,en es,DTULTV,328.0,1,test-background-famrepeat-8,19,,0.05,True,total on-look time in trial is less than the minimum cumulative duration (min_durationOn),0.05
36 weeks,f,en es,DTULTV,328.0,1,fam-background-fam8,20,0.8038204499766662,39.999,False,,38.30200000000001
36 weeks,f,en es,DTULTV,328.0,1,test-background-fam8,21,0.8292133601399155,40.313,False,,39.66
36 weeks,f,en es,DTULTV,328.0,1,test-background-fam8,21,0.6320514380931854,40.313,False,,39.66
36 weeks,f,en es,DTULTV,328.0,1,test-background-fam8,21,0.7978303849697113,40.313,False,,39.66
36 weeks,f,en es,DTULTV,328.0,1,test-background-fam8,21,0.6836935877799988,40.313,False,,39.66
36 weeks,f,en es,DTULTV,328.0,1,test-background-fam8,21,0.8966790489528491,40.313,False,,39.66
36 weeks,f,en es,DTULTV,328.0,1,test-background-fam8,21,0.7652965325575608,40.313,False,,39.66
36 weeks,f,en es,DTULTV,328.0,1,test-background-fam8,21,0.9480410017699838,40.313,False,,39.66
36 weeks,f,en es,DTULTV,328.0,1,test-background-fam8,21,0.6169446309407552,40.313,False,,39.66
36 weeks,f,en es,DTULTV,328.0,1,test-background-fam8,21,0.8464262001997941,40.313,False,,39.66
36 weeks,f,en es,DTULTV,328.0,1,test-background-fam8,21,0.6589515076743232,40.313,False,,39.66
36 weeks,f,en es,DTULTV,328.0,1,test-background-fam8,21,0.8870312735438347,40.313,False,,39.66
36 weeks,f,en es,DTULTV,328.0,1,test-background-fam8,21,0.8567216162170682,40.313,False,,39.66
36 weeks,f,en es,DTULTV,328.0,1,test-background-fam8,21,0.9144156759693508,40.313,False,,39.66
36 weeks,f,en es,DTULTV,328.0,1,test-background-fam8,21,0.9350308150053024,40.313,False,,39.66
36 weeks,f,en es,DTULTV,328.0,1,test-background-fam8,21,0.7726996541023254,40.313,False,,39.66
36 weeks,f,en es,DTULTV,328.0,1,test-background-fam8,21,0.3786940574645996,40.313,False,,39.66
36 weeks,f,en es,DTULTV,328.0,1,test-background-fam8,21,0.6695599816739559,40.313,False,,39.66
36 weeks,f,en es,DTULTV,328.0,1,test-background-fam8,21,0.7201100332396371,40.313,False,,39.66
36 weeks,f,en es,DTULTV,328.0,1,test-background-fam8,21,0.6076853473981222,40.313,False,,39.66
36 weeks,f,en es,DTULTV,328.0,1,test-background-fam8,21,0.9521763753890992,40.313,False,,39.66
36 weeks,f,en es,DTULTV,328.0,1,test-background-fam8,21,0.9154269143939018,40.313,False,,39.66
36 weeks,f,en es,DTULTV,328.0,1,test-background-fam8,21,0.7036069736761206,40.313,False,,39.66
36 weeks,f,en es,DTULTV,328.0,1,test-background-fam8,21,0.5976386070251465,40.313,False,,39.66
36 weeks,f,en es,DTULTV,328.0,1,test-background-fam8,21,0.7004132917658851,40.313,False,,39.66
36 weeks,f,en es,DTULTV,328.0,1,test-background-fam8,21,0.8469561962854295,40.313,False,,39.66
36 weeks,f,en es,DTULTV,328.0,1,test-background-fam8,21,0.6101763695478439,40.313,False,,39.66
36 weeks,f,en es,DTULTV,328.0,1,test-background-fam8,21,0.5665432810783386,40.313,False,,39.66
36 weeks,f,en es,DTULTV,328.0,1,test-background-fam8,21,0.7128840386867523,40.313,False,,39.66
36 weeks,f,en es,DTULTV,328.0,1,test-background-fam8,21,0.6930619866348976,40.313,False,,39.66
36 weeks,f,en es,DTULTV,328.0,1,test-background-fam8,21,0.9056664380160244,40.313,False,,39.66
36 weeks,f,en es,DTULTV,328.0,1,test-background-fam8,21,0.8998680114746094,40.313,False,,39.66
39 weeks,m,en,J2KEE7,308.0,1,fam-number-fam9,0,0.7349900128223118,44.998999999999995,False,,30.72800000000001
39 weeks,m,en,J2KEE7,308.0,1,test-number-fam9,1,0.4787692311074243,40.198,False,,4.399999999999999
39 weeks,m,en,J2KEE7,308.0,1,fam-pose-fam9,2,0.7518454058912609,44.998999999999995,False,,11.908999999999995
39 weeks,m,en,J2KEE7,308.0,1,test-pose-fam9,3,0.7614769802617687,40.19,False,,9.079
39 weeks,m,en,J2KEE7,308.0,1,fam-background-fam8,4,0.7071711900834422,39.999,False,,4.299000000000007
39 weeks,m,en,J2KEE7,308.0,1,test-background-fam8,5,0.5991494617330775,40.166,False,,4.448999999999998
39 weeks,m,en,J2KEE7,308.0,1,fam-animacy-fam8,6,0.6963209811816511,39.999,False,,10.676999999999996
39 weeks,m,en,J2KEE7,308.0,1,test-animacy-fam8,7,0.7388978456173523,40.121,True,total on-look time in trial is less than the minimum cumulative duration (min_durationOn),1.5860000000000056
38 weeks,f,en,2c2W2N,359.0,1,fam-pose-fam8,0,0.8402766078169084,39.999,False,,27.888000000000005
38 weeks,f,en,2c2W2N,359.0,1,test-pose-fam8,1,0.6516791820223562,40.324,False,,9.665999999999991
38 weeks,f,en,2c2W2N,359.0,1,fam-identity-fam9,2,0.6299653284450225,44.999,False,,43.273
38 weeks,f,en,2c2W2N,359.0,1,test-identity-fam9,3,0.6432492761006849,40.268,False,,12.802999999999995
38 weeks,f,en,2c2W2N,359.0,1,fam-background-fam8,4,0.5864250275572641,75.303,False,,18.238
38 weeks,f,en,2c2W2N,359.0,1,test-background-fam8,5,,0.05,True,total on-look time in trial is less than the minimum cumulative duration (min_durationOn),0.0
38 weeks,f,en,2c2W2N,359.0,1,fam-background-famrepeat-1,6,0.7184864666697127,61.087,False,,30.43200000000001
38 weeks,f,en,2c2W2N,359.0,1,test-background-famrepeat-1,7,,0.05,True,total on-look time in trial is less than the minimum cumulative duration (min_durationOn),0.05
38 weeks,f,en,2c2W2N,359.0,1,fam-background-famrepeat-2,8,0.6815950680266438,76.258,False,,36.686999999999976
38 weeks,f,en,2c2W2N,359.0,1,test-background-famrepeat-2,9,,0.05,True,total on-look time in trial is less than the minimum cumulative duration (min_durationOn),0.0
38 weeks,f,en,2c2W2N,359.0,1,fam-background-famrepeat-3,10,0.6527730466823729,42.716,False,,10.203
38 weeks,f,en,2c2W2N,359.0,1,test-background-famrepeat-3,11,0.4990518754952914,0.05,True,total on-look time in trial is less than the minimum cumulative duration (min_durationOn),0.05
38 weeks,f,en,2c2W2N,359.0,1,fam-background-famrepeat-4,12,,39.999,False,,39.999
38 weeks,f,en,2c2W2N,359.0,1,test-background-famrepeat-4,13,,40.362,False,,40.362
38 weeks,f,en,2c2W2N,359.0,1,fam-number-fam9,14,,44.999,False,,44.999
38 weeks,f,en,2c2W2N,359.0,1,test-number-fam9,15,,40.203,False,,40.203
37 weeks,f,en,4VYE2S,278.0,1,fam-number-fam8,0,0.5801517423546259,39.999,False,,39.331
37 weeks,f,en,4VYE2S,278.0,1,test-number-fam8,1,0.7838511061590921,40.27,False,,23.968000000000004
37 weeks,f,en,4VYE2S,278.0,1,fam-pose-fam8,2,0.7655994419878598,39.999,False,,39.999
37 weeks,f,en,4VYE2S,278.0,1,test-pose-fam8,3,0.7161659959681561,40.177,False,,15.024
37 weeks,f,en,4VYE2S,278.0,1,fam-background-fam8,4,0.7115614143456914,39.999,False,,29.736000000000004
37 weeks,f,en,4VYE2S,278.0,1,test-background-fam8,5,0.6820740960966666,40.174,False,,16.705999999999992
37 weeks,f,en,4VYE2S,278.0,1,fam-identity-fam9,6,0.6801916834174291,44.998999999999995,False,,30.088999999999995
37 weeks,f,en,4VYE2S,278.0,1,test-identity-fam9,7,0.6861104376257421,40.199,False,,5.136000000000003
38 weeks,f,en vi,Sc34Ld,240.0,1,fam-pose-fam8,0,0.5417342273963474,39.999,False,NA,39.695
38 weeks,f,en vi,Sc34Ld,240.0,1,test-pose-fam8,1,,40.433,False,NA,40.433
38 weeks,f,en vi,Sc34Ld,240.0,1,fam-animacy-fam8,2,,39.999,False,NA,39.999
38 weeks,f,en vi,Sc34Ld,240.0,1,test-animacy-fam8,3,,40.135,False,NA,40.135
38 weeks,f,en vi,Sc34Ld,240.0,1,fam-identity-fam9,4,,44.999,False,NA,44.999
38 weeks,f,en vi,Sc34Ld,240.0,1,test-identity-fam9,5,,40.215,False,NA,40.215
38 weeks,f,en vi,Sc34Ld,240.0,1,fam-background-fam9,6,,44.999,False,NA,44.999
38 weeks,f,en vi,Sc34Ld,240.0,1,test-background-fam9,7,,40.191,False,NA,40.191
