"","subject_num","experiment","fam_or_test","unique_id","animal","block_num","test_type","fam_duration","LT","exclude","age","sex"
"1",1,"A","test","A_1",1,1,"fam","0",25.38,FALSE,312,"F"
"2",1,"A","test","A_1",10,3,"fam","0",12.484,FALSE,312,"F"
"3",1,"A","fam","A_1",4,2,"fam","4",19.999,FALSE,312,"F"
"4",1,"A","test","A_1",4,2,"fam","4",36.593,FALSE,312,"F"
"5",1,"A","fam","A_1",8,4,"nov","4",19.999,FALSE,312,"F"
"6",1,"A","test","A_1",7,4,"nov","4",9.134,FALSE,312,"F"
"7",1,"A","fam","A_1",11,5,"nov","8",23.953,FALSE,312,"F"
"8",1,"A","test","A_1",12,5,"nov","8",5.764,FALSE,312,"F"
"9",1,"A","fam","A_1",5,6,"fam","8",22.733,TRUE,312,"F"
"10",1,"A","test","A_1",5,6,"fam","8",0.05,TRUE,312,"F"
"11",2,"A","test","A_2",5,3,"fam","0",7.95599999999999,FALSE,316,"F"
"12",2,"A","test","A_2",1,5,"fam","0",4.721,FALSE,316,"F"
"13",2,"A","fam","A_2",12,1,"fam","4",18.68,FALSE,316,"F"
"14",2,"A","test","A_2",12,1,"fam","4",32.633,FALSE,316,"F"
"15",2,"A","fam","A_2",9,2,"nov","4",17.204,FALSE,316,"F"
"16",2,"A","test","A_2",10,2,"nov","4",35.209,FALSE,316,"F"
"17",2,"A","fam","A_2",4,4,"fam","8",21.638,TRUE,316,"F"
"18",2,"A","test","A_2",4,4,"fam","8",4.568,FALSE,316,"F"
"19",2,"A","fam","A_2",8,6,"nov","8",28.233,TRUE,316,"F"
"20",2,"A","test","A_2",7,6,"nov","8",7.99,TRUE,316,"F"
"21",3,"A","test","A_3",11,5,"fam","0",5.477,FALSE,316,"F"
"22",3,"A","test","A_3",2,6,"fam","0",7.87699999999999,FALSE,316,"F"
"23",3,"A","fam","A_3",6,1,"nov","4",19.96,FALSE,316,"F"
"24",3,"A","test","A_3",5,1,"nov","4",16.103,FALSE,316,"F"
"25",3,"A","fam","A_3",7,3,"fam","4",19.362,FALSE,316,"F"
"26",3,"A","test","A_3",7,3,"fam","4",6.689,FALSE,316,"F"
"27",3,"A","fam","A_3",10,2,"fam","8",38.804,FALSE,316,"F"
"28",3,"A","test","A_3",10,2,"fam","8",7.082,TRUE,316,"F"
"29",3,"A","fam","A_3",3,4,"nov","8",29.71,FALSE,316,"F"
"30",3,"A","test","A_3",4,4,"nov","8",11.787,FALSE,316,"F"
"31",5,"A","test","A_5",11,2,"fam","0",58.006,FALSE,275," M"
"32",5,"A","test","A_5",10,4,"fam","0",8.905,FALSE,275," M"
"33",5,"A","fam","A_5",3,5,"nov","4",17.164,FALSE,275," M"
"34",5,"A","test","A_5",4,5,"nov","4",15.691,FALSE,275," M"
"35",5,"A","fam","A_5",5,6,"fam","4",11.13,FALSE,275," M"
"36",5,"A","test","A_5",5,6,"fam","4",3.805,FALSE,275," M"
"37",5,"A","fam","A_5",8,1,"nov","8",39.999,FALSE,275," M"
"38",5,"A","test","A_5",7,1,"nov","8",58.801,FALSE,275," M"
"39",5,"A","fam","A_5",2,3,"fam","8",39.12,FALSE,275," M"
"40",5,"A","test","A_5",2,3,"fam","8",11.123,FALSE,275," M"
"41",6,"A","test","A_6",9,2,"fam","0",23.318,FALSE,275,"F"
"42",6,"A","test","A_6",4,4,"fam","0",8.033,FALSE,275,"F"
"43",6,"A","fam","A_6",12,5,"nov","4",3.441,TRUE,275,"F"
"44",6,"A","test","A_6",11,5,"nov","4",0,TRUE,275,"F"
"45",6,"A","fam","A_6",1,6,"fam","4",6.74,TRUE,275,"F"
"46",6,"A","test","A_6",1,6,"fam","4",1.283,TRUE,275,"F"
"47",6,"A","fam","A_6",8,1,"nov","8",35.249,FALSE,275,"F"
"48",6,"A","test","A_6",7,1,"nov","8",44.204,FALSE,275,"F"
"49",6,"A","fam","A_6",5,3,"fam","8",38.225,FALSE,275,"F"
"50",6,"A","test","A_6",5,3,"fam","8",2.405,FALSE,275,"F"
"51",7,"A","test","A_7",1,2,"fam","0",22.259,FALSE,320,"M"
"52",7,"A","test","A_7",10,4,"fam","0",7.36,FALSE,320,"M"
"53",7,"A","fam","A_7",11,5,"nov","4",15.368,FALSE,320,"M"
"54",7,"A","test","A_7",12,5,"nov","4",5.643,FALSE,320,"M"
"55",7,"A","fam","A_7",7,6,"fam","4",8.33,FALSE,320,"M"
"56",7,"A","test","A_7",7,6,"fam","4",8.013,FALSE,320,"M"
"57",7,"A","fam","A_7",6,1,"nov","8",38.006,FALSE,320,"M"
"58",7,"A","test","A_7",5,1,"nov","8",15.07,FALSE,320,"M"
"59",7,"A","fam","A_7",4,3,"fam","8",23.633,FALSE,320,"M"
"60",7,"A","test","A_7",4,3,"fam","8",0.594000000000001,TRUE,320,"M"
"61",8,"A","test","A_8",5,1,"fam","0",33.645,FALSE,273,"M"
"62",8,"A","test","A_8",1,2,"fam","0",23.019,FALSE,273,"M"
"63",8,"A","fam","A_8",12,4,"fam","4",18.689,FALSE,273,"M"
"64",8,"A","test","A_8",12,4,"fam","4",32.374,FALSE,273,"M"
"65",8,"A","fam","A_8",8,6,"nov","4",10.434,FALSE,273,"M"
"66",8,"A","test","A_8",7,6,"nov","4",12.712,FALSE,273,"M"
"67",8,"A","fam","A_8",9,3,"nov","8",30.822,FALSE,273,"M"
"68",8,"A","test","A_8",10,3,"nov","8",38.008,FALSE,273,"M"
"69",8,"A","fam","A_8",4,5,"fam","8",34.32,FALSE,273,"M"
"70",8,"A","test","A_8",4,5,"fam","8",40.449,FALSE,273,"M"
"71",9,"A","test","A_9",9,1,"fam","0",26.735,FALSE,283,"M"
"72",9,"A","test","A_9",12,3,"fam","0",9.62899999999999,FALSE,283,"M"
"73",9,"A","fam","A_9",8,2,"fam","4",16.572,FALSE,283,"M"
"74",9,"A","test","A_9",8,2,"fam","4",8.15,FALSE,283,"M"
"75",9,"A","fam","A_9",6,4,"nov","4",12.939,FALSE,283,"M"
"76",9,"A","test","A_9",5,4,"nov","4",4.66,FALSE,283,"M"
"77",9,"A","fam","A_9",3,5,"nov","8",8.342,FALSE,283,"M"
"78",9,"A","test","A_9",4,5,"nov","8",4.423,FALSE,283,"M"
"79",9,"A","fam","A_9",1,6,"fam","8",21.05,FALSE,283,"M"
"80",9,"A","test","A_9",1,6,"fam","8",3.885,FALSE,283,"M"
"81",10,"A","test","A_10",2,3,"fam","0",11.42,FALSE,323,"M"
"82",10,"A","test","A_10",11,5,"fam","0",5.936,FALSE,323,"M"
"83",10,"A","fam","A_10",6,1,"fam","4",19.403,FALSE,323,"M"
"84",10,"A","test","A_10",6,1,"fam","4",9.157,FALSE,323,"M"
"85",10,"A","fam","A_10",8,2,"nov","4",18.884,FALSE,323,"M"
"86",10,"A","test","A_10",7,2,"nov","4",15.1,FALSE,323,"M"
"87",10,"A","fam","A_10",3,4,"fam","8",7.97199999999999,FALSE,323,"M"
"88",10,"A","test","A_10",3,4,"fam","8",0,TRUE,323,"M"
"89",10,"A","fam","A_10",9,6,"nov","8",6.56999999999998,FALSE,323,"M"
"90",10,"A","test","A_10",10,6,"nov","8",0,TRUE,323,"M"
"91",11,"A","test","A_11",12,5,"fam","0",23.253,FALSE,274,"F"
"92",11,"A","test","A_11",1,6,"fam","0",22.519,FALSE,274,"F"
"93",11,"A","fam","A_11",4,1,"nov","4",19.92,FALSE,274,"F"
"94",11,"A","test","A_11",3,1,"nov","4",30.998,FALSE,274,"F"
"95",11,"A","fam","A_11",7,3,"fam","4",18.087,FALSE,274,"F"
"96",11,"A","test","A_11",7,3,"fam","4",52.815,FALSE,274,"F"
"97",11,"A","fam","A_11",9,2,"fam","8",35.892,FALSE,274,"F"
"98",11,"A","test","A_11",9,2,"fam","8",14.291,FALSE,274,"F"
"99",11,"A","fam","A_11",6,4,"nov","8",34.901,FALSE,274,"F"
"100",11,"A","test","A_11",5,4,"nov","8",21.826,FALSE,274,"F"
"101",12,"A","test","A_12",1,1,"fam","0",15.96,FALSE,322,"F"
"102",12,"A","test","A_12",6,2,"fam","0",34.552,FALSE,322,"F"
"103",12,"A","fam","A_12",8,4,"fam","4",8.251,FALSE,322,"F"
"104",12,"A","test","A_12",8,4,"fam","4",7.464,FALSE,322,"F"
"105",12,"A","fam","A_12",9,6,"nov","4",17.571,FALSE,322,"F"
"106",12,"A","test","A_12",10,6,"nov","4",18.927,FALSE,322,"F"
"107",12,"A","fam","A_12",11,3,"nov","8",21.264,FALSE,322,"F"
"108",12,"A","test","A_12",12,3,"nov","8",0.298,TRUE,322,"F"
"109",12,"A","fam","A_12",4,5,"fam","8",20.327,FALSE,322,"F"
"110",12,"A","test","A_12",4,5,"fam","8",22.457,FALSE,322,"F"
"111",13,"A","test","A_13",12,5,"fam","0",7.358,FALSE,236,"F"
"112",13,"A","test","A_13",7,6,"fam","0",2.241,FALSE,236,"F"
"113",13,"A","fam","A_13",6,1,"nov","4",19.999,FALSE,236,"F"
"114",13,"A","test","A_13",5,1,"nov","4",4.513,FALSE,236,"F"
"115",13,"A","fam","A_13",3,3,"fam","4",10.41,FALSE,236,"F"
"116",13,"A","test","A_13",3,3,"fam","4",2.882,FALSE,236,"F"
"117",13,"A","fam","A_13",1,2,"fam","8",13.059,FALSE,236,"F"
"118",13,"A","test","A_13",1,2,"fam","8",3.457,FALSE,236,"F"
"119",13,"A","fam","A_13",10,4,"nov","8",21.925,FALSE,236,"F"
"120",13,"A","test","A_13",9,4,"nov","8",3.481,FALSE,236,"F"
"121",14,"A","test","A_14",10,4,"fam","0",17.305,FALSE,296,"M"
"122",14,"A","test","A_14",1,6,"fam","0",7.356,FALSE,296,"M"
"123",14,"A","fam","A_14",5,3,"nov","4",16.071,FALSE,296,"M"
"124",14,"A","test","A_14",6,3,"nov","4",6.789,FALSE,296,"M"
"125",14,"A","fam","A_14",8,5,"fam","4",15.818,FALSE,296,"M"
"126",14,"A","test","A_14",8,5,"fam","4",1.723,TRUE,296,"M"
"127",14,"A","fam","A_14",12,1,"fam","8",39.999,FALSE,296,"M"
"128",14,"A","test","A_14",12,1,"fam","8",7.992,FALSE,296,"M"
"129",14,"A","fam","A_14",3,2,"nov","8",37.565,FALSE,296,"M"
"130",14,"A","test","A_14",4,2,"nov","8",24.29,FALSE,296,"M"
"131",15,"A","test","A_15",7,5,"fam","0",54.091,FALSE,323,"M"
"132",15,"A","test","A_15",4,6,"fam","0",8.759,FALSE,323,"M"
"133",15,"A","fam","A_15",1,1,"nov","4",0.0409999999999968,TRUE,323,"M"
"134",15,"A","test","A_15",2,1,"nov","4",10.154,FALSE,323,"M"
"135",15,"A","fam","A_15",9,3,"fam","4",7.924,FALSE,323,"M"
"136",15,"A","test","A_15",9,3,"fam","4",13.112,FALSE,323,"M"
"137",15,"A","fam","A_15",6,2,"fam","8",20.914,FALSE,323,"M"
"138",15,"A","test","A_15",6,2,"fam","8",4.595,FALSE,323,"M"
"139",15,"A","fam","A_15",12,4,"nov","8",19.237,TRUE,323,"M"
"140",15,"A","test","A_15",11,4,"nov","8",3.731,TRUE,323,"M"
"141",16,"A","test","A_16",3,3,"fam","0",56.448,FALSE,254,"F"
"142",16,"A","test","A_16",6,5,"fam","0",26.836,FALSE,254,"F"
"143",16,"A","fam","A_16",11,1,"fam","4",19.4,FALSE,254,"F"
"144",16,"A","test","A_16",11,1,"fam","4",33.921,FALSE,254,"F"
"145",16,"A","fam","A_16",10,2,"nov","4",18.555,FALSE,254,"F"
"146",16,"A","test","A_16",9,2,"nov","4",2.643,FALSE,254,"F"
"147",16,"A","fam","A_16",8,4,"fam","8",6.789,FALSE,254,"F"
"148",16,"A","test","A_16",8,4,"fam","8",27.045,FALSE,254,"F"
"149",16,"A","fam","A_16",1,6,"nov","8",39.721,FALSE,254,"F"
"150",16,"A","test","A_16",2,6,"nov","8",31.109,FALSE,254,"F"
"151",17,"A","test","A_17",10,1,"fam","0",44.785,FALSE,334,"F"
"152",17,"A","test","A_17",6,2,"fam","0",20.521,FALSE,334,"F"
"153",17,"A","fam","A_17",4,4,"fam","4",16.696,FALSE,334,"F"
"154",17,"A","test","A_17",4,4,"fam","4",20.943,FALSE,334,"F"
"155",17,"A","fam","A_17",7,6,"nov","4",18.043,FALSE,334,"F"
"156",17,"A","test","A_17",8,6,"nov","4",22.696,FALSE,334,"F"
"157",17,"A","fam","A_17",1,3,"nov","8",26.374,FALSE,334,"F"
"158",17,"A","test","A_17",2,3,"nov","8",13.905,FALSE,334,"F"
"159",17,"A","fam","A_17",11,5,"fam","8",1.766,TRUE,334,"F"
"160",17,"A","test","A_17",11,5,"fam","8",7.012,FALSE,334,"F"
"161",18,"A","test","A_18",4,4,"fam","0",41.359,FALSE,274,"M"
"162",18,"A","test","A_18",12,6,"fam","0",11.453,FALSE,274,"M"
"163",18,"A","fam","A_18",5,3,"nov","4",18.644,FALSE,274,"M"
"164",18,"A","test","A_18",6,3,"nov","4",23.686,FALSE,274,"M"
"165",18,"A","fam","A_18",7,5,"fam","4",17.757,FALSE,274,"M"
"166",18,"A","test","A_18",7,5,"fam","4",47.207,FALSE,274,"M"
"167",18,"A","fam","A_18",10,1,"fam","8",36.525,FALSE,274,"M"
"168",18,"A","test","A_18",10,1,"fam","8",20.854,FALSE,274,"M"
"169",18,"A","fam","A_18",1,2,"nov","8",9.736,FALSE,274,"M"
"170",18,"A","test","A_18",2,2,"nov","8",15.733,FALSE,274,"M"
"171",19,"A","test","A_19",8,4,"fam","0",19.143,TRUE,336,"F"
"172",19,"A","test","A_19",5,6,"fam","0",11.771,FALSE,336,"F"
"173",19,"A","fam","A_19",10,3,"nov","4",18.831,FALSE,336,"F"
"174",19,"A","test","A_19",9,3,"nov","4",14.076,FALSE,336,"F"
"175",19,"A","fam","A_19",1,5,"fam","4",19.999,TRUE,336,"F"
"176",19,"A","test","A_19",1,5,"fam","4",11.338,TRUE,336,"F"
"177",19,"A","fam","A_19",4,1,"fam","8",33.342,FALSE,336,"F"
"178",19,"A","test","A_19",4,1,"fam","8",11.115,FALSE,336,"F"
"179",19,"A","fam","A_19",11,2,"nov","8",0.123000000000005,TRUE,336,"F"
"180",19,"A","test","A_19",12,2,"nov","8",10.262,FALSE,336,"F"
"181",20,"A","test","A_20",3,3,"fam","0",14.035,FALSE,310,"M"
"182",20,"A","test","A_20",10,5,"fam","0",18.931,FALSE,310,"M"
"183",20,"A","fam","A_20",7,1,"fam","4",19.999,FALSE,310,"M"
"184",20,"A","test","A_20",7,1,"fam","4",27.884,FALSE,310,"M"
"185",20,"A","fam","A_20",6,2,"nov","4",19.64,FALSE,310,"M"
"186",20,"A","test","A_20",5,2,"nov","4",27.692,FALSE,310,"M"
"187",20,"A","fam","A_20",11,4,"fam","8",34.606,FALSE,310,"M"
"188",20,"A","test","A_20",11,4,"fam","8",10.981,FALSE,310,"M"
"189",20,"A","fam","A_20",2,6,"nov","8",34.014,FALSE,310,"M"
"190",20,"A","test","A_20",1,6,"nov","8",7.996,FALSE,310,"M"
"191",21,"A","test","A_21",2,1,"fam","0",12.809,FALSE,308,"F"
"192",21,"A","test","A_21",6,2,"fam","0",23.978,TRUE,308,"F"
"193",21,"A","fam","A_21",11,4,"fam","4",8.138,FALSE,308,"F"
"194",21,"A","test","A_21",11,4,"fam","4",13.789,FALSE,308,"F"
"195",21,"A","fam","A_21",3,6,"nov","4",9.67999999999999,FALSE,308,"F"
"196",21,"A","test","A_21",4,6,"nov","4",16.152,FALSE,308,"F"
"197",21,"A","fam","A_21",7,3,"nov","8",29.07,FALSE,308,"F"
"198",21,"A","test","A_21",8,3,"nov","8",17.309,FALSE,308,"F"
"199",21,"A","fam","A_21",10,5,"fam","8",26.987,FALSE,308,"F"
"200",21,"A","test","A_21",10,5,"fam","8",2.851,FALSE,308,"F"
"201",22,"A","test","A_22",9,1,"fam","0",24.193,FALSE,213,"F"
"202",22,"A","test","A_22",1,2,"fam","0",40.942,FALSE,213,"F"
"203",22,"A","fam","A_22",8,4,"fam","4",18.52,FALSE,213,"F"
"204",22,"A","test","A_22",8,4,"fam","4",45.985,FALSE,213,"F"
"205",22,"A","fam","A_22",12,6,"nov","4",16.13,FALSE,213,"F"
"206",22,"A","test","A_22",11,6,"nov","4",17.933,FALSE,213,"F"
"207",22,"A","fam","A_22",4,3,"nov","8",37.733,FALSE,213,"F"
"208",22,"A","test","A_22",3,3,"nov","8",51.623,FALSE,213,"F"
"209",22,"A","fam","A_22",5,5,"fam","8",39.361,TRUE,213,"F"
"210",22,"A","test","A_22",5,5,"fam","8",35.725,TRUE,213,"F"
"211",23,"A","test","A_23",5,1,"fam","0",18.638,FALSE,218,"M"
"212",23,"A","test","A_23",11,3,"fam","0",25.668,FALSE,218,"M"
"213",23,"A","fam","A_23",8,2,"fam","4",19.444,FALSE,218,"M"
"214",23,"A","test","A_23",8,2,"fam","4",12.077,FALSE,218,"M"
"215",23,"A","fam","A_23",10,4,"nov","4",17.325,FALSE,218,"M"
"216",23,"A","test","A_23",9,4,"nov","4",5.46199999999999,FALSE,218,"M"
"217",23,"A","fam","A_23",3,5,"nov","8",9.05199999999999,FALSE,218,"M"
"218",23,"A","test","A_23",4,5,"nov","8",3.131,FALSE,218,"M"
"219",23,"A","fam","A_23",2,6,"fam","8",5.9,FALSE,218,"M"
"220",23,"A","test","A_23",2,6,"fam","8",5.292,FALSE,218,"M"
"221",24,"A","test","A_24",1,5,"fam","0",12.022,FALSE,222,"M"
"222",24,"A","test","A_24",10,6,"fam","0",10.761,FALSE,222,"M"
"223",24,"A","fam","A_24",5,1,"nov","4",18.641,FALSE,222,"M"
"224",24,"A","test","A_24",6,1,"nov","4",23.568,FALSE,222,"M"
"225",24,"A","fam","A_24",7,3,"fam","4",11.051,FALSE,222,"M"
"226",24,"A","test","A_24",7,3,"fam","4",3.724,FALSE,222,"M"
"227",24,"A","fam","A_24",4,2,"fam","8",20.083,FALSE,222,"M"
"228",24,"A","test","A_24",4,2,"fam","8",3.769,FALSE,222,"M"
"229",24,"A","fam","A_24",12,4,"nov","8",32.27,FALSE,222,"M"
"230",24,"A","test","A_24",11,4,"nov","8",16.951,FALSE,222,"M"
"231",25,"A","test","A_25",1,4,"fam","0",6.396,TRUE,329,"M"
"232",25,"A","test","A_25",8,6,"fam","0",9.27099999999999,FALSE,329,"M"
"233",25,"A","fam","A_25",5,3,"nov","4",16.1,FALSE,329,"M"
"234",25,"A","test","A_25",6,3,"nov","4",0.724999999999998,TRUE,329,"M"
"235",25,"A","fam","A_25",9,5,"fam","4",15.16,FALSE,329,"M"
"236",25,"A","test","A_25",9,5,"fam","4",4.319,FALSE,329,"M"
"237",25,"A","fam","A_25",12,1,"fam","8",36.111,FALSE,329,"M"
"238",25,"A","test","A_25",12,1,"fam","8",6.041,FALSE,329,"M"
"239",25,"A","fam","A_25",4,2,"nov","8",27.325,FALSE,329,"M"
"240",25,"A","test","A_25",3,2,"nov","8",22.639,FALSE,329,"M"
"241",26,"A","test","A_26",8,1,"fam","0",1.622,TRUE,336,"M"
"242",26,"A","test","A_26",1,3,"fam","0",15.511,FALSE,336,"M"
"243",26,"A","fam","A_26",12,2,"fam","4",15.097,FALSE,336,"M"
"244",26,"A","test","A_26",12,2,"fam","4",30.547,FALSE,336,"M"
"245",26,"A","fam","A_26",5,4,"nov","4",8.946,FALSE,336,"M"
"246",26,"A","test","A_26",6,4,"nov","4",1.081,TRUE,336,"M"
"247",26,"A","fam","A_26",10,5,"nov","8",36.813,FALSE,336,"M"
"248",26,"A","test","A_26",9,5,"nov","8",12.618,FALSE,336,"M"
"249",26,"A","fam","A_26",3,6,"fam","8",25.331,FALSE,336,"M"
"250",26,"A","test","A_26",3,6,"fam","8",4.877,FALSE,336,"M"
"251",27,"A","test","A_27",1,3,"fam","0",6.687,TRUE,242,"F"
"252",27,"A","test","A_27",12,5,"fam","0",1.803,TRUE,242,"F"
"253",27,"A","fam","A_27",10,1,"fam","4",19.121,TRUE,242,"F"
"254",27,"A","test","A_27",10,1,"fam","4",14.924,TRUE,242,"F"
"255",27,"A","fam","A_27",3,2,"nov","4",17.811,TRUE,242,"F"
"256",27,"A","test","A_27",4,2,"nov","4",8.749,TRUE,242,"F"
"257",27,"A","fam","A_27",5,4,"fam","8",29.311,TRUE,242,"F"
"258",27,"A","test","A_27",5,4,"fam","8",13.496,TRUE,242,"F"
"259",27,"A","fam","A_27",8,6,"nov","8",23.798,TRUE,242,"F"
"260",27,"A","test","A_27",7,6,"nov","8",9.322,TRUE,242,"F"
"261",28,"A","test","A_28",12,2,"fam","0",12.747,FALSE,295,"F"
"262",28,"A","test","A_28",4,4,"fam","0",11.189,FALSE,295,"F"
"263",28,"A","fam","A_28",6,5,"nov","4",19.999,FALSE,295,"F"
"264",28,"A","test","A_28",5,5,"nov","4",25.334,FALSE,295,"F"
"265",28,"A","fam","A_28",1,6,"fam","4",19.999,FALSE,295,"F"
"266",28,"A","test","A_28",1,6,"fam","4",12.372,FALSE,295,"F"
"267",28,"A","fam","A_28",9,1,"nov","8",39.999,FALSE,295,"F"
"268",28,"A","test","A_28",10,1,"nov","8",60,FALSE,295,"F"
"269",28,"A","fam","A_28",7,3,"fam","8",39.999,FALSE,295,"F"
"270",28,"A","test","A_28",7,3,"fam","8",2.798,FALSE,295,"F"
"271",29,"A","test","A_29",11,5,"fam","0",28.013,FALSE,230,"F"
"272",29,"A","test","A_29",1,6,"fam","0",5.773,FALSE,230,"F"
"273",29,"A","fam","A_29",4,1,"nov","4",18.002,FALSE,230,"F"
"274",29,"A","test","A_29",3,1,"nov","4",3.272,FALSE,230,"F"
"275",29,"A","fam","A_29",6,3,"fam","4",2.53,FALSE,230,"F"
"276",29,"A","test","A_29",6,3,"fam","4",9.261,FALSE,230,"F"
"277",29,"A","fam","A_29",9,2,"fam","8",36.367,FALSE,230,"F"
"278",29,"A","test","A_29",9,2,"fam","8",2.269,FALSE,230,"F"
"279",29,"A","fam","A_29",8,4,"nov","8",2.081,FALSE,230,"F"
"280",29,"A","test","A_29",7,4,"nov","8",27.45,FALSE,230,"F"
"281",30,"A","test","A_30",12,1,"fam","0",48.657,FALSE,329,"M"
"282",30,"A","test","A_30",3,3,"fam","0",48.377,FALSE,329,"M"
"283",30,"A","fam","A_30",6,2,"fam","4",19.92,FALSE,329,"M"
"284",30,"A","test","A_30",6,2,"fam","4",47.078,FALSE,329,"M"
"285",30,"A","fam","A_30",9,4,"nov","4",19.16,FALSE,329,"M"
"286",30,"A","test","A_30",10,4,"nov","4",31.028,FALSE,329,"M"
"287",30,"A","fam","A_30",7,5,"nov","8",33.182,FALSE,329,"M"
"288",30,"A","test","A_30",8,5,"nov","8",15.853,FALSE,329,"M"
"289",30,"A","fam","A_30",2,6,"fam","8",37.523,FALSE,329,"M"
"290",30,"A","test","A_30",2,6,"fam","8",9.97799999999999,FALSE,329,"M"
"291",31,"A","test","A_31",3,4,"fam","0",NA,TRUE,214,"M"
"292",31,"A","test","A_31",1,6,"fam","0",NA,TRUE,214,"M"
"293",31,"A","fam","A_31",6,3,"nov","4",NA,TRUE,214,"M"
"294",31,"A","test","A_31",5,3,"nov","4",NA,TRUE,214,"M"
"295",31,"A","fam","A_31",10,5,"fam","4",NA,TRUE,214,"M"
"296",31,"A","test","A_31",10,5,"fam","4",NA,TRUE,214,"M"
"297",31,"A","fam","A_31",11,1,"fam","8",NA,TRUE,214,"M"
"298",31,"A","test","A_31",11,1,"fam","8",NA,TRUE,214,"M"
"299",31,"A","fam","A_31",8,2,"nov","8",NA,TRUE,214,"M"
"300",31,"A","test","A_31",7,2,"nov","8",NA,TRUE,214,"M"
"301",32,"A","test","A_32",12,3,"fam","0",12.281,FALSE,246,"F"
"302",32,"A","test","A_32",3,5,"fam","0",9.87099999999999,FALSE,246,"F"
"303",32,"A","fam","A_32",8,1,"fam","4",16.609,FALSE,246,"F"
"304",32,"A","test","A_32",8,1,"fam","4",23.212,FALSE,246,"F"
"305",32,"A","fam","A_32",5,2,"nov","4",17.632,FALSE,246,"F"
"306",32,"A","test","A_32",6,2,"nov","4",13.093,FALSE,246,"F"
"307",32,"A","fam","A_32",2,4,"fam","8",25.966,FALSE,246,"F"
"308",32,"A","test","A_32",2,4,"fam","8",1.701,TRUE,246,"F"
"309",32,"A","fam","A_32",9,6,"nov","8",22.092,FALSE,246,"F"
"310",32,"A","test","A_32",10,6,"nov","8",7.77,FALSE,246,"F"
"311",1,"B","fam","B_1",6,1,"nov","1",3.915,FALSE,264,"F"
"312",1,"B","test","B_1",5,1,"nov","1",27.744,FALSE,264,"F"
"313",1,"B","fam","B_1",9,3,"fam","3",10.201,FALSE,264,"F"
"314",1,"B","test","B_1",9,3,"fam","3",7.81599999999999,FALSE,264,"F"
"315",1,"B","fam","B_1",12,5,"nov","3",6.324,FALSE,264,"F"
"316",1,"B","test","B_1",11,5,"nov","3",0,TRUE,264,"F"
"317",1,"B","fam","B_1",8,2,"nov","9",21.61,FALSE,264,"F"
"318",1,"B","test","B_1",7,2,"nov","9",22.253,FALSE,264,"F"
"319",1,"B","fam","B_1",3,4,"fam","9",14.653,FALSE,264,"F"
"320",1,"B","test","B_1",3,4,"fam","9",4.728,FALSE,264,"F"
"321",2,"B","fam","B_2",3,2,"fam","1",0.151,TRUE,330,"F"
"322",2,"B","test","B_2",3,2,"fam","1",6.604,FALSE,330,"F"
"323",2,"B","fam","B_2",10,1,"fam","3",14.92,FALSE,330,"F"
"324",2,"B","test","B_2",10,1,"fam","3",3.87,FALSE,330,"F"
"325",2,"B","fam","B_2",7,3,"nov","3",6.86,FALSE,330,"F"
"326",2,"B","test","B_2",8,3,"nov","3",3.601,FALSE,330,"F"
"327",2,"B","fam","B_2",6,4,"nov","9",13.205,FALSE,330,"F"
"328",2,"B","test","B_2",5,4,"nov","9",10.969,FALSE,330,"F"
"329",2,"B","fam","B_2",12,5,"fam","9",37.522,FALSE,330,"F"
"330",2,"B","test","B_2",12,5,"fam","9",4.113,FALSE,330,"F"
"331",3,"B","fam","B_3",5,2,"fam","1",4.999,FALSE,316,"M"
"332",3,"B","test","B_3",5,2,"fam","1",53.927,FALSE,316,"M"
"333",3,"B","fam","B_3",7,1,"fam","3",14.2,FALSE,316,"M"
"334",3,"B","test","B_3",7,1,"fam","3",50.484,FALSE,316,"M"
"335",3,"B","fam","B_3",3,3,"nov","3",14.999,FALSE,316,"M"
"336",3,"B","test","B_3",4,3,"nov","3",43.855,FALSE,316,"M"
"337",3,"B","fam","B_3",12,4,"nov","9",7.674,FALSE,316,"M"
"338",3,"B","test","B_3",11,4,"nov","9",5.551,FALSE,316,"M"
"339",3,"B","fam","B_3",10,5,"fam","9",38.148,FALSE,316,"M"
"340",3,"B","test","B_3",10,5,"fam","9",4.201,FALSE,316,"M"
"341",4,"B","fam","B_4",7,2,"nov","1",4.999,FALSE,333,"F"
"342",4,"B","test","B_4",8,2,"nov","1",22.221,FALSE,333,"F"
"343",4,"B","fam","B_4",11,4,"fam","1",4.999,FALSE,333,"F"
"344",4,"B","test","B_4",11,4,"fam","1",25.22,FALSE,333,"F"
"345",4,"B","fam","B_4",6,1,"nov","3",14.452,FALSE,333,"F"
"346",4,"B","test","B_4",5,1,"nov","3",11.591,FALSE,333,"F"
"347",4,"B","fam","B_4",10,3,"fam","9",43.801,FALSE,333,"F"
"348",4,"B","test","B_4",10,3,"fam","9",11.922,FALSE,333,"F"
"349",4,"B","fam","B_4",3,5,"nov","9",40.445,FALSE,333,"F"
"350",4,"B","test","B_4",4,5,"nov","9",12.8,FALSE,333,"F"
"351",5,"B","fam","B_5",9,4,"nov","1",4.682,FALSE,226,"M"
"352",5,"B","test","B_5",10,4,"nov","1",5.31,FALSE,226,"M"
"353",5,"B","fam","B_5",1,5,"fam","1",4,FALSE,226,"M"
"354",5,"B","test","B_5",1,5,"fam","1",2.869,FALSE,226,"M"
"355",5,"B","fam","B_5",3,2,"fam","3",14.999,FALSE,226,"M"
"356",5,"B","test","B_5",3,2,"fam","3",3.321,FALSE,226,"M"
"357",5,"B","fam","B_5",6,1,"fam","9",35.473,FALSE,226,"M"
"358",5,"B","test","B_5",6,1,"fam","9",1.47,TRUE,226,"M"
"359",5,"B","fam","B_5",8,3,"nov","9",7.864,FALSE,226,"M"
"360",5,"B","test","B_5",7,3,"nov","9",11.506,FALSE,226,"M"
"361",6,"B","fam","B_6",10,3,"fam","1",4.999,FALSE,278,"F"
"362",6,"B","test","B_6",10,3,"fam","1",27.319,FALSE,278,"F"
"363",6,"B","fam","B_6",7,5,"nov","1",4.999,FALSE,278,"F"
"364",6,"B","test","B_6",8,5,"nov","1",11.683,FALSE,278,"F"
"365",6,"B","fam","B_6",6,2,"nov","3",14.482,FALSE,278,"F"
"366",6,"B","test","B_6",5,2,"nov","3",42.102,FALSE,278,"F"
"367",6,"B","fam","B_6",3,4,"fam","3",14.999,FALSE,278,"F"
"368",6,"B","test","B_6",3,4,"fam","3",7.882,FALSE,278,"F"
"369",6,"B","fam","B_6",12,1,"nov","9",42.257,FALSE,278,"F"
"370",6,"B","test","B_6",11,1,"nov","9",53.417,FALSE,278,"F"
"371",7,"B","fam","B_7",9,2,"fam","1",4.161,FALSE,292,"F"
"372",7,"B","test","B_7",9,2,"fam","1",2.14,FALSE,292,"F"
"373",7,"B","fam","B_7",3,4,"nov","1",4.613,FALSE,292,"F"
"374",7,"B","test","B_7",4,4,"nov","1",7.916,FALSE,292,"F"
"375",7,"B","fam","B_7",8,5,"nov","3",14.999,FALSE,292,"F"
"376",7,"B","test","B_7",7,5,"nov","3",41.859,FALSE,292,"F"
"377",7,"B","fam","B_7",1,6,"fam","3",12.804,FALSE,292,"F"
"378",7,"B","test","B_7",1,6,"fam","3",8.257,FALSE,292,"F"
"379",7,"B","fam","B_7",6,1,"nov","9",10.353,FALSE,292,"F"
"380",7,"B","test","B_7",5,1,"nov","9",12.272,FALSE,292,"F"
"381",7,"B","fam","B_7",12,3,"fam","9",11.416,FALSE,292,"F"
"382",7,"B","test","B_7",12,3,"fam","9",3.78,FALSE,292,"F"
"383",8,"B","fam","B_8",10,1,"fam","1",4.999,FALSE,240,"F"
"384",8,"B","test","B_8",10,1,"fam","1",18.225,FALSE,240,"F"
"385",8,"B","fam","B_8",4,2,"nov","1",4.61,FALSE,240,"F"
"386",8,"B","test","B_8",3,2,"nov","1",27.446,FALSE,240,"F"
"387",8,"B","fam","B_8",8,4,"fam","3",14.921,FALSE,240,"F"
"388",8,"B","test","B_8",8,4,"fam","3",1.862,TRUE,240,"F"
"389",8,"B","fam","B_8",11,6,"nov","3",2.891,FALSE,240,"F"
"390",8,"B","test","B_8",12,6,"nov","3",4.494,FALSE,240,"F"
"391",8,"B","fam","B_8",1,3,"nov","9",7.698,FALSE,240,"F"
"392",8,"B","test","B_8",2,3,"nov","9",3.338,FALSE,240,"F"
"393",8,"B","fam","B_8",5,5,"fam","9",4.013,FALSE,240,"F"
"394",8,"B","test","B_8",5,5,"fam","9",2.373,FALSE,240,"F"
"395",9,"B","fam","B_9",6,1,"nov","1",4.999,FALSE,218,"F"
"396",9,"B","test","B_9",5,1,"nov","1",14.037,FALSE,218,"F"
"397",9,"B","fam","B_9",7,3,"fam","1",3.241,FALSE,218,"F"
"398",9,"B","test","B_9",7,3,"fam","1",8.165,FALSE,218,"F"
"399",9,"B","fam","B_9",4,2,"fam","3",1.278,TRUE,218,"F"
"400",9,"B","test","B_9",4,2,"fam","3",0.0809999999999995,TRUE,218,"F"
"401",9,"B","fam","B_9",2,4,"nov","3",3.435,FALSE,218,"F"
"402",9,"B","test","B_9",1,4,"nov","3",6.075,FALSE,218,"F"
"403",9,"B","fam","B_9",9,5,"nov","9",0.922000000000004,TRUE,218,"F"
"404",9,"B","test","B_9",10,5,"nov","9",12.456,FALSE,218,"F"
"405",9,"B","fam","B_9",11,6,"fam","9",9.763,FALSE,218,"F"
"406",9,"B","test","B_9",11,6,"fam","9",6.984,FALSE,218,"F"
"407",10,"B","fam","B_10",12,3,"nov","1",4.442,FALSE,239,"F"
"408",10,"B","test","B_10",11,3,"nov","1",21.231,FALSE,239,"F"
"409",10,"B","fam","B_10",4,5,"fam","1",1.244,TRUE,239,"F"
"410",10,"B","test","B_10",4,5,"fam","1",2.044,FALSE,239,"F"
"411",10,"B","fam","B_10",1,1,"fam","3",14.56,FALSE,239,"F"
"412",10,"B","test","B_10",1,1,"fam","3",17.711,FALSE,239,"F"
"413",10,"B","fam","B_10",5,2,"nov","3",14.999,FALSE,239,"F"
"414",10,"B","test","B_10",6,2,"nov","3",11.123,FALSE,239,"F"
"415",10,"B","fam","B_10",9,4,"fam","9",25.315,FALSE,239,"F"
"416",10,"B","test","B_10",9,4,"fam","9",2.925,FALSE,239,"F"
"417",10,"B","fam","B_10",8,6,"nov","9",19.551,FALSE,239,"F"
"418",10,"B","test","B_10",7,6,"nov","9",4.265,FALSE,239,"F"
"419",11,"B","fam","B_11",9,5,"nov","1",4.999,FALSE,262,"F"
"420",11,"B","test","B_11",10,5,"nov","1",14.3,FALSE,262,"F"
"421",11,"B","fam","B_11",2,6,"fam","1",4.999,FALSE,262,"F"
"422",11,"B","test","B_11",2,6,"fam","1",9.46,FALSE,262,"F"
"423",11,"B","fam","B_11",7,1,"nov","3",14.561,FALSE,262,"F"
"424",11,"B","test","B_11",8,1,"nov","3",18.586,FALSE,262,"F"
"425",11,"B","fam","B_11",5,3,"fam","3",14.999,FALSE,262,"F"
"426",11,"B","test","B_11",5,3,"fam","3",16.041,FALSE,262,"F"
"427",11,"B","fam","B_11",4,2,"fam","9",44.999,FALSE,262,"F"
"428",11,"B","test","B_11",4,2,"fam","9",6.692,FALSE,262,"F"
"429",11,"B","fam","B_11",12,4,"nov","9",44.999,FALSE,262,"F"
"430",11,"B","test","B_11",11,4,"nov","9",19.502,FALSE,262,"F"
"431",12,"B","fam","B_12",5,5,"nov","1",4.999,FALSE,242,"M"
"432",12,"B","test","B_12",6,5,"nov","1",11.758,FALSE,242,"M"
"433",12,"B","fam","B_12",1,6,"fam","1",3.158,FALSE,242,"M"
"434",12,"B","test","B_12",1,6,"fam","1",11.48,FALSE,242,"M"
"435",12,"B","fam","B_12",10,1,"nov","3",14.76,FALSE,242,"M"
"436",12,"B","test","B_12",9,1,"nov","3",2.95,FALSE,242,"M"
"437",12,"B","fam","B_12",7,3,"fam","3",13.841,FALSE,242,"M"
"438",12,"B","test","B_12",7,3,"fam","3",13.718,FALSE,242,"M"
"439",12,"B","fam","B_12",4,2,"fam","9",23.672,FALSE,242,"M"
"440",12,"B","test","B_12",4,2,"fam","9",0.0309999999999997,TRUE,242,"M"
"441",12,"B","fam","B_12",12,4,"nov","9",3.886,FALSE,242,"M"
"442",12,"B","test","B_12",11,4,"nov","9",0.0409999999999995,TRUE,242,"M"
"443",13,"B","fam","B_13",1,3,"nov","1",0.125,TRUE,301,"M"
"444",13,"B","test","B_13",2,3,"nov","1",0.883999999999999,TRUE,301,"M"
"445",13,"B","fam","B_13",5,5,"fam","1",0.680999999999999,TRUE,301,"M"
"446",13,"B","test","B_13",5,5,"fam","1",0.366999999999999,TRUE,301,"M"
"447",13,"B","fam","B_13",10,1,"fam","3",4.085,FALSE,301,"M"
"448",13,"B","test","B_13",10,1,"fam","3",2.242,FALSE,301,"M"
"449",13,"B","fam","B_13",4,2,"nov","3",6.493,FALSE,301,"M"
"450",13,"B","test","B_13",3,2,"nov","3",0.746999999999998,TRUE,301,"M"
"451",13,"B","fam","B_13",8,4,"fam","9",6.006,FALSE,301,"M"
"452",13,"B","test","B_13",8,4,"fam","9",5.086,FALSE,301,"M"
"453",13,"B","fam","B_13",11,6,"nov","9",4.963,FALSE,301,"M"
"454",13,"B","test","B_13",12,6,"nov","9",0.921999999999999,TRUE,301,"M"
"455",14,"B","fam","B_14",12,1,"fam","1",2.99,TRUE,279,"M"
"456",14,"B","test","B_14",12,1,"fam","1",0.762,TRUE,279,"M"
"457",14,"B","fam","B_14",4,2,"nov","1",3.078,TRUE,279,"M"
"458",14,"B","test","B_14",3,2,"nov","1",7.494,TRUE,279,"M"
"459",14,"B","fam","B_14",10,4,"fam","3",3.749,TRUE,279,"M"
"460",14,"B","test","B_14",10,4,"fam","3",12.017,TRUE,279,"M"
"461",14,"B","fam","B_14",1,6,"nov","3",3.436,TRUE,279,"M"
"462",14,"B","test","B_14",2,6,"nov","3",4.767,TRUE,279,"M"
"463",14,"B","fam","B_14",7,3,"nov","9",2.279,TRUE,279,"M"
"464",14,"B","test","B_14",8,3,"nov","9",0,TRUE,279,"M"
"465",14,"B","fam","B_14",5,5,"fam","9",3.087,TRUE,279,"M"
"466",14,"B","test","B_14",5,5,"fam","9",2.284,TRUE,279,"M"
"467",15,"B","fam","B_15",1,1,"fam","1",4.999,FALSE,229,"M"
"468",15,"B","test","B_15",1,1,"fam","1",55.936,FALSE,229,"M"
"469",15,"B","fam","B_15",11,2,"nov","1",4.999,FALSE,229,"M"
"470",15,"B","test","B_15",12,2,"nov","1",9.103,FALSE,229,"M"
"471",15,"B","fam","B_15",8,4,"fam","3",9.676,FALSE,229,"M"
"472",15,"B","test","B_15",8,4,"fam","3",29.703,FALSE,229,"M"
"473",15,"B","fam","B_15",4,6,"nov","3",14.125,FALSE,229,"M"
"474",15,"B","test","B_15",3,6,"nov","3",8.972,FALSE,229,"M"
"475",15,"B","fam","B_15",10,3,"nov","9",34.927,FALSE,229,"M"
"476",15,"B","test","B_15",9,3,"nov","9",55.252,FALSE,229,"M"
"477",15,"B","fam","B_15",5,5,"fam","9",12.067,FALSE,229,"M"
"478",15,"B","test","B_15",5,5,"fam","9",51.03,FALSE,229,"M"
"479",16,"B","fam","B_16",5,1,"fam","1",4.131,FALSE,273,"F"
"480",16,"B","test","B_16",5,1,"fam","1",10.783,FALSE,273,"F"
"481",16,"B","fam","B_16",10,2,"nov","1",4.999,FALSE,273,"F"
"482",16,"B","test","B_16",9,2,"nov","1",3.323,FALSE,273,"F"
"483",16,"B","fam","B_16",7,4,"fam","3",0.674000000000001,TRUE,273,"F"
"484",16,"B","test","B_16",7,4,"fam","3",2.834,FALSE,273,"F"
"485",16,"B","fam","B_16",3,6,"nov","3",2.243,FALSE,273,"F"
"486",16,"B","test","B_16",4,6,"nov","3",8.52,FALSE,273,"F"
"487",16,"B","fam","B_16",2,3,"nov","9",5.242,FALSE,273,"F"
"488",16,"B","test","B_16",1,3,"nov","9",8.8,FALSE,273,"F"
"489",16,"B","fam","B_16",12,5,"fam","9",0.997999999999998,TRUE,273,"F"
"490",16,"B","test","B_16",12,5,"fam","9",1.837,TRUE,273,"F"
"491",17,"B","fam","B_17",3,4,"fam","1",4.322,FALSE,280,"F"
"492",17,"B","test","B_17",3,4,"fam","1",1.282,TRUE,280,"F"
"493",17,"B","fam","B_17",10,6,"nov","1",1.432,TRUE,280,"F"
"494",17,"B","test","B_17",9,6,"nov","1",5.71,FALSE,280,"F"
"495",17,"B","fam","B_17",11,3,"nov","3",7.379,FALSE,280,"F"
"496",17,"B","test","B_17",12,3,"nov","3",18.105,FALSE,280,"F"
"497",17,"B","fam","B_17",6,5,"fam","3",6.102,FALSE,280,"F"
"498",17,"B","test","B_17",6,5,"fam","3",4.014,FALSE,280,"F"
"499",17,"B","fam","B_17",1,1,"fam","9",14.758,FALSE,280,"F"
"500",17,"B","test","B_17",1,1,"fam","9",10.915,FALSE,280,"F"
"501",17,"B","fam","B_17",8,2,"nov","9",13.813,TRUE,280,"F"
"502",17,"B","test","B_17",7,2,"nov","9",0.00100000000000122,TRUE,280,"F"
"503",18,"B","fam","B_18",9,4,"fam","1",3.383,FALSE,297,"F"
"504",18,"B","test","B_18",9,4,"fam","1",6.087,FALSE,297,"F"
"505",18,"B","fam","B_18",1,6,"nov","1",4.442,FALSE,297,"F"
"506",18,"B","test","B_18",2,6,"nov","1",0.231,TRUE,297,"F"
"507",18,"B","fam","B_18",5,3,"nov","3",13.443,TRUE,297,"F"
"508",18,"B","test","B_18",6,3,"nov","3",1.41,TRUE,297,"F"
"509",18,"B","fam","B_18",4,5,"fam","3",1.343,TRUE,297,"F"
"510",18,"B","test","B_18",4,5,"fam","3",1.204,TRUE,297,"F"
"511",18,"B","fam","B_18",12,1,"fam","9",15.437,FALSE,297,"F"
"512",18,"B","test","B_18",12,1,"fam","9",6.591,FALSE,297,"F"
"513",18,"B","fam","B_18",8,2,"nov","9",1.289,TRUE,297,"F"
"514",18,"B","test","B_18",7,2,"nov","9",6.571,FALSE,297,"F"
"515",19,"B","fam","B_19",2,1,"nov","1",4.999,FALSE,335,"M"
"516",19,"B","test","B_19",1,1,"nov","1",33.832,FALSE,335,"M"
"517",19,"B","fam","B_19",12,3,"fam","1",4.999,FALSE,335,"M"
"518",19,"B","test","B_19",12,3,"fam","1",5.225,FALSE,335,"M"
"519",19,"B","fam","B_19",8,2,"fam","3",14.999,FALSE,335,"M"
"520",19,"B","test","B_19",8,2,"fam","3",7.353,FALSE,335,"M"
"521",19,"B","fam","B_19",3,4,"nov","3",14.999,FALSE,335,"M"
"522",19,"B","test","B_19",4,4,"nov","3",2.805,FALSE,335,"M"
"523",19,"B","fam","B_19",9,5,"nov","9",17.52,FALSE,335,"M"
"524",19,"B","test","B_19",10,5,"nov","9",15.801,FALSE,335,"M"
"525",19,"B","fam","B_19",5,6,"fam","9",8.623,FALSE,335,"M"
"526",19,"B","test","B_19",5,6,"fam","9",11.905,FALSE,335,"M"
"527",20,"B","fam","B_20",5,3,"nov","1",4.999,FALSE,333,"M"
"528",20,"B","test","B_20",6,3,"nov","1",55.363,FALSE,333,"M"
"529",20,"B","fam","B_20",7,5,"fam","1",4.999,FALSE,333,"M"
"530",20,"B","test","B_20",7,5,"fam","1",15.781,FALSE,333,"M"
"531",20,"B","fam","B_20",9,1,"fam","3",14.999,FALSE,333,"M"
"532",20,"B","test","B_20",9,1,"fam","3",58.923,FALSE,333,"M"
"533",20,"B","fam","B_20",12,2,"nov","3",14.999,FALSE,333,"M"
"534",20,"B","test","B_20",11,2,"nov","3",45.799,FALSE,333,"M"
"535",20,"B","fam","B_20",2,4,"fam","9",41.789,FALSE,333,"M"
"536",20,"B","test","B_20",2,4,"fam","9",6.682,FALSE,333,"M"
"537",20,"B","fam","B_20",4,6,"nov","9",44.999,FALSE,333,"M"
"538",20,"B","test","B_20",3,6,"nov","9",5.976,FALSE,333,"M"
"539",21,"B","fam","B_21",2,5,"nov","1",4.999,FALSE,264,"M"
"540",21,"B","test","B_21",1,5,"nov","1",10.319,FALSE,264,"M"
"541",21,"B","fam","B_21",11,6,"fam","1",4.999,FALSE,264,"M"
"542",21,"B","test","B_21",11,6,"fam","1",14.522,FALSE,264,"M"
"543",21,"B","fam","B_21",8,1,"nov","3",14.999,FALSE,264,"M"
"544",21,"B","test","B_21",7,1,"nov","3",30.463,FALSE,264,"M"
"545",21,"B","fam","B_21",6,3,"fam","3",14.999,FALSE,264,"M"
"546",21,"B","test","B_21",6,3,"fam","3",8.245,FALSE,264,"M"
"547",21,"B","fam","B_21",3,2,"fam","9",17.218,FALSE,264,"M"
"548",21,"B","test","B_21",3,2,"fam","9",4.135,FALSE,264,"M"
"549",21,"B","fam","B_21",9,4,"nov","9",8.514,FALSE,264,"M"
"550",21,"B","test","B_21",10,4,"nov","9",13.956,FALSE,264,"M"
"551",22,"B","fam","B_22",2,1,"nov","1",4.999,FALSE,299,"M"
"552",22,"B","test","B_22",1,1,"nov","1",16.737,FALSE,299,"M"
"553",22,"B","fam","B_22",7,3,"fam","1",4.999,FALSE,299,"M"
"554",22,"B","test","B_22",7,3,"fam","1",21.806,FALSE,299,"M"
"555",22,"B","fam","B_22",11,2,"fam","3",14.999,FALSE,299,"M"
"556",22,"B","test","B_22",11,2,"fam","3",44.855,FALSE,299,"M"
"557",22,"B","fam","B_22",3,4,"nov","3",14.999,FALSE,299,"M"
"558",22,"B","test","B_22",4,4,"nov","3",18.164,FALSE,299,"M"
"559",22,"B","fam","B_22",6,5,"nov","9",44.999,FALSE,299,"M"
"560",22,"B","test","B_22",5,5,"nov","9",8.186,FALSE,299,"M"
"561",22,"B","fam","B_22",10,6,"fam","9",44.999,FALSE,299,"M"
"562",22,"B","test","B_22",10,6,"fam","9",9.831,FALSE,299,"M"
"563",23,"B","fam","B_23",4,4,"fam","1",3.51,TRUE,212,"M"
"564",23,"B","test","B_23",4,4,"fam","1",3.001,TRUE,212,"M"
"565",23,"B","fam","B_23",1,6,"nov","1",3.48,TRUE,212,"M"
"566",23,"B","test","B_23",2,6,"nov","1",2.337,TRUE,212,"M"
"567",23,"B","fam","B_23",10,3,"nov","3",6.076,TRUE,212,"M"
"568",23,"B","test","B_23",9,3,"nov","3",3.233,TRUE,212,"M"
"569",23,"B","fam","B_23",11,5,"fam","3",3.452,TRUE,212,"M"
"570",23,"B","test","B_23",11,5,"fam","3",3.401,TRUE,212,"M"
"571",23,"B","fam","B_23",5,1,"fam","9",8.794,TRUE,212,"M"
"572",23,"B","test","B_23",5,1,"fam","9",7.203,TRUE,212,"M"
"573",23,"B","fam","B_23",8,2,"nov","9",4.265,TRUE,212,"M"
"574",23,"B","test","B_23",7,2,"nov","9",5.162,TRUE,212,"M"
"575",24,"B","fam","B_24",10,4,"fam","1",4.999,FALSE,305,"M"
"576",24,"B","test","B_24",10,4,"fam","1",5.938,FALSE,305,"M"
"577",24,"B","fam","B_24",7,6,"nov","1",4.999,FALSE,305,"M"
"578",24,"B","test","B_24",8,6,"nov","1",6.185,FALSE,305,"M"
"579",24,"B","fam","B_24",1,3,"nov","3",14.999,FALSE,305,"M"
"580",24,"B","test","B_24",2,3,"nov","3",6.132,FALSE,305,"M"
"581",24,"B","fam","B_24",5,5,"fam","3",14.999,FALSE,305,"M"
"582",24,"B","test","B_24",5,5,"fam","3",22.828,FALSE,305,"M"
"583",24,"B","fam","B_24",12,1,"fam","9",41.801,FALSE,305,"M"
"584",24,"B","test","B_24",12,1,"fam","9",23.593,FALSE,305,"M"
"585",24,"B","fam","B_24",4,2,"nov","9",27.481,FALSE,305,"M"
"586",24,"B","test","B_24",3,2,"nov","9",46.805,FALSE,305,"M"
"587",25,"B","fam","B_25",6,2,"fam","1",1.606,TRUE,309,"M"
"588",25,"B","test","B_25",6,2,"fam","1",2.041,TRUE,309,"M"
"589",25,"B","fam","B_25",9,4,"nov","1",4.999,TRUE,309,"M"
"590",25,"B","test","B_25",10,4,"nov","1",3.512,TRUE,309,"M"
"591",25,"B","fam","B_25",4,5,"nov","3",8.572,TRUE,309,"M"
"592",25,"B","test","B_25",3,5,"nov","3",3.132,TRUE,309,"M"
"593",25,"B","fam","B_25",11,6,"fam","3",7.76,TRUE,309,"M"
"594",25,"B","test","B_25",11,6,"fam","3",3.161,TRUE,309,"M"
"595",25,"B","fam","B_25",1,1,"nov","9",5.312,TRUE,309,"M"
"596",25,"B","test","B_25",2,1,"nov","9",4.63,TRUE,309,"M"
"597",25,"B","fam","B_25",8,3,"fam","9",10.694,TRUE,309,"M"
"598",25,"B","test","B_25",8,3,"fam","9",3.135,TRUE,309,"M"
"599",26,"B","fam","B_26",7,1,"fam","1",4.999,FALSE,324,"M"
"600",26,"B","test","B_26",7,1,"fam","1",13.561,FALSE,324,"M"
"601",26,"B","fam","B_26",12,2,"nov","1",3.724,FALSE,324,"M"
"602",26,"B","test","B_26",11,2,"nov","1",3.602,FALSE,324,"M"
"603",26,"B","fam","B_26",2,4,"fam","3",13.762,FALSE,324,"M"
"604",26,"B","test","B_26",2,4,"fam","3",2.463,FALSE,324,"M"
"605",26,"B","fam","B_26",9,6,"nov","3",8.137,FALSE,324,"M"
"606",26,"B","test","B_26",10,6,"nov","3",9.943,FALSE,324,"M"
"607",26,"B","fam","B_26",3,3,"nov","9",20.429,FALSE,324,"M"
"608",26,"B","test","B_26",4,3,"nov","9",17.632,FALSE,324,"M"
"609",26,"B","fam","B_26",6,5,"fam","9",15.094,FALSE,324,"M"
"610",26,"B","test","B_26",6,5,"fam","9",2.61,FALSE,324,"M"
"611",27,"B","fam","B_27",11,4,"fam","1",4.999,FALSE,274,"F"
"612",27,"B","test","B_27",11,4,"fam","1",33.958,FALSE,274,"F"
"613",27,"B","fam","B_27",5,6,"nov","1",4.999,FALSE,274,"F"
"614",27,"B","test","B_27",6,6,"nov","1",6.17,FALSE,274,"F"
"615",27,"B","fam","B_27",8,3,"nov","3",13.96,FALSE,274,"F"
"616",27,"B","test","B_27",7,3,"nov","3",17.425,FALSE,274,"F"
"617",27,"B","fam","B_27",2,5,"fam","3",14.48,FALSE,274,"F"
"618",27,"B","test","B_27",2,5,"fam","3",4.287,FALSE,274,"F"
"619",27,"B","fam","B_27",10,1,"fam","9",44.201,FALSE,274,"F"
"620",27,"B","test","B_27",10,1,"fam","9",21.513,FALSE,274,"F"
"621",27,"B","fam","B_27",3,2,"nov","9",43.087,FALSE,274,"F"
"622",27,"B","test","B_27",4,2,"nov","9",29.56,FALSE,274,"F"
"623",28,"B","fam","B_28",12,1,"nov","1",4.999,FALSE,270,"F"
"624",28,"B","test","B_28",11,1,"nov","1",46.784,FALSE,270,"F"
"625",28,"B","fam","B_28",1,3,"fam","1",4.999,FALSE,270,"F"
"626",28,"B","test","B_28",1,3,"fam","1",11.758,FALSE,270,"F"
"627",28,"B","fam","B_28",4,2,"fam","3",13.073,FALSE,270,"F"
"628",28,"B","test","B_28",4,2,"fam","3",8.598,FALSE,270,"F"
"629",28,"B","fam","B_28",9,4,"nov","3",14.999,FALSE,270,"F"
"630",28,"B","test","B_28",10,4,"nov","3",18.787,FALSE,270,"F"
"631",28,"B","fam","B_28",5,5,"nov","9",17.963,TRUE,270,"F"
"632",28,"B","test","B_28",6,5,"nov","9",1.361,TRUE,270,"F"
"633",28,"B","fam","B_28",8,6,"fam","9",1.32,TRUE,270,"F"
"634",28,"B","test","B_28",8,6,"fam","9",0,TRUE,270,"F"
"635",29,"B","fam","B_29",2,5,"nov","1",4.999,FALSE,292,"F"
"636",29,"B","test","B_29",1,5,"nov","1",2.988,FALSE,292,"F"
"637",29,"B","fam","B_29",12,6,"fam","1",4.76,FALSE,292,"F"
"638",29,"B","test","B_29",12,6,"fam","1",4.871,FALSE,292,"F"
"639",29,"B","fam","B_29",10,1,"nov","3",14.999,FALSE,292,"F"
"640",29,"B","test","B_29",9,1,"nov","3",22.635,FALSE,292,"F"
"641",29,"B","fam","B_29",3,3,"fam","3",14.999,FALSE,292,"F"
"642",29,"B","test","B_29",3,3,"fam","3",8.753,FALSE,292,"F"
"643",29,"B","fam","B_29",7,2,"fam","9",16.466,FALSE,292,"F"
"644",29,"B","test","B_29",7,2,"fam","9",17.094,FALSE,292,"F"
"645",29,"B","fam","B_29",5,4,"nov","9",19.031,FALSE,292,"F"
"646",29,"B","test","B_29",6,4,"nov","9",6.51,FALSE,292,"F"
"647",30,"B","fam","B_30",1,4,"fam","1",4.999,FALSE,300,"M"
"648",30,"B","test","B_30",1,4,"fam","1",9.809,FALSE,300,"M"
"649",30,"B","fam","B_30",11,6,"nov","1",4.999,FALSE,300,"M"
"650",30,"B","test","B_30",12,6,"nov","1",21.589,FALSE,300,"M"
"651",30,"B","fam","B_30",4,3,"nov","3",14.72,FALSE,300,"M"
"652",30,"B","test","B_30",3,3,"nov","3",8.739,FALSE,300,"M"
"653",30,"B","fam","B_30",10,5,"fam","3",14.122,FALSE,300,"M"
"654",30,"B","test","B_30",10,5,"fam","3",5.079,FALSE,300,"M"
"655",30,"B","fam","B_30",8,1,"fam","9",25.87,FALSE,300,"M"
"656",30,"B","test","B_30",8,1,"fam","9",18.793,FALSE,300,"M"
"657",30,"B","fam","B_30",5,2,"nov","9",5.806,FALSE,300,"M"
"658",30,"B","test","B_30",6,2,"nov","9",48.654,FALSE,300,"M"
"659",31,"B","fam","B_31",6,2,"fam","1",4.999,FALSE,323,"M"
"660",31,"B","test","B_31",6,2,"fam","1",25.477,FALSE,323,"M"
"661",31,"B","fam","B_31",9,4,"nov","1",4.999,FALSE,323,"M"
"662",31,"B","test","B_31",10,4,"nov","1",8.964,FALSE,323,"M"
"663",31,"B","fam","B_31",2,5,"nov","3",13.401,FALSE,323,"M"
"664",31,"B","test","B_31",1,5,"nov","3",3.871,FALSE,323,"M"
"665",31,"B","fam","B_31",8,6,"fam","3",6.299,FALSE,323,"M"
"666",31,"B","test","B_31",8,6,"fam","3",1.424,TRUE,323,"M"
"667",31,"B","fam","B_31",11,1,"nov","9",41.404,FALSE,323,"M"
"668",31,"B","test","B_31",12,1,"nov","9",22.034,FALSE,323,"M"
"669",31,"B","fam","B_31",3,3,"fam","9",8.282,FALSE,323,"M"
"670",31,"B","test","B_31",3,3,"fam","9",0.0809999999999995,TRUE,323,"M"
"671",32,"B","fam","B_32",1,3,"nov","1",4.999,FALSE,313,"M"
"672",32,"B","test","B_32",2,3,"nov","1",20.885,FALSE,313,"M"
"673",32,"B","fam","B_32",12,5,"fam","1",4.999,FALSE,313,"M"
"674",32,"B","test","B_32",12,5,"fam","1",34.215,FALSE,313,"M"
"675",32,"B","fam","B_32",9,1,"fam","3",14.999,FALSE,313,"M"
"676",32,"B","test","B_32",9,1,"fam","3",60,FALSE,313,"M"
"677",32,"B","fam","B_32",4,2,"nov","3",14.999,FALSE,313,"M"
"678",32,"B","test","B_32",3,2,"nov","3",31.751,FALSE,313,"M"
"679",32,"B","fam","B_32",6,4,"fam","9",44.999,FALSE,313,"M"
"680",32,"B","test","B_32",6,4,"fam","9",10.768,FALSE,313,"M"
"681",32,"B","fam","B_32",7,6,"nov","9",22.624,FALSE,313,"M"
"682",32,"B","test","B_32",8,6,"nov","9",12.145,FALSE,313,"M"
"683",33,"B","fam","B_33",4,2,"fam","1",4.999,FALSE,318,"M"
"684",33,"B","test","B_33",4,2,"fam","1",56.012,FALSE,318,"M"
"685",33,"B","fam","B_33",11,4,"nov","1",4.999,FALSE,318,"M"
"686",33,"B","test","B_33",12,4,"nov","1",35.624,FALSE,318,"M"
"687",33,"B","fam","B_33",5,5,"nov","3",14.999,FALSE,318,"M"
"688",33,"B","test","B_33",6,5,"nov","3",26.233,FALSE,318,"M"
"689",33,"B","fam","B_33",8,6,"fam","3",14.999,FALSE,318,"M"
"690",33,"B","test","B_33",8,6,"fam","3",25.346,FALSE,318,"M"
"691",33,"B","fam","B_33",1,1,"nov","9",43.922,FALSE,318,"M"
"692",33,"B","test","B_33",2,1,"nov","9",55.213,FALSE,318,"M"
"693",33,"B","fam","B_33",10,3,"fam","9",44.999,FALSE,318,"M"
"694",33,"B","test","B_33",10,3,"fam","9",40.682,FALSE,318,"M"
"695",34,"B","fam","B_34",1,1,"nov","1",4.999,FALSE,309,"M"
"696",34,"B","test","B_34",2,1,"nov","1",50.8,FALSE,309,"M"
"697",34,"B","fam","B_34",7,3,"fam","1",4.999,FALSE,309,"M"
"698",34,"B","test","B_34",7,3,"fam","1",23.474,FALSE,309,"M"
"699",34,"B","fam","B_34",6,2,"fam","3",14.76,FALSE,309,"M"
"700",34,"B","test","B_34",6,2,"fam","3",31.821,FALSE,309,"M"
"701",34,"B","fam","B_34",11,4,"nov","3",14.602,FALSE,309,"M"
"702",34,"B","test","B_34",12,4,"nov","3",27.437,FALSE,309,"M"
"703",34,"B","fam","B_34",4,5,"nov","9",40.528,FALSE,309,"M"
"704",34,"B","test","B_34",3,5,"nov","9",10.545,FALSE,309,"M"
"705",34,"B","fam","B_34",10,6,"fam","9",42.486,FALSE,309,"M"
"706",34,"B","test","B_34",10,6,"fam","9",9.386,FALSE,309,"M"
"707",35,"B","fam","B_35",3,2,"fam","1",3.122,FALSE,329,"M"
"708",35,"B","test","B_35",3,2,"fam","1",12.499,FALSE,329,"M"
"709",35,"B","fam","B_35",2,4,"nov","1",3.48,FALSE,329,"M"
"710",35,"B","test","B_35",1,4,"nov","1",19.619,FALSE,329,"M"
"711",35,"B","fam","B_35",8,5,"nov","3",14.999,FALSE,329,"M"
"712",35,"B","test","B_35",7,5,"nov","3",5.214,FALSE,329,"M"
"713",35,"B","fam","B_35",9,6,"fam","3",1.401,TRUE,329,"M"
"714",35,"B","test","B_35",9,6,"fam","3",2.533,FALSE,329,"M"
"715",35,"B","fam","B_35",12,1,"nov","9",41.243,FALSE,329,"M"
"716",35,"B","test","B_35",11,1,"nov","9",21.513,FALSE,329,"M"
"717",35,"B","fam","B_35",5,3,"fam","9",9.273,FALSE,329,"M"
"718",35,"B","test","B_35",5,3,"fam","9",6.194,FALSE,329,"M"
"719",1,"C","fam","C_1",9,1,"fam","2",9.999,FALSE,293,"F"
"720",1,"C","test","C_1",9,1,"fam","2",15.704,FALSE,293,"F"
"721",1,"C","fam","C_1",4,2,"nov","2",9.999,FALSE,293,"F"
"722",1,"C","test","C_1",3,2,"nov","2",23.176,FALSE,293,"F"
"723",1,"C","fam","C_1",6,4,"fam","4",18.68,FALSE,293,"F"
"724",1,"C","test","C_1",6,4,"fam","4",18.341,FALSE,293,"F"
"725",1,"C","fam","C_1",1,6,"nov","4",8.946,FALSE,293,"F"
"726",1,"C","test","C_1",2,6,"nov","4",15.373,FALSE,293,"F"
"727",1,"C","fam","C_1",8,3,"nov","6",27.482,FALSE,293,"F"
"728",1,"C","test","C_1",7,3,"nov","6",24.176,FALSE,293,"F"
"729",1,"C","fam","C_1",11,5,"fam","6",29.76,FALSE,293,"F"
"730",1,"C","test","C_1",11,5,"fam","6",12.226,FALSE,293,"F"
"731",2,"C","fam","C_2",7,1,"fam","2",9.999,FALSE,224,"M"
"732",2,"C","test","C_2",7,1,"fam","2",59.121,FALSE,224,"M"
"733",2,"C","fam","C_2",4,2,"nov","2",9.999,FALSE,224,"M"
"734",2,"C","test","C_2",3,2,"nov","2",55.075,FALSE,224,"M"
"735",2,"C","fam","C_2",10,4,"fam","4",19.8,FALSE,224,"M"
"736",2,"C","test","C_2",10,4,"fam","4",4.988,FALSE,224,"M"
"737",2,"C","fam","C_2",12,6,"nov","4",3.641,FALSE,224,"M"
"738",2,"C","test","C_2",11,6,"nov","4",18.481,FALSE,224,"M"
"739",2,"C","fam","C_2",5,3,"nov","6",29.999,FALSE,224,"M"
"740",2,"C","test","C_2",6,3,"nov","6",24.269,FALSE,224,"M"
"741",2,"C","fam","C_2",1,5,"fam","6",12.01,FALSE,224,"M"
"742",2,"C","test","C_2",1,5,"fam","6",7.518,FALSE,224,"M"
"743",3,"C","fam","C_3",10,1,"nov","2",9.999,FALSE,269,"F"
"744",3,"C","test","C_3",9,1,"nov","2",57.483,FALSE,269,"F"
"745",3,"C","fam","C_3",5,3,"fam","2",9.999,FALSE,269,"F"
"746",3,"C","test","C_3",5,3,"fam","2",13.216,FALSE,269,"F"
"747",3,"C","fam","C_3",4,2,"fam","4",19.999,FALSE,269,"F"
"748",3,"C","test","C_3",4,2,"fam","4",54.628,FALSE,269,"F"
"749",3,"C","fam","C_3",12,4,"nov","4",19.999,FALSE,269,"F"
"750",3,"C","test","C_3",11,4,"nov","4",18.818,FALSE,269,"F"
"751",3,"C","fam","C_3",1,5,"nov","6",22.963,FALSE,269,"F"
"752",3,"C","test","C_3",2,5,"nov","6",15.124,FALSE,269,"F"
"753",3,"C","fam","C_3",7,6,"fam","6",10.897,FALSE,269,"F"
"754",3,"C","test","C_3",7,6,"fam","6",5.202,FALSE,269,"F"
"755",4,"C","fam","C_4",4,4,"fam","2",6.284,FALSE,275,"F"
"756",4,"C","test","C_4",4,4,"fam","2",7.004,FALSE,275,"F"
"757",4,"C","fam","C_4",5,6,"nov","2",9.976,FALSE,275,"F"
"758",4,"C","test","C_4",6,6,"nov","2",8.565,FALSE,275,"F"
"759",4,"C","fam","C_4",1,3,"nov","4",15.258,FALSE,275,"F"
"760",4,"C","test","C_4",2,3,"nov","4",2.124,FALSE,275,"F"
"761",4,"C","fam","C_4",12,5,"fam","4",3.544,FALSE,275,"F"
"762",4,"C","test","C_4",12,5,"fam","4",18.524,FALSE,275,"F"
"763",4,"C","fam","C_4",9,1,"fam","6",12.55,FALSE,275,"F"
"764",4,"C","test","C_4",9,1,"fam","6",27.113,FALSE,275,"F"
"765",4,"C","fam","C_4",8,2,"nov","6",8.3,FALSE,275,"F"
"766",4,"C","test","C_4",7,2,"nov","6",6.761,FALSE,275,"F"
"767",5,"C","fam","C_5",6,3,"nov","2",9.439,FALSE,286,"F"
"768",5,"C","test","C_5",5,3,"nov","2",25.763,FALSE,286,"F"
"769",5,"C","fam","C_5",8,5,"fam","2",9.999,FALSE,286,"F"
"770",5,"C","test","C_5",8,5,"fam","2",4.773,FALSE,286,"F"
"771",5,"C","fam","C_5",1,1,"fam","4",19.92,FALSE,286,"F"
"772",5,"C","test","C_5",1,1,"fam","4",25.632,FALSE,286,"F"
"773",5,"C","fam","C_5",9,2,"nov","4",16.062,FALSE,286,"F"
"774",5,"C","test","C_5",10,2,"nov","4",50.449,FALSE,286,"F"
"775",5,"C","fam","C_5",3,4,"fam","6",22.022,FALSE,286,"F"
"776",5,"C","test","C_5",3,4,"fam","6",2.821,FALSE,286,"F"
"777",5,"C","fam","C_5",12,6,"nov","6",15.615,FALSE,286,"F"
"778",5,"C","test","C_5",11,6,"nov","6",5.454,FALSE,286,"F"
"779",6,"C","fam","C_6",8,2,"fam","2",9.999,FALSE,293,"M"
"780",6,"C","test","C_6",8,2,"fam","2",19.379,FALSE,293,"M"
"781",6,"C","fam","C_6",4,4,"nov","2",9.999,FALSE,293,"M"
"782",6,"C","test","C_6",3,4,"nov","2",11.839,FALSE,293,"M"
"783",6,"C","fam","C_6",1,5,"nov","4",15.802,FALSE,293,"M"
"784",6,"C","test","C_6",2,5,"nov","4",3.121,FALSE,293,"M"
"785",6,"C","fam","C_6",11,6,"fam","4",6.633,FALSE,293,"M"
"786",6,"C","test","C_6",11,6,"fam","4",5.315,FALSE,293,"M"
"787",6,"C","fam","C_6",9,1,"nov","6",29.282,FALSE,293,"M"
"788",6,"C","test","C_6",10,1,"nov","6",24.835,FALSE,293,"M"
"789",6,"C","fam","C_6",6,3,"fam","6",29.92,FALSE,293,"M"
"790",6,"C","test","C_6",6,3,"fam","6",3.94,FALSE,293,"M"
"791",7,"C","fam","C_7",6,3,"nov","2",9.999,FALSE,297,"F"
"792",7,"C","test","C_7",5,3,"nov","2",0.533999999999999,TRUE,297,"F"
"793",7,"C","fam","C_7",11,5,"fam","2",9.999,FALSE,297,"F"
"794",7,"C","test","C_7",11,5,"fam","2",60,FALSE,297,"F"
"795",7,"C","fam","C_7",7,1,"fam","4",19.999,FALSE,297,"F"
"796",7,"C","test","C_7",7,1,"fam","4",9.311,FALSE,297,"F"
"797",7,"C","fam","C_7",10,2,"nov","4",19.68,FALSE,297,"F"
"798",7,"C","test","C_7",9,2,"nov","4",17.924,FALSE,297,"F"
"799",7,"C","fam","C_7",2,4,"fam","6",29.56,FALSE,297,"F"
"800",7,"C","test","C_7",2,4,"fam","6",13.96,FALSE,297,"F"
"801",7,"C","fam","C_7",3,6,"nov","6",29.999,FALSE,297,"F"
"802",7,"C","test","C_7",4,6,"nov","6",26.105,FALSE,297,"F"
"803",8,"C","fam","C_8",1,5,"nov","2",9.2,FALSE,269,"M"
"804",8,"C","test","C_8",2,5,"nov","2",5.774,FALSE,269,"M"
"805",8,"C","fam","C_8",11,6,"fam","2",2.104,FALSE,269,"M"
"806",8,"C","test","C_8",11,6,"fam","2",2.186,FALSE,269,"M"
"807",8,"C","fam","C_8",10,1,"nov","4",19.999,FALSE,269,"M"
"808",8,"C","test","C_8",9,1,"nov","4",20.708,FALSE,269,"M"
"809",8,"C","fam","C_8",8,3,"fam","4",13.046,FALSE,269,"M"
"810",8,"C","test","C_8",8,3,"fam","4",4.163,FALSE,269,"M"
"811",8,"C","fam","C_8",3,2,"fam","6",29.999,FALSE,269,"M"
"812",8,"C","test","C_8",3,2,"fam","6",9.903,FALSE,269,"M"
"813",8,"C","fam","C_8",6,4,"nov","6",13.166,FALSE,269,"M"
"814",8,"C","test","C_8",5,4,"nov","6",5.884,FALSE,269,"M"
"815",9,"C","fam","C_9",3,4,"fam","2",9.72,FALSE,301,"F"
"816",9,"C","test","C_9",3,4,"fam","2",10.932,FALSE,301,"F"
"817",9,"C","fam","C_9",10,6,"nov","2",9.203,FALSE,301,"F"
"818",9,"C","test","C_9",9,6,"nov","2",6.472,FALSE,301,"F"
"819",9,"C","fam","C_9",2,3,"nov","4",19.563,FALSE,301,"F"
"820",9,"C","test","C_9",1,3,"nov","4",8.762,FALSE,301,"F"
"821",9,"C","fam","C_9",5,5,"fam","4",18.533,FALSE,301,"F"
"822",9,"C","test","C_9",5,5,"fam","4",2.191,FALSE,301,"F"
"823",9,"C","fam","C_9",11,1,"fam","6",13.113,FALSE,301,"F"
"824",9,"C","test","C_9",11,1,"fam","6",3.35,FALSE,301,"F"
"825",9,"C","fam","C_9",8,2,"nov","6",25.604,FALSE,301,"F"
"826",9,"C","test","C_9",7,2,"nov","6",18.828,FALSE,301,"F"
"827",10,"C","fam","C_10",6,2,"fam","2",0.9,TRUE,245,"F"
"828",10,"C","test","C_10",6,2,"fam","2",10.38,FALSE,245,"F"
"829",10,"C","fam","C_10",11,4,"nov","2",5.063,TRUE,245,"F"
"830",10,"C","test","C_10",12,4,"nov","2",0,TRUE,245,"F"
"831",10,"C","fam","C_10",8,5,"nov","4",14.266,FALSE,245,"F"
"832",10,"C","test","C_10",7,5,"nov","4",12.364,FALSE,245,"F"
"833",10,"C","fam","C_10",10,6,"fam","4",18.022,FALSE,245,"F"
"834",10,"C","test","C_10",10,6,"fam","4",19.587,FALSE,245,"F"
"835",10,"C","fam","C_10",1,1,"nov","6",4.481,FALSE,245,"F"
"836",10,"C","test","C_10",2,1,"nov","6",8.459,FALSE,245,"F"
"837",10,"C","fam","C_10",3,3,"fam","6",27.256,FALSE,245,"F"
"838",10,"C","test","C_10",3,3,"fam","6",10.728,FALSE,245,"F"
"839",11,"C","fam","C_11",11,1,"nov","2",9.999,FALSE,323,"M"
"840",11,"C","test","C_11",12,1,"nov","2",22.673,FALSE,323,"M"
"841",11,"C","fam","C_11",9,3,"fam","2",9.999,FALSE,323,"M"
"842",11,"C","test","C_11",9,3,"fam","2",7.608,FALSE,323,"M"
"843",11,"C","fam","C_11",5,2,"fam","4",19.999,FALSE,323,"M"
"844",11,"C","test","C_11",5,2,"fam","4",10.34,FALSE,323,"M"
"845",11,"C","fam","C_11",8,4,"nov","4",19.999,FALSE,323,"M"
"846",11,"C","test","C_11",7,4,"nov","4",48.069,FALSE,323,"M"
"847",11,"C","fam","C_11",4,5,"nov","6",29.999,FALSE,323,"M"
"848",11,"C","test","C_11",3,5,"nov","6",12.868,FALSE,323,"M"
"849",11,"C","fam","C_11",2,6,"fam","6",17.988,FALSE,323,"M"
"850",11,"C","test","C_11",2,6,"fam","6",3.482,FALSE,323,"M"
"851",12,"C","fam","C_12",10,1,"fam","2",9.999,FALSE,245,"F"
"852",12,"C","test","C_12",10,1,"fam","2",55.925,FALSE,245,"F"
"853",12,"C","fam","C_12",4,2,"nov","2",9.999,FALSE,245,"F"
"854",12,"C","test","C_12",3,2,"nov","2",16.393,FALSE,245,"F"
"855",12,"C","fam","C_12",11,4,"fam","4",18.323,FALSE,245,"F"
"856",12,"C","test","C_12",11,4,"fam","4",7.767,FALSE,245,"F"
"857",12,"C","fam","C_12",2,6,"nov","4",19.201,FALSE,245,"F"
"858",12,"C","test","C_12",1,6,"nov","4",6.137,FALSE,245,"F"
"859",12,"C","fam","C_12",7,3,"nov","6",28.962,FALSE,245,"F"
"860",12,"C","test","C_12",8,3,"nov","6",22.527,FALSE,245,"F"
"861",12,"C","fam","C_12",5,5,"fam","6",27.481,FALSE,245,"F"
"862",12,"C","test","C_12",5,5,"fam","6",18.914,FALSE,245,"F"
"863",13,"C","fam","C_13",10,5,"nov","2",9.999,TRUE,291,"M"
"864",13,"C","test","C_13",9,5,"nov","2",8.527,TRUE,291,"M"
"865",13,"C","fam","C_13",11,6,"fam","2",9.999,TRUE,291,"M"
"866",13,"C","test","C_13",11,6,"fam","2",10.95,TRUE,291,"M"
"867",13,"C","fam","C_13",2,1,"nov","4",19.999,TRUE,291,"M"
"868",13,"C","test","C_13",1,1,"nov","4",58.883,TRUE,291,"M"
"869",13,"C","fam","C_13",7,3,"fam","4",19.999,TRUE,291,"M"
"870",13,"C","test","C_13",7,3,"fam","4",27.252,TRUE,291,"M"
"871",13,"C","fam","C_13",6,2,"fam","6",29.999,TRUE,291,"M"
"872",13,"C","test","C_13",6,2,"fam","6",37.846,TRUE,291,"M"
"873",13,"C","fam","C_13",3,4,"nov","6",29.999,TRUE,291,"M"
"874",13,"C","test","C_13",4,4,"nov","6",8.61,TRUE,291,"M"
"875",14,"C","fam","C_14",3,4,"fam","2",9.08,FALSE,226,"F"
"876",14,"C","test","C_14",3,4,"fam","2",5.153,FALSE,226,"F"
"877",14,"C","fam","C_14",12,6,"nov","2",5.714,FALSE,226,"F"
"878",14,"C","test","C_14",11,6,"nov","2",4.402,FALSE,226,"F"
"879",14,"C","fam","C_14",9,3,"nov","4",16.146,FALSE,226,"F"
"880",14,"C","test","C_14",10,3,"nov","4",3.783,FALSE,226,"F"
"881",14,"C","fam","C_14",6,5,"fam","4",6.372,FALSE,226,"F"
"882",14,"C","test","C_14",6,5,"fam","4",4.491,FALSE,226,"F"
"883",14,"C","fam","C_14",2,1,"fam","6",27.594,FALSE,226,"F"
"884",14,"C","test","C_14",2,1,"fam","6",20.922,FALSE,226,"F"
"885",14,"C","fam","C_14",7,2,"nov","6",26.124,FALSE,226,"F"
"886",14,"C","test","C_14",8,2,"nov","6",17.969,FALSE,226,"F"
"887",15,"C","fam","C_15",5,2,"fam","2",9.999,FALSE,309,"F"
"888",15,"C","test","C_15",5,2,"fam","2",8.356,FALSE,309,"F"
"889",15,"C","fam","C_15",8,4,"nov","2",9.999,FALSE,309,"F"
"890",15,"C","test","C_15",7,4,"nov","2",0.146000000000001,TRUE,309,"F"
"891",15,"C","fam","C_15",10,5,"nov","4",18.124,FALSE,309,"F"
"892",15,"C","test","C_15",9,5,"nov","4",3.241,FALSE,309,"F"
"893",15,"C","fam","C_15",3,6,"fam","4",13.179,TRUE,309,"F"
"894",15,"C","test","C_15",3,6,"fam","4",1.499,TRUE,309,"F"
"895",15,"C","fam","C_15",2,1,"nov","6",19.431,TRUE,309,"F"
"896",15,"C","test","C_15",1,1,"nov","6",6.271,TRUE,309,"F"
"897",15,"C","fam","C_15",11,3,"fam","6",25.321,FALSE,309,"F"
"898",15,"C","test","C_15",11,3,"fam","6",7.281,FALSE,309,"F"
"899",16,"C","fam","C_16",5,3,"nov","2",3.958,FALSE,233,"M"
"900",16,"C","test","C_16",6,3,"nov","2",1.798,TRUE,233,"M"
"901",16,"C","fam","C_16",10,5,"fam","2",7.841,FALSE,233,"M"
"902",16,"C","test","C_16",10,5,"fam","2",2.779,FALSE,233,"M"
"903",16,"C","fam","C_16",7,1,"fam","4",18.192,FALSE,233,"M"
"904",16,"C","test","C_16",7,1,"fam","4",15.127,FALSE,233,"M"
"905",16,"C","fam","C_16",12,2,"nov","4",14.738,FALSE,233,"M"
"906",16,"C","test","C_16",11,2,"nov","4",9.577,FALSE,233,"M"
"907",16,"C","fam","C_16",1,4,"fam","6",3.677,FALSE,233,"M"
"908",16,"C","test","C_16",1,4,"fam","6",1.843,TRUE,233,"M"
"909",16,"C","fam","C_16",4,6,"nov","6",6.641,FALSE,233,"M"
"910",16,"C","test","C_16",3,6,"nov","6",5.921,FALSE,233,"M"
"911",17,"C","fam","C_17",1,1,"nov","2",9.999,FALSE,313,"F"
"912",17,"C","test","C_17",2,1,"nov","2",22.591,FALSE,313,"F"
"913",17,"C","fam","C_17",5,3,"fam","2",9.999,FALSE,313,"F"
"914",17,"C","test","C_17",5,3,"fam","2",13.796,FALSE,313,"F"
"915",17,"C","fam","C_17",3,2,"fam","4",19.999,FALSE,313,"F"
"916",17,"C","test","C_17",3,2,"fam","4",8.554,FALSE,313,"F"
"917",17,"C","fam","C_17",12,4,"nov","4",12.756,FALSE,313,"F"
"918",17,"C","test","C_17",11,4,"nov","4",19.516,FALSE,313,"F"
"919",17,"C","fam","C_17",10,5,"nov","6",23.409,FALSE,313,"F"
"920",17,"C","test","C_17",9,5,"nov","6",5.089,FALSE,313,"F"
"921",17,"C","fam","C_17",8,6,"fam","6",20.509,FALSE,313,"F"
"922",17,"C","test","C_17",8,6,"fam","6",44.354,FALSE,313,"F"
"923",18,"C","fam","C_18",4,2,"fam","2",9.999,FALSE,257,"M"
"924",18,"C","test","C_18",4,2,"fam","2",41.688,FALSE,257,"M"
"925",18,"C","fam","C_18",11,4,"nov","2",9.999,FALSE,257,"M"
"926",18,"C","test","C_18",12,4,"nov","2",24.517,FALSE,257,"M"
"927",18,"C","fam","C_18",5,5,"nov","4",14.872,FALSE,257,"M"
"928",18,"C","test","C_18",6,5,"nov","4",7.232,FALSE,257,"M"
"929",18,"C","fam","C_18",10,6,"fam","4",17.702,FALSE,257,"M"
"930",18,"C","test","C_18",10,6,"fam","4",8.482,FALSE,257,"M"
"931",18,"C","fam","C_18",7,1,"nov","6",29.999,FALSE,257,"M"
"932",18,"C","test","C_18",8,1,"nov","6",59.201,FALSE,257,"M"
"933",18,"C","fam","C_18",2,3,"fam","6",29.6,FALSE,257,"M"
"934",18,"C","test","C_18",2,3,"fam","6",21.562,FALSE,257,"M"
"935",19,"C","fam","C_19",2,3,"nov","2",9.121,FALSE,258,"F"
"936",19,"C","test","C_19",1,3,"nov","2",2.045,FALSE,258,"F"
"937",19,"C","fam","C_19",12,5,"fam","2",7.029,FALSE,258,"F"
"938",19,"C","test","C_19",12,5,"fam","2",12.909,FALSE,258,"F"
"939",19,"C","fam","C_19",5,1,"fam","4",1.39,TRUE,258,"F"
"940",19,"C","test","C_19",5,1,"fam","4",9.671,FALSE,258,"F"
"941",19,"C","fam","C_19",7,2,"nov","4",19.999,FALSE,258,"F"
"942",19,"C","test","C_19",8,2,"nov","4",2.617,FALSE,258,"F"
"943",19,"C","fam","C_19",4,4,"fam","6",20.759,FALSE,258,"F"
"944",19,"C","test","C_19",4,4,"fam","6",17.432,FALSE,258,"F"
"945",19,"C","fam","C_19",9,6,"nov","6",21.688,FALSE,258,"F"
"946",19,"C","test","C_19",10,6,"nov","6",15.016,FALSE,258,"F"
"947",20,"C","fam","C_20",12,1,"fam","2",9.999,FALSE,253,"F"
"948",20,"C","test","C_20",12,1,"fam","2",13.952,FALSE,253,"F"
"949",20,"C","fam","C_20",5,2,"nov","2",9.999,FALSE,253,"F"
"950",20,"C","test","C_20",6,2,"nov","2",8.181,FALSE,253,"F"
"951",20,"C","fam","C_20",1,4,"fam","4",19.999,FALSE,253,"F"
"952",20,"C","test","C_20",1,4,"fam","4",14.98,FALSE,253,"F"
"953",20,"C","fam","C_20",10,6,"nov","4",19.64,FALSE,253,"F"
"954",20,"C","test","C_20",9,6,"nov","4",7.149,FALSE,253,"F"
"955",20,"C","fam","C_20",4,3,"nov","6",29.999,FALSE,253,"F"
"956",20,"C","test","C_20",3,3,"nov","6",19.28,FALSE,253,"F"
"957",20,"C","fam","C_20",7,5,"fam","6",29.999,FALSE,253,"F"
"958",20,"C","test","C_20",7,5,"fam","6",34.291,FALSE,253,"F"
"959",21,"C","fam","C_21",9,5,"nov","2",9.481,FALSE,239,"M"
"960",21,"C","test","C_21",10,5,"nov","2",6.546,FALSE,239,"M"
"961",21,"C","fam","C_21",8,6,"fam","2",9.999,FALSE,239,"M"
"962",21,"C","test","C_21",8,6,"fam","2",22.241,FALSE,239,"M"
"963",21,"C","fam","C_21",5,1,"nov","4",18.124,FALSE,239,"M"
"964",21,"C","test","C_21",6,1,"nov","4",5.111,FALSE,239,"M"
"965",21,"C","fam","C_21",12,3,"fam","4",18.962,FALSE,239,"M"
"966",21,"C","test","C_21",12,3,"fam","4",10.776,FALSE,239,"M"
"967",21,"C","fam","C_21",3,2,"fam","6",26.929,FALSE,239,"M"
"968",21,"C","test","C_21",3,2,"fam","6",15.641,FALSE,239,"M"
"969",21,"C","fam","C_21",2,4,"nov","6",23.586,FALSE,239,"M"
"970",21,"C","test","C_21",1,4,"nov","6",0.422000000000001,TRUE,239,"M"
"971",22,"C","fam","C_22",7,1,"fam","2",9.999,FALSE,308,"M"
"972",22,"C","test","C_22",7,1,"fam","2",28.353,FALSE,308,"M"
"973",22,"C","fam","C_22",10,2,"nov","2",8.801,FALSE,308,"M"
"974",22,"C","test","C_22",9,2,"nov","2",4.062,FALSE,308,"M"
"975",22,"C","fam","C_22",1,4,"fam","4",8.206,FALSE,308,"M"
"976",22,"C","test","C_22",1,4,"fam","4",3.882,FALSE,308,"M"
"977",22,"C","fam","C_22",4,6,"nov","4",4.271,FALSE,308,"M"
"978",22,"C","test","C_22",3,6,"nov","4",4.681,FALSE,308,"M"
"979",22,"C","fam","C_22",11,3,"nov","6",18.341,FALSE,308,"M"
"980",22,"C","test","C_22",12,3,"nov","6",7.42,FALSE,308,"M"
"981",22,"C","fam","C_22",6,5,"fam","6",7.54,FALSE,308,"M"
"982",22,"C","test","C_22",6,5,"fam","6",3.26,FALSE,308,"M"
"983",23,"C","fam","C_23",4,5,"nov","2",9.999,FALSE,294,"F"
"984",23,"C","test","C_23",3,5,"nov","2",29.96,FALSE,294,"F"
"985",23,"C","fam","C_23",1,6,"fam","2",9.999,FALSE,294,"F"
"986",23,"C","test","C_23",1,6,"fam","2",40.292,FALSE,294,"F"
"987",23,"C","fam","C_23",11,1,"nov","4",19.48,FALSE,294,"F"
"988",23,"C","test","C_23",12,1,"nov","4",15.953,FALSE,294,"F"
"989",23,"C","fam","C_23",10,3,"fam","4",19.999,FALSE,294,"F"
"990",23,"C","test","C_23",10,3,"fam","4",13.896,FALSE,294,"F"
"991",23,"C","fam","C_23",6,2,"fam","6",29.92,FALSE,294,"F"
"992",23,"C","test","C_23",6,2,"fam","6",32.669,FALSE,294,"F"
"993",23,"C","fam","C_23",7,4,"nov","6",25.963,FALSE,294,"F"
"994",23,"C","test","C_23",8,4,"nov","6",53.265,FALSE,294,"F"
"995",24,"C","fam","C_24",1,4,"fam","2",9.999,FALSE,261,"M"
"996",24,"C","test","C_24",1,4,"fam","2",6.236,FALSE,261,"M"
"997",24,"C","fam","C_24",4,6,"nov","2",6.202,FALSE,261,"M"
"998",24,"C","test","C_24",3,6,"nov","2",20.722,FALSE,261,"M"
"999",24,"C","fam","C_24",9,3,"nov","4",8.594,FALSE,261,"M"
"1000",24,"C","test","C_24",10,3,"nov","4",1.835,TRUE,261,"M"
"1001",24,"C","fam","C_24",11,5,"fam","4",19.999,FALSE,261,"M"
"1002",24,"C","test","C_24",11,5,"fam","4",17.828,FALSE,261,"M"
"1003",24,"C","fam","C_24",8,1,"fam","6",29.999,FALSE,261,"M"
"1004",24,"C","test","C_24",8,1,"fam","6",34.849,FALSE,261,"M"
"1005",24,"C","fam","C_24",6,2,"nov","6",29.999,FALSE,261,"M"
"1006",24,"C","test","C_24",5,2,"nov","6",8.909,FALSE,261,"M"
"1007",25,"C","fam","C_25",1,1,"nov","2",9.999,TRUE,265,"M"
"1008",25,"C","test","C_25",2,1,"nov","2",12.684,TRUE,265,"M"
"1009",25,"C","fam","C_25",9,3,"fam","2",9.999,TRUE,265,"M"
"1010",25,"C","test","C_25",9,3,"fam","2",15.16,TRUE,265,"M"
"1011",25,"C","fam","C_25",4,2,"fam","4",19.999,TRUE,265,"M"
"1012",25,"C","test","C_25",4,2,"fam","4",12.902,TRUE,265,"M"
"1013",25,"C","fam","C_25",8,4,"nov","4",19.999,TRUE,265,"M"
"1014",25,"C","test","C_25",7,4,"nov","4",18.776,TRUE,265,"M"
"1015",25,"C","fam","C_25",11,5,"nov","6",28,TRUE,265,"M"
"1016",25,"C","test","C_25",12,5,"nov","6",11.868,TRUE,265,"M"
"1017",25,"C","fam","C_25",6,6,"fam","6",8.633,TRUE,265,"M"
"1018",25,"C","test","C_25",6,6,"fam","6",6.994,TRUE,265,"M"
"1019",26,"C","fam","C_26",1,1,"nov","2",5.59,TRUE,339,"M"
"1020",26,"C","test","C_26",2,1,"nov","2",3.393,TRUE,339,"M"
"1021",26,"C","fam","C_26",6,3,"fam","2",0.481,TRUE,339,"M"
"1022",26,"C","test","C_26",6,3,"fam","2",0.917999999999999,TRUE,339,"M"
"1023",26,"C","fam","C_26",3,2,"fam","4",11.735,TRUE,339,"M"
"1024",26,"C","test","C_26",3,2,"fam","4",6.135,TRUE,339,"M"
"1025",26,"C","fam","C_26",9,4,"nov","4",0.478999999999999,TRUE,339,"M"
"1026",26,"C","test","C_26",10,4,"nov","4",6.759,TRUE,339,"M"
"1027",26,"C","fam","C_26",12,5,"nov","6",0.280999999999999,TRUE,339,"M"
"1028",26,"C","test","C_26",11,5,"nov","6",5.487,TRUE,339,"M"
"1029",26,"C","fam","C_26",8,6,"fam","6",5.888,TRUE,339,"M"
"1030",26,"C","test","C_26",8,6,"fam","6",2.009,TRUE,339,"M"
"1031",27,"C","fam","C_27",1,1,"nov","2",4.792,FALSE,303,"M"
"1032",27,"C","test","C_27",2,1,"nov","2",36.908,FALSE,303,"M"
"1033",27,"C","fam","C_27",12,3,"fam","2",9.999,FALSE,303,"M"
"1034",27,"C","test","C_27",12,3,"fam","2",8.534,FALSE,303,"M"
"1035",27,"C","fam","C_27",5,2,"fam","4",19.999,FALSE,303,"M"
"1036",27,"C","test","C_27",5,2,"fam","4",20.018,FALSE,303,"M"
"1037",27,"C","fam","C_27",10,4,"nov","4",2.221,TRUE,303,"M"
"1038",27,"C","test","C_27",9,4,"nov","4",0.760999999999999,TRUE,303,"M"
"1039",27,"C","fam","C_27",3,5,"nov","6",5.534,TRUE,303,"M"
"1040",27,"C","test","C_27",4,5,"nov","6",3.968,TRUE,303,"M"
"1041",27,"C","fam","C_27",8,6,"fam","6",0.143,TRUE,303,"M"
"1042",27,"C","test","C_27",8,6,"fam","6",0.05,TRUE,303,"M"
"1043",28,"C","fam","C_28",3,2,"fam","2",9.999,FALSE,302,"M"
"1044",28,"C","test","C_28",3,2,"fam","2",6.142,FALSE,302,"M"
"1045",28,"C","fam","C_28",10,4,"nov","2",9.999,FALSE,302,"M"
"1046",28,"C","test","C_28",9,4,"nov","2",9.022,FALSE,302,"M"
"1047",28,"C","fam","C_28",12,5,"nov","4",19.68,FALSE,302,"M"
"1048",28,"C","test","C_28",11,5,"nov","4",5.232,FALSE,302,"M"
"1049",28,"C","fam","C_28",1,6,"fam","4",16.481,FALSE,302,"M"
"1050",28,"C","test","C_28",1,6,"fam","4",3.014,FALSE,302,"M"
"1051",28,"C","fam","C_28",7,1,"nov","6",28.393,FALSE,302,"M"
"1052",28,"C","test","C_28",8,1,"nov","6",24.321,FALSE,302,"M"
"1053",28,"C","fam","C_28",6,3,"fam","6",8.821,FALSE,302,"M"
"1054",28,"C","test","C_28",6,3,"fam","6",6.881,FALSE,302,"M"
"1055",29,"C","fam","C_29",10,1,"fam","2",9.999,FALSE,297,"F"
"1056",29,"C","test","C_29",10,1,"fam","2",60,FALSE,297,"F"
"1057",29,"C","fam","C_29",6,2,"nov","2",9.999,FALSE,297,"F"
"1058",29,"C","test","C_29",5,2,"nov","2",58.081,FALSE,297,"F"
"1059",29,"C","fam","C_29",4,4,"fam","4",19.999,FALSE,297,"F"
"1060",29,"C","test","C_29",4,4,"fam","4",19.354,FALSE,297,"F"
"1061",29,"C","fam","C_29",7,6,"nov","4",15.801,TRUE,297,"F"
"1062",29,"C","test","C_29",8,6,"nov","4",4.646,TRUE,297,"F"
"1063",29,"C","fam","C_29",11,3,"nov","6",29.999,FALSE,297,"F"
"1064",29,"C","test","C_29",12,3,"nov","6",21.528,FALSE,297,"F"
"1065",29,"C","fam","C_29",1,5,"fam","6",29.522,FALSE,297,"F"
"1066",29,"C","test","C_29",1,5,"fam","6",6.386,FALSE,297,"F"
"1067",30,"C","fam","C_30",2,1,"nov","2",9.999,FALSE,231,"M"
"1068",30,"C","test","C_30",1,1,"nov","2",15.992,FALSE,231,"M"
"1069",30,"C","fam","C_30",10,3,"fam","2",8.96,FALSE,231,"M"
"1070",30,"C","test","C_30",10,3,"fam","2",4.647,FALSE,231,"M"
"1071",30,"C","fam","C_30",11,2,"fam","4",18.645,FALSE,231,"M"
"1072",30,"C","test","C_30",11,2,"fam","4",14.837,FALSE,231,"M"
"1073",30,"C","fam","C_30",4,4,"nov","4",11.261,FALSE,231,"M"
"1074",30,"C","test","C_30",3,4,"nov","4",6.194,FALSE,231,"M"
"1075",30,"C","fam","C_30",7,5,"nov","6",24.123,FALSE,231,"M"
"1076",30,"C","test","C_30",8,5,"nov","6",4.992,FALSE,231,"M"
"1077",30,"C","fam","C_30",5,6,"fam","6",16.619,FALSE,231,"M"
"1078",30,"C","test","C_30",5,6,"fam","6",6.219,FALSE,231,"M"
"1079",31,"C","fam","C_31",12,3,"nov","2",2.242,TRUE,252,"M"
"1080",31,"C","test","C_31",11,3,"nov","2",4.765,FALSE,252,"M"
"1081",31,"C","fam","C_31",5,5,"fam","2",8.044,TRUE,252,"M"
"1082",31,"C","test","C_31",5,5,"fam","2",3.897,FALSE,252,"M"
"1083",31,"C","fam","C_31",2,1,"fam","4",13.452,FALSE,252,"M"
"1084",31,"C","test","C_31",2,1,"fam","4",2.952,FALSE,252,"M"
"1085",31,"C","fam","C_31",3,2,"nov","4",1.782,TRUE,252,"M"
"1086",31,"C","test","C_31",4,2,"nov","4",0.05,TRUE,252,"M"
"1087",31,"C","fam","C_31",7,4,"fam","6",6.056,FALSE,252,"M"
"1088",31,"C","test","C_31",7,4,"fam","6",4.377,FALSE,252,"M"
"1089",31,"C","fam","C_31",10,6,"nov","6",17.61,FALSE,252,"M"
"1090",31,"C","test","C_31",9,6,"nov","6",6.35,FALSE,252,"M"
"1091",32,"C","fam","C_32",1,5,"nov","2",0.728,TRUE,275,"M"
"1092",32,"C","test","C_32",2,5,"nov","2",9.808,FALSE,275,"M"
"1093",32,"C","fam","C_32",6,6,"fam","2",9.999,FALSE,275,"M"
"1094",32,"C","test","C_32",6,6,"fam","2",5.818,FALSE,275,"M"
"1095",32,"C","fam","C_32",8,1,"nov","4",19.999,FALSE,275,"M"
"1096",32,"C","test","C_32",7,1,"nov","4",0.630000000000003,TRUE,275,"M"
"1097",32,"C","fam","C_32",12,3,"fam","4",19.72,FALSE,275,"M"
"1098",32,"C","test","C_32",12,3,"fam","4",7.32,FALSE,275,"M"
"1099",32,"C","fam","C_32",3,2,"fam","6",28.92,FALSE,275,"M"
"1100",32,"C","test","C_32",3,2,"fam","6",10.184,FALSE,275,"M"
"1101",32,"C","fam","C_32",9,4,"nov","6",16.955,FALSE,275,"M"
"1102",32,"C","test","C_32",10,4,"nov","6",8.714,FALSE,275,"M"
"1103",33,"C","fam","C_33",7,4,"fam","2",9.162,FALSE,270,"F"
"1104",33,"C","test","C_33",7,4,"fam","2",23.559,FALSE,270,"F"
"1105",33,"C","fam","C_33",6,6,"nov","2",9.999,FALSE,270,"F"
"1106",33,"C","test","C_33",5,6,"nov","2",14.155,FALSE,270,"F"
"1107",33,"C","fam","C_33",9,3,"nov","4",19.999,FALSE,270,"F"
"1108",33,"C","test","C_33",10,3,"nov","4",13.941,FALSE,270,"F"
"1109",33,"C","fam","C_33",12,5,"fam","4",19.999,FALSE,270,"F"
"1110",33,"C","test","C_33",12,5,"fam","4",14.462,FALSE,270,"F"
"1111",33,"C","fam","C_33",2,1,"fam","6",28.48,FALSE,270,"F"
"1112",33,"C","test","C_33",2,1,"fam","6",3.35,FALSE,270,"F"
"1113",33,"C","fam","C_33",3,2,"nov","6",29.999,FALSE,270,"F"
"1114",33,"C","test","C_33",4,2,"nov","6",28.656,FALSE,270,"F"
"1115",34,"C","fam","C_34",NA,2,"fam","2",9.999,FALSE,279,"M"
"1116",34,"C","test","C_34",NA,2,"fam","2",6.675,FALSE,279,"M"
"1117",34,"C","fam","C_34",NA,4,"nov","2",9.999,TRUE,279,"M"
"1118",34,"C","test","C_34",NA,4,"nov","2",44.027,TRUE,279,"M"
"1119",34,"C","fam","C_34",NA,5,"nov","4",19.999,TRUE,279,"M"
"1120",34,"C","test","C_34",NA,5,"nov","4",49.409,TRUE,279,"M"
"1121",34,"C","fam","C_34",NA,6,"fam","4",19.999,FALSE,279,"M"
"1122",34,"C","test","C_34",NA,6,"fam","4",31.395,FALSE,279,"M"
"1123",34,"C","fam","C_34",NA,1,"nov","6",27.842,FALSE,279,"M"
"1124",34,"C","test","C_34",NA,1,"nov","6",14.418,FALSE,279,"M"
"1125",34,"C","fam","C_34",NA,3,"fam","6",27.028,FALSE,279,"M"
"1126",34,"C","test","C_34",NA,3,"fam","6",3.001,FALSE,279,"M"
"1127",35,"C","fam","C_35",NA,4,"fam","2",6.922,TRUE,278,"M"
"1128",35,"C","test","C_35",NA,4,"fam","2",4.321,TRUE,278,"M"
"1129",35,"C","fam","C_35",NA,6,"nov","2",2.895,TRUE,278,"M"
"1130",35,"C","test","C_35",NA,6,"nov","2",8.015,TRUE,278,"M"
"1131",35,"C","fam","C_35",NA,3,"nov","4",8.825,TRUE,278,"M"
"1132",35,"C","test","C_35",NA,3,"nov","4",1.842,TRUE,278,"M"
"1133",35,"C","fam","C_35",NA,5,"fam","4",13.2,TRUE,278,"M"
"1134",35,"C","test","C_35",NA,5,"fam","4",7.449,TRUE,278,"M"
"1135",35,"C","fam","C_35",NA,1,"fam","6",11.151,TRUE,278,"M"
"1136",35,"C","test","C_35",NA,1,"fam","6",5.11,TRUE,278,"M"
"1137",35,"C","fam","C_35",NA,2,"nov","6",17.054,TRUE,278,"M"
"1138",35,"C","test","C_35",NA,2,"nov","6",5.535,TRUE,278,"M"
"1139",36,"C","fam","C_36",NA,3,"nov","2",8.202,TRUE,239,"M"
"1140",36,"C","test","C_36",NA,3,"nov","2",16.731,TRUE,239,"M"
"1141",36,"C","fam","C_36",NA,5,"fam","2",4.662,TRUE,239,"M"
"1142",36,"C","test","C_36",NA,5,"fam","2",2.727,TRUE,239,"M"
"1143",36,"C","fam","C_36",NA,1,"fam","4",14.97,TRUE,239,"M"
"1144",36,"C","test","C_36",NA,1,"fam","4",36.38,TRUE,239,"M"
"1145",36,"C","fam","C_36",NA,2,"nov","4",18.269,TRUE,239,"M"
"1146",36,"C","test","C_36",NA,2,"nov","4",14.741,TRUE,239,"M"
"1147",36,"C","fam","C_36",NA,4,"fam","6",6.126,TRUE,239,"M"
"1148",36,"C","test","C_36",NA,4,"fam","6",3.126,TRUE,239,"M"
"1149",36,"C","fam","C_36",NA,6,"nov","6",1.602,TRUE,239,"M"
"1150",36,"C","test","C_36",NA,6,"nov","6",1.845,TRUE,239,"M"
"1151",37,"C","fam","C_37",NA,5,"nov","2",9.999,FALSE,263,"M"
"1152",37,"C","test","C_37",NA,5,"nov","2",26,FALSE,263,"M"
"1153",37,"C","fam","C_37",NA,6,"fam","2",9.88,FALSE,263,"M"
"1154",37,"C","test","C_37",NA,6,"fam","2",28.868,FALSE,263,"M"
"1155",37,"C","fam","C_37",NA,1,"nov","4",19.999,FALSE,263,"M"
"1156",37,"C","test","C_37",NA,1,"nov","4",57.724,FALSE,263,"M"
"1157",37,"C","fam","C_37",NA,3,"fam","4",19.999,FALSE,263,"M"
"1158",37,"C","test","C_37",NA,3,"fam","4",4.388,FALSE,263,"M"
"1159",37,"C","fam","C_37",NA,2,"fam","6",27.681,FALSE,263,"M"
"1160",37,"C","test","C_37",NA,2,"fam","6",32.649,FALSE,263,"M"
"1161",37,"C","fam","C_37",NA,4,"nov","6",29.361,TRUE,263,"M"
"1162",37,"C","test","C_37",NA,4,"nov","6",8.9,TRUE,263,"M"
