param_id,linking_hypothesis,mu_prior,hypothetical_obs_grid_n,max_observation,batch_n,jitter_n,quad_a,quad_b,quad_c,V_prior,alpha_prior,beta_prior,epsilon,mu_epsilon,sd_epsilon,world_EIGs,forced_exposure_max
0,surprisal,0,5,500,5,20,999,999,999,1,0.1,0.1,0.0001,0.001,0.1,0.3,5
1,surprisal,0,5,500,5,20,999,999,999,1,0.1,0.1,0.0001,0.001,0.1,0.6,5
2,surprisal,0,5,500,5,20,999,999,999,1,0.1,0.1,0.0001,0.001,0.5,0.3,5
3,surprisal,0,5,500,5,20,999,999,999,1,0.1,0.1,0.0001,0.001,0.5,0.6,5
4,surprisal,0,5,500,5,20,999,999,999,1,0.1,0.1,0.0001,0.001,1.0,0.3,5
5,surprisal,0,5,500,5,20,999,999,999,1,0.1,0.1,0.0001,0.001,1.0,0.6,5
6,surprisal,0,5,500,5,20,999,999,999,1,0.1,1.0,0.0001,0.001,0.1,0.3,5
7,surprisal,0,5,500,5,20,999,999,999,1,0.1,1.0,0.0001,0.001,0.1,0.6,5
8,surprisal,0,5,500,5,20,999,999,999,1,0.1,1.0,0.0001,0.001,0.5,0.3,5
9,surprisal,0,5,500,5,20,999,999,999,1,0.1,1.0,0.0001,0.001,0.5,0.6,5
10,surprisal,0,5,500,5,20,999,999,999,1,0.1,1.0,0.0001,0.001,1.0,0.3,5
11,surprisal,0,5,500,5,20,999,999,999,1,0.1,1.0,0.0001,0.001,1.0,0.6,5
12,surprisal,0,5,500,5,20,999,999,999,1,0.1,10.0,0.0001,0.001,0.1,0.3,5
13,surprisal,0,5,500,5,20,999,999,999,1,0.1,10.0,0.0001,0.001,0.1,0.6,5
14,surprisal,0,5,500,5,20,999,999,999,1,0.1,10.0,0.0001,0.001,0.5,0.3,5
15,surprisal,0,5,500,5,20,999,999,999,1,0.1,10.0,0.0001,0.001,0.5,0.6,5
16,surprisal,0,5,500,5,20,999,999,999,1,0.1,10.0,0.0001,0.001,1.0,0.3,5
17,surprisal,0,5,500,5,20,999,999,999,1,0.1,10.0,0.0001,0.001,1.0,0.6,5
18,surprisal,0,5,500,5,20,999,999,999,1,1.0,0.1,0.0001,0.001,0.1,0.3,5
19,surprisal,0,5,500,5,20,999,999,999,1,1.0,0.1,0.0001,0.001,0.1,0.6,5
20,surprisal,0,5,500,5,20,999,999,999,1,1.0,0.1,0.0001,0.001,0.5,0.3,5
21,surprisal,0,5,500,5,20,999,999,999,1,1.0,0.1,0.0001,0.001,0.5,0.6,5
22,surprisal,0,5,500,5,20,999,999,999,1,1.0,0.1,0.0001,0.001,1.0,0.3,5
23,surprisal,0,5,500,5,20,999,999,999,1,1.0,0.1,0.0001,0.001,1.0,0.6,5
24,surprisal,0,5,500,5,20,999,999,999,1,1.0,1.0,0.0001,0.001,0.1,0.3,5
25,surprisal,0,5,500,5,20,999,999,999,1,1.0,1.0,0.0001,0.001,0.1,0.6,5
26,surprisal,0,5,500,5,20,999,999,999,1,1.0,1.0,0.0001,0.001,0.5,0.3,5
27,surprisal,0,5,500,5,20,999,999,999,1,1.0,1.0,0.0001,0.001,0.5,0.6,5
28,surprisal,0,5,500,5,20,999,999,999,1,1.0,1.0,0.0001,0.001,1.0,0.3,5
29,surprisal,0,5,500,5,20,999,999,999,1,1.0,1.0,0.0001,0.001,1.0,0.6,5
30,surprisal,0,5,500,5,20,999,999,999,1,1.0,10.0,0.0001,0.001,0.1,0.3,5
31,surprisal,0,5,500,5,20,999,999,999,1,1.0,10.0,0.0001,0.001,0.1,0.6,5
32,surprisal,0,5,500,5,20,999,999,999,1,1.0,10.0,0.0001,0.001,0.5,0.3,5
33,surprisal,0,5,500,5,20,999,999,999,1,1.0,10.0,0.0001,0.001,0.5,0.6,5
34,surprisal,0,5,500,5,20,999,999,999,1,1.0,10.0,0.0001,0.001,1.0,0.3,5
35,surprisal,0,5,500,5,20,999,999,999,1,1.0,10.0,0.0001,0.001,1.0,0.6,5
36,surprisal,0,5,500,5,20,999,999,999,1,10.0,0.1,0.0001,0.001,0.1,0.3,5
37,surprisal,0,5,500,5,20,999,999,999,1,10.0,0.1,0.0001,0.001,0.1,0.6,5
38,surprisal,0,5,500,5,20,999,999,999,1,10.0,0.1,0.0001,0.001,0.5,0.3,5
39,surprisal,0,5,500,5,20,999,999,999,1,10.0,0.1,0.0001,0.001,0.5,0.6,5
40,surprisal,0,5,500,5,20,999,999,999,1,10.0,0.1,0.0001,0.001,1.0,0.3,5
41,surprisal,0,5,500,5,20,999,999,999,1,10.0,0.1,0.0001,0.001,1.0,0.6,5
42,surprisal,0,5,500,5,20,999,999,999,1,10.0,1.0,0.0001,0.001,0.1,0.3,5
43,surprisal,0,5,500,5,20,999,999,999,1,10.0,1.0,0.0001,0.001,0.1,0.6,5
44,surprisal,0,5,500,5,20,999,999,999,1,10.0,1.0,0.0001,0.001,0.5,0.3,5
45,surprisal,0,5,500,5,20,999,999,999,1,10.0,1.0,0.0001,0.001,0.5,0.6,5
46,surprisal,0,5,500,5,20,999,999,999,1,10.0,1.0,0.0001,0.001,1.0,0.3,5
47,surprisal,0,5,500,5,20,999,999,999,1,10.0,1.0,0.0001,0.001,1.0,0.6,5
48,surprisal,0,5,500,5,20,999,999,999,1,10.0,10.0,0.0001,0.001,0.1,0.3,5
49,surprisal,0,5,500,5,20,999,999,999,1,10.0,10.0,0.0001,0.001,0.1,0.6,5
50,surprisal,0,5,500,5,20,999,999,999,1,10.0,10.0,0.0001,0.001,0.5,0.3,5
51,surprisal,0,5,500,5,20,999,999,999,1,10.0,10.0,0.0001,0.001,0.5,0.6,5
52,surprisal,0,5,500,5,20,999,999,999,1,10.0,10.0,0.0001,0.001,1.0,0.3,5
53,surprisal,0,5,500,5,20,999,999,999,1,10.0,10.0,0.0001,0.001,1.0,0.6,5
54,surprisal,0,5,500,5,20,999,999,999,2,0.1,0.1,0.0001,0.001,0.1,0.3,5
55,surprisal,0,5,500,5,20,999,999,999,2,0.1,0.1,0.0001,0.001,0.1,0.6,5
56,surprisal,0,5,500,5,20,999,999,999,2,0.1,0.1,0.0001,0.001,0.5,0.3,5
57,surprisal,0,5,500,5,20,999,999,999,2,0.1,0.1,0.0001,0.001,0.5,0.6,5
58,surprisal,0,5,500,5,20,999,999,999,2,0.1,0.1,0.0001,0.001,1.0,0.3,5
59,surprisal,0,5,500,5,20,999,999,999,2,0.1,0.1,0.0001,0.001,1.0,0.6,5
60,surprisal,0,5,500,5,20,999,999,999,2,0.1,1.0,0.0001,0.001,0.1,0.3,5
61,surprisal,0,5,500,5,20,999,999,999,2,0.1,1.0,0.0001,0.001,0.1,0.6,5
62,surprisal,0,5,500,5,20,999,999,999,2,0.1,1.0,0.0001,0.001,0.5,0.3,5
63,surprisal,0,5,500,5,20,999,999,999,2,0.1,1.0,0.0001,0.001,0.5,0.6,5
64,surprisal,0,5,500,5,20,999,999,999,2,0.1,1.0,0.0001,0.001,1.0,0.3,5
65,surprisal,0,5,500,5,20,999,999,999,2,0.1,1.0,0.0001,0.001,1.0,0.6,5
66,surprisal,0,5,500,5,20,999,999,999,2,0.1,10.0,0.0001,0.001,0.1,0.3,5
67,surprisal,0,5,500,5,20,999,999,999,2,0.1,10.0,0.0001,0.001,0.1,0.6,5
68,surprisal,0,5,500,5,20,999,999,999,2,0.1,10.0,0.0001,0.001,0.5,0.3,5
69,surprisal,0,5,500,5,20,999,999,999,2,0.1,10.0,0.0001,0.001,0.5,0.6,5
70,surprisal,0,5,500,5,20,999,999,999,2,0.1,10.0,0.0001,0.001,1.0,0.3,5
71,surprisal,0,5,500,5,20,999,999,999,2,0.1,10.0,0.0001,0.001,1.0,0.6,5
72,surprisal,0,5,500,5,20,999,999,999,2,1.0,0.1,0.0001,0.001,0.1,0.3,5
73,surprisal,0,5,500,5,20,999,999,999,2,1.0,0.1,0.0001,0.001,0.1,0.6,5
74,surprisal,0,5,500,5,20,999,999,999,2,1.0,0.1,0.0001,0.001,0.5,0.3,5
75,surprisal,0,5,500,5,20,999,999,999,2,1.0,0.1,0.0001,0.001,0.5,0.6,5
76,surprisal,0,5,500,5,20,999,999,999,2,1.0,0.1,0.0001,0.001,1.0,0.3,5
77,surprisal,0,5,500,5,20,999,999,999,2,1.0,0.1,0.0001,0.001,1.0,0.6,5
78,surprisal,0,5,500,5,20,999,999,999,2,1.0,1.0,0.0001,0.001,0.1,0.3,5
79,surprisal,0,5,500,5,20,999,999,999,2,1.0,1.0,0.0001,0.001,0.1,0.6,5
80,surprisal,0,5,500,5,20,999,999,999,2,1.0,1.0,0.0001,0.001,0.5,0.3,5
81,surprisal,0,5,500,5,20,999,999,999,2,1.0,1.0,0.0001,0.001,0.5,0.6,5
82,surprisal,0,5,500,5,20,999,999,999,2,1.0,1.0,0.0001,0.001,1.0,0.3,5
83,surprisal,0,5,500,5,20,999,999,999,2,1.0,1.0,0.0001,0.001,1.0,0.6,5
84,surprisal,0,5,500,5,20,999,999,999,2,1.0,10.0,0.0001,0.001,0.1,0.3,5
85,surprisal,0,5,500,5,20,999,999,999,2,1.0,10.0,0.0001,0.001,0.1,0.6,5
86,surprisal,0,5,500,5,20,999,999,999,2,1.0,10.0,0.0001,0.001,0.5,0.3,5
87,surprisal,0,5,500,5,20,999,999,999,2,1.0,10.0,0.0001,0.001,0.5,0.6,5
88,surprisal,0,5,500,5,20,999,999,999,2,1.0,10.0,0.0001,0.001,1.0,0.3,5
89,surprisal,0,5,500,5,20,999,999,999,2,1.0,10.0,0.0001,0.001,1.0,0.6,5
90,surprisal,0,5,500,5,20,999,999,999,2,10.0,0.1,0.0001,0.001,0.1,0.3,5
91,surprisal,0,5,500,5,20,999,999,999,2,10.0,0.1,0.0001,0.001,0.1,0.6,5
92,surprisal,0,5,500,5,20,999,999,999,2,10.0,0.1,0.0001,0.001,0.5,0.3,5
93,surprisal,0,5,500,5,20,999,999,999,2,10.0,0.1,0.0001,0.001,0.5,0.6,5
94,surprisal,0,5,500,5,20,999,999,999,2,10.0,0.1,0.0001,0.001,1.0,0.3,5
95,surprisal,0,5,500,5,20,999,999,999,2,10.0,0.1,0.0001,0.001,1.0,0.6,5
96,surprisal,0,5,500,5,20,999,999,999,2,10.0,1.0,0.0001,0.001,0.1,0.3,5
97,surprisal,0,5,500,5,20,999,999,999,2,10.0,1.0,0.0001,0.001,0.1,0.6,5
98,surprisal,0,5,500,5,20,999,999,999,2,10.0,1.0,0.0001,0.001,0.5,0.3,5
99,surprisal,0,5,500,5,20,999,999,999,2,10.0,1.0,0.0001,0.001,0.5,0.6,5
100,surprisal,0,5,500,5,20,999,999,999,2,10.0,1.0,0.0001,0.001,1.0,0.3,5
101,surprisal,0,5,500,5,20,999,999,999,2,10.0,1.0,0.0001,0.001,1.0,0.6,5
102,surprisal,0,5,500,5,20,999,999,999,2,10.0,10.0,0.0001,0.001,0.1,0.3,5
103,surprisal,0,5,500,5,20,999,999,999,2,10.0,10.0,0.0001,0.001,0.1,0.6,5
104,surprisal,0,5,500,5,20,999,999,999,2,10.0,10.0,0.0001,0.001,0.5,0.3,5
105,surprisal,0,5,500,5,20,999,999,999,2,10.0,10.0,0.0001,0.001,0.5,0.6,5
106,surprisal,0,5,500,5,20,999,999,999,2,10.0,10.0,0.0001,0.001,1.0,0.3,5
107,surprisal,0,5,500,5,20,999,999,999,2,10.0,10.0,0.0001,0.001,1.0,0.6,5
108,surprisal,0,5,500,5,20,999,999,999,3,0.1,0.1,0.0001,0.001,0.1,0.3,5
109,surprisal,0,5,500,5,20,999,999,999,3,0.1,0.1,0.0001,0.001,0.1,0.6,5
110,surprisal,0,5,500,5,20,999,999,999,3,0.1,0.1,0.0001,0.001,0.5,0.3,5
111,surprisal,0,5,500,5,20,999,999,999,3,0.1,0.1,0.0001,0.001,0.5,0.6,5
112,surprisal,0,5,500,5,20,999,999,999,3,0.1,0.1,0.0001,0.001,1.0,0.3,5
113,surprisal,0,5,500,5,20,999,999,999,3,0.1,0.1,0.0001,0.001,1.0,0.6,5
114,surprisal,0,5,500,5,20,999,999,999,3,0.1,1.0,0.0001,0.001,0.1,0.3,5
115,surprisal,0,5,500,5,20,999,999,999,3,0.1,1.0,0.0001,0.001,0.1,0.6,5
116,surprisal,0,5,500,5,20,999,999,999,3,0.1,1.0,0.0001,0.001,0.5,0.3,5
117,surprisal,0,5,500,5,20,999,999,999,3,0.1,1.0,0.0001,0.001,0.5,0.6,5
118,surprisal,0,5,500,5,20,999,999,999,3,0.1,1.0,0.0001,0.001,1.0,0.3,5
119,surprisal,0,5,500,5,20,999,999,999,3,0.1,1.0,0.0001,0.001,1.0,0.6,5
120,surprisal,0,5,500,5,20,999,999,999,3,0.1,10.0,0.0001,0.001,0.1,0.3,5
121,surprisal,0,5,500,5,20,999,999,999,3,0.1,10.0,0.0001,0.001,0.1,0.6,5
122,surprisal,0,5,500,5,20,999,999,999,3,0.1,10.0,0.0001,0.001,0.5,0.3,5
123,surprisal,0,5,500,5,20,999,999,999,3,0.1,10.0,0.0001,0.001,0.5,0.6,5
124,surprisal,0,5,500,5,20,999,999,999,3,0.1,10.0,0.0001,0.001,1.0,0.3,5
125,surprisal,0,5,500,5,20,999,999,999,3,0.1,10.0,0.0001,0.001,1.0,0.6,5
126,surprisal,0,5,500,5,20,999,999,999,3,1.0,0.1,0.0001,0.001,0.1,0.3,5
127,surprisal,0,5,500,5,20,999,999,999,3,1.0,0.1,0.0001,0.001,0.1,0.6,5
128,surprisal,0,5,500,5,20,999,999,999,3,1.0,0.1,0.0001,0.001,0.5,0.3,5
129,surprisal,0,5,500,5,20,999,999,999,3,1.0,0.1,0.0001,0.001,0.5,0.6,5
130,surprisal,0,5,500,5,20,999,999,999,3,1.0,0.1,0.0001,0.001,1.0,0.3,5
131,surprisal,0,5,500,5,20,999,999,999,3,1.0,0.1,0.0001,0.001,1.0,0.6,5
132,surprisal,0,5,500,5,20,999,999,999,3,1.0,1.0,0.0001,0.001,0.1,0.3,5
133,surprisal,0,5,500,5,20,999,999,999,3,1.0,1.0,0.0001,0.001,0.1,0.6,5
134,surprisal,0,5,500,5,20,999,999,999,3,1.0,1.0,0.0001,0.001,0.5,0.3,5
135,surprisal,0,5,500,5,20,999,999,999,3,1.0,1.0,0.0001,0.001,0.5,0.6,5
136,surprisal,0,5,500,5,20,999,999,999,3,1.0,1.0,0.0001,0.001,1.0,0.3,5
137,surprisal,0,5,500,5,20,999,999,999,3,1.0,1.0,0.0001,0.001,1.0,0.6,5
138,surprisal,0,5,500,5,20,999,999,999,3,1.0,10.0,0.0001,0.001,0.1,0.3,5
139,surprisal,0,5,500,5,20,999,999,999,3,1.0,10.0,0.0001,0.001,0.1,0.6,5
140,surprisal,0,5,500,5,20,999,999,999,3,1.0,10.0,0.0001,0.001,0.5,0.3,5
141,surprisal,0,5,500,5,20,999,999,999,3,1.0,10.0,0.0001,0.001,0.5,0.6,5
142,surprisal,0,5,500,5,20,999,999,999,3,1.0,10.0,0.0001,0.001,1.0,0.3,5
143,surprisal,0,5,500,5,20,999,999,999,3,1.0,10.0,0.0001,0.001,1.0,0.6,5
144,surprisal,0,5,500,5,20,999,999,999,3,10.0,0.1,0.0001,0.001,0.1,0.3,5
145,surprisal,0,5,500,5,20,999,999,999,3,10.0,0.1,0.0001,0.001,0.1,0.6,5
146,surprisal,0,5,500,5,20,999,999,999,3,10.0,0.1,0.0001,0.001,0.5,0.3,5
147,surprisal,0,5,500,5,20,999,999,999,3,10.0,0.1,0.0001,0.001,0.5,0.6,5
148,surprisal,0,5,500,5,20,999,999,999,3,10.0,0.1,0.0001,0.001,1.0,0.3,5
149,surprisal,0,5,500,5,20,999,999,999,3,10.0,0.1,0.0001,0.001,1.0,0.6,5
150,surprisal,0,5,500,5,20,999,999,999,3,10.0,1.0,0.0001,0.001,0.1,0.3,5
151,surprisal,0,5,500,5,20,999,999,999,3,10.0,1.0,0.0001,0.001,0.1,0.6,5
152,surprisal,0,5,500,5,20,999,999,999,3,10.0,1.0,0.0001,0.001,0.5,0.3,5
153,surprisal,0,5,500,5,20,999,999,999,3,10.0,1.0,0.0001,0.001,0.5,0.6,5
154,surprisal,0,5,500,5,20,999,999,999,3,10.0,1.0,0.0001,0.001,1.0,0.3,5
155,surprisal,0,5,500,5,20,999,999,999,3,10.0,1.0,0.0001,0.001,1.0,0.6,5
156,surprisal,0,5,500,5,20,999,999,999,3,10.0,10.0,0.0001,0.001,0.1,0.3,5
157,surprisal,0,5,500,5,20,999,999,999,3,10.0,10.0,0.0001,0.001,0.1,0.6,5
158,surprisal,0,5,500,5,20,999,999,999,3,10.0,10.0,0.0001,0.001,0.5,0.3,5
159,surprisal,0,5,500,5,20,999,999,999,3,10.0,10.0,0.0001,0.001,0.5,0.6,5
160,surprisal,0,5,500,5,20,999,999,999,3,10.0,10.0,0.0001,0.001,1.0,0.3,5
161,surprisal,0,5,500,5,20,999,999,999,3,10.0,10.0,0.0001,0.001,1.0,0.6,5
